{"type":"FeatureCollection","attribution":"geoBoundaries gbOpen IND ADM1/ADM2 (rev 9469f09), Open Database License 1.0","features":[{"type":"Feature","properties":{"name":"Nicobars","state":"Andaman and Nicobar Islands","level":"district"},"geometry":{"type":"MultiPolygon","coordinates":[[[[93.8824,7.2037],[93.8261,7.2373],[93.8092,7.2275],[93.8036,7.201],[93.7932,7.2129],[93.7769,7.2112],[93.7988,7.1983],[93.7931,7.1897],[93.7791,7.2053],[93.7753,7.1925],[93.7614,7.1929],[93.7606,7.2143],[93.7569,7.1993],[93.7497,7.1974],[93.7616,7.1889],[93.7462,7.1901],[93.751,7.2029],[93.732,7.1861],[93.6856,7.1893],[93.6752,7.1673],[93.6804,7.1402],[93.6566,7.125],[93.6597,7.1132],[93.6774,7.1211],[93.6879,7.1093],[93.659,7.0991],[93.6744,7.038],[93.6637,7.0081],[93.6842,7.0189],[93.7045,7.0123],[93.7067,7.0263],[93.7144,7.0124],[93.7053,6.9918],[93.7227,6.9948],[93.7398,6.9756],[93.7433,6.9901],[93.7467,6.9896],[93.7468,6.9764],[93.7323,6.9703],[93.7543,6.9558],[93.75,6.912],[93.7787,6.914],[93.7771,6.8943],[93.7873,6.9071],[93.7798,6.8857],[93.7953,6.875],[93.7807,6.8811],[93.7768,6.8637],[93.8083,6.8517],[93.7888,6.831],[93.801,6.8172],[93.8045,6.8307],[93.8145,6.8296],[93.8209,6.8147],[93.8057,6.7685],[93.8275,6.7565],[93.8458,6.7807],[93.8474,6.8141],[93.8653,6.8199],[93.8815,6.7945],[93.9018,6.814],[93.9097,6.8352],[93.8928,6.8462],[93.8962,6.9029],[93.9153,6.9129],[93.9077,6.9281],[93.9189,6.9498],[93.9445,6.9551],[93.9135,7.0005],[93.9268,7.0117],[93.9379,6.9905],[93.9472,6.9997],[93.9279,7.0263],[93.9156,7.0248],[93.9155,7.0478],[93.8876,7.0836],[93.8824,7.2037]]],[[[93.419,8.0096],[93.3779,8.0272],[93.3603,8.0087],[93.3463,8.0174],[93.3309,8.0096],[93.3105,7.9623],[93.3198,7.9325],[93.3321,7.9238],[93.3347,7.9371],[93.3583,7.9424],[93.3436,7.9191],[93.3551,7.89],[93.3779,7.883],[93.3984,7.9025],[93.4271,7.9066],[93.4617,7.8728],[93.4741,7.8928],[93.4648,7.9291],[93.4318,7.9674],[93.4119,7.9581],[93.4035,7.9972],[93.419,8.0096]]],[[[93.7121,7.443],[93.7035,7.4018],[93.7162,7.4008],[93.7177,7.3795],[93.6985,7.3936],[93.6697,7.3621],[93.6646,7.3795],[93.6331,7.3703],[93.6375,7.3206],[93.6224,7.3091],[93.635,7.287],[93.6294,7.2649],[93.6475,7.2443],[93.6784,7.2845],[93.7247,7.3099],[93.7557,7.3594],[93.7544,7.3761],[93.721,7.4022],[93.7121,7.443]]],[[[93.5213,8.2329],[93.4937,8.2209],[93.4946,8.1993],[93.4565,8.1735],[93.4652,8.1085],[93.4782,8.0904],[93.4907,8.0949],[93.4986,8.0806],[93.4808,8.0862],[93.4856,8.0515],[93.5147,8.0832],[93.5377,8.0794],[93.5241,8.0733],[93.5378,8.0668],[93.5182,8.045],[93.5097,8.0672],[93.508,8.0372],[93.4856,8.0441],[93.4861,8.0152],[93.5015,7.9967],[93.5064,8.0287],[93.5249,8.0324],[93.5291,8.0503],[93.5496,8.0361],[93.5465,8.0872],[93.524,8.1031],[93.501,8.1468],[93.5453,8.2018],[93.5416,8.2245],[93.5213,8.2329]]],[[[92.7797,9.2523],[92.7679,9.2159],[92.7213,9.2126],[92.7186,9.1531],[92.7326,9.1239],[92.8016,9.1197],[92.8288,9.1398],[92.8183,9.2136],[92.7797,9.2523]]],[[[93.1277,8.3544],[93.0954,8.3394],[93.0869,8.2711],[93.1208,8.2239],[93.2004,8.1955],[93.2047,8.2156],[93.1537,8.2426],[93.1273,8.2717],[93.1426,8.343],[93.1277,8.3544]]],[[[93.5472,8.0264],[93.5576,8.0141],[93.554,7.9881],[93.5318,8.0247],[93.525,7.9922],[93.5066,7.9967],[93.5078,7.9843],[93.5769,7.9293],[93.5821,7.9918],[93.563,8.0244],[93.5472,8.0264]]],[[[93.6152,8.5726],[93.611,8.5433],[93.6289,8.5002],[93.6187,8.48],[93.6223,8.4223],[93.6265,8.4672],[93.6417,8.4683],[93.6152,8.5726]]],[[[93.5792,8.1233],[93.5622,8.1192],[93.5803,8.1098],[93.5697,8.0949],[93.5895,8.0631],[93.5749,8.0724],[93.5744,8.0609],[93.5926,8.0381],[93.6007,8.05],[93.5792,8.1233]]],[[[93.2326,8.2642],[93.2217,8.242],[93.2488,8.2235],[93.2492,8.2409],[93.2326,8.2642]]],[[[93.0572,8.4394],[93.0435,8.4703],[93.0337,8.4531],[93.0572,8.4394]]],[[[92.8622,8.8238],[92.8541,8.8331],[92.8538,8.8202],[92.8622,8.8238]]],[[[93.721,7.2128],[93.7088,7.2305],[93.719,7.2067],[93.721,7.2128]]],[[[93.5403,7.5136],[93.5493,7.5181],[93.5426,7.5246],[93.5403,7.5136]]],[[[93.6943,7.3986],[93.6836,7.4055],[93.6887,7.3972],[93.6943,7.3986]]],[[[93.7718,7.3983],[93.7626,7.3973],[93.7692,7.3941],[93.7718,7.3983]]],[[[93.6516,7.4756],[93.6449,7.4715],[93.6515,7.4706],[93.6516,7.4756]]],[[[93.6333,7.4767],[93.6341,7.4783],[93.6325,7.4778],[93.6333,7.4767]]]]}},{"type":"Feature","properties":{"name":"North  & Middle Andaman","state":"Andaman and Nicobar Islands","level":"district"},"geometry":{"type":"MultiPolygon","coordinates":[[[[93.0291,13.5747],[93.0132,13.5669],[93.0103,13.5415],[92.9889,13.5708],[92.9872,13.5255],[92.9664,13.5442],[92.9173,13.5366],[92.9305,13.502],[92.9042,13.497],[92.8993,13.4763],[92.8724,13.472],[92.8839,13.4279],[92.869,13.4233],[92.866,13.3998],[92.8502,13.4116],[92.8405,13.3946],[92.8669,13.3902],[92.8672,13.3806],[92.8302,13.3683],[92.8354,13.3466],[92.8207,13.3095],[92.8402,13.3037],[92.839,13.2877],[92.8237,13.2893],[92.8124,13.269],[92.8331,13.2688],[92.8555,13.2561],[92.8473,13.2388],[92.8253,13.2382],[92.8232,13.2156],[92.8322,13.2142],[92.8157,13.2012],[92.8225,13.1782],[92.8362,13.1731],[92.8152,13.1747],[92.8096,13.1534],[92.8476,13.141],[92.8424,13.1267],[92.8274,13.1355],[92.81,13.1266],[92.826,13.1146],[92.8206,13.0965],[92.808,13.0994],[92.8112,13.0748],[92.7971,13.0819],[92.7882,13.0193],[92.8063,13.0065],[92.8263,13.0161],[92.8088,12.998],[92.8197,12.985],[92.7948,12.9873],[92.7923,12.9526],[92.8037,12.9383],[92.7947,12.9139],[92.8026,12.8986],[92.825,12.8965],[92.8296,12.8866],[92.8426,12.8923],[92.844,12.8857],[92.8307,12.8843],[92.8031,12.897],[92.7912,12.8885],[92.7998,12.8588],[92.7827,12.8603],[92.7852,12.8339],[92.7709,12.8635],[92.7687,12.8509],[92.7757,12.8413],[92.7742,12.8299],[92.7609,12.8596],[92.7634,12.84],[92.7461,12.8422],[92.7436,12.8232],[92.7404,12.8368],[92.738,12.8094],[92.7318,12.8353],[92.7244,12.8283],[92.7214,12.7968],[92.7291,12.7996],[92.7318,12.7975],[92.7209,12.7888],[92.747,12.7227],[92.7436,12.6989],[92.7297,12.6979],[92.7276,12.6903],[92.733,12.674],[92.7679,12.6716],[92.7839,12.6924],[92.7771,12.7185],[92.7877,12.7033],[92.7822,12.6361],[92.7755,12.6688],[92.7525,12.6712],[92.7343,12.657],[92.7385,12.6313],[92.7283,12.6361],[92.7237,12.6257],[92.7158,12.6444],[92.704,12.6057],[92.6846,12.6089],[92.7077,12.5953],[92.6942,12.5154],[92.7087,12.4926],[92.6996,12.33],[92.7197,12.3003],[92.7375,12.3137],[92.7356,12.3009],[92.7545,12.296],[92.771,12.3198],[92.7952,12.306],[92.8023,12.3129],[92.8097,12.3149],[92.8324,12.3024],[92.895,12.3206],[92.8796,12.3335],[92.8902,12.3501],[92.8586,12.3635],[92.8346,12.3974],[92.8409,12.4062],[92.8264,12.4187],[92.8294,12.4208],[92.8288,12.4257],[92.8308,12.428],[92.8156,12.4338],[92.8995,12.4161],[92.8507,12.4564],[92.8422,12.4724],[92.9097,12.421],[92.9148,12.4062],[92.924,12.4354],[92.9142,12.4427],[92.9574,12.4673],[92.9515,12.4759],[92.9428,12.4672],[92.9235,12.465],[92.9349,12.4689],[92.9304,12.4802],[92.9463,12.4996],[92.9594,12.4871],[92.9681,12.4966],[92.9754,12.5437],[92.9536,12.6241],[92.963,12.6982],[92.9801,12.7086],[92.9619,12.7534],[92.9339,12.7753],[92.9538,12.8046],[92.9479,12.8366],[92.9293,12.8581],[92.9268,12.8857],[92.9049,12.8846],[92.9219,12.9126],[92.9019,12.9111],[92.8977,12.9272],[92.896,12.8979],[92.8712,12.8916],[92.876,12.9096],[92.8598,12.9033],[92.8542,12.9263],[92.8708,12.916],[92.8746,12.9268],[92.8863,12.9235],[92.8677,12.9335],[92.8812,12.9819],[92.8966,12.9957],[92.9116,12.9469],[92.9377,12.9699],[92.9327,12.9895],[92.9185,12.9865],[92.9037,13.003],[92.9051,13.0277],[92.9191,13.0403],[92.9106,13.058],[92.9134,13.0706],[92.9223,13.0567],[92.9419,13.0645],[92.9344,13.0422],[92.9708,13.0125],[92.9651,13.0361],[92.9825,13.024],[92.9957,13.0353],[93.0035,13.0283],[93.0347,13.0823],[93.032,13.1786],[93.0659,13.2725],[93.0456,13.2582],[93.0464,13.2816],[93.0122,13.2764],[93.011,13.2963],[93.022,13.2948],[93.0127,13.2999],[93.0094,13.3204],[92.9644,13.3234],[92.95,13.343],[92.9661,13.3609],[92.9848,13.329],[93.0035,13.3539],[93.0323,13.345],[93.0371,13.3743],[93.0689,13.3968],[93.0702,13.4071],[93.0586,13.3996],[93.0618,13.4206],[93.0456,13.4033],[93.0404,13.4273],[93.0206,13.431],[93.0346,13.4349],[93.0355,13.4519],[93.0177,13.4649],[93.0339,13.4656],[93.0441,13.5052],[93.0291,13.5747]]],[[[92.8304,12.3005],[92.8093,12.3133],[92.7957,12.3034],[92.7716,12.3128],[92.7675,12.2973],[92.7755,12.3014],[92.7818,12.2848],[92.7644,12.2635],[92.7503,12.2742],[92.7421,12.2454],[92.7707,12.2312],[92.7643,12.2125],[92.7696,12.1987],[92.7593,12.1465],[92.7392,12.0976],[92.742,12.0776],[92.7597,12.0757],[92.7645,12.0636],[92.7923,12.0802],[92.7873,12.1026],[92.8124,12.1076],[92.8013,12.131],[92.8131,12.1313],[92.8222,12.1661],[92.8506,12.1576],[92.846,12.198],[92.8819,12.1989],[92.8588,12.2452],[92.8644,12.2515],[92.8879,12.259],[92.8868,12.2859],[92.8687,12.2906],[92.8729,12.3012],[92.8304,12.3005]]],[[[92.6953,12.9924],[92.6688,12.9612],[92.6798,12.9417],[92.6647,12.8815],[92.6481,12.8619],[92.6678,12.7826],[92.6755,12.808],[92.6915,12.8153],[92.6731,12.8364],[92.7001,12.8401],[92.7198,12.8744],[92.7118,12.8828],[92.7228,12.9022],[92.7202,12.9785],[92.6953,12.9924]]],[[[92.731,12.2419],[92.7233,12.1891],[92.7309,12.1929],[92.7637,12.1816],[92.7622,12.2293],[92.7396,12.2359],[92.7448,12.2224],[92.7438,12.2067],[92.7391,12.2233],[92.733,12.21],[92.731,12.2419]]],[[[93.0576,13.3768],[93.0375,13.3734],[93.0399,13.3225],[93.0611,13.329],[93.0659,13.3033],[93.0899,13.3358],[93.0576,13.3768]]],[[[93.0152,13.6763],[92.9766,13.6637],[92.9733,13.6429],[93.0138,13.6446],[93.0305,13.6281],[93.0152,13.6763]]],[[[92.9331,12.3611],[92.9556,12.4358],[92.9487,12.4151],[92.9295,12.4126],[92.9194,12.3654],[92.9331,12.3611]]],[[[92.7102,12.8286],[92.6946,12.7975],[92.718,12.7191],[92.7251,12.7541],[92.7122,12.7773],[92.7102,12.8286]]],[[[92.9403,12.2808],[92.9342,12.3106],[92.9277,12.2808],[92.9026,12.2894],[92.9008,12.2721],[92.9231,12.2616],[92.9217,12.2313],[92.9403,12.2808]]],[[[93.0065,12.9969],[92.9858,12.9931],[92.9724,12.9694],[92.9594,12.9885],[92.9543,12.9619],[92.9742,12.9455],[92.9606,12.9495],[92.952,12.9408],[92.982,12.9341],[92.9801,12.9669],[93.0065,12.9969]]],[[[92.9012,12.2552],[92.8876,12.2521],[92.8867,12.2369],[92.8705,12.2441],[92.8784,12.2087],[92.8916,12.2343],[92.9133,12.2224],[92.9012,12.2552]]],[[[92.8895,12.4071],[92.8478,12.4069],[92.8443,12.3954],[92.8834,12.3742],[92.8895,12.4071]]],[[[92.6893,12.5524],[92.6605,12.5333],[92.6784,12.5035],[92.6893,12.5524]]],[[[92.7066,12.2974],[92.702,12.2659],[92.7108,12.2304],[92.7194,12.2831],[92.7239,12.291],[92.7066,12.2974]]],[[[93.8714,12.2676],[93.8766,12.2867],[93.855,12.2889],[93.8462,12.2743],[93.8714,12.2676]]],[[[94.2743,13.462],[94.2496,13.4459],[94.2553,13.4322],[94.2737,13.4396],[94.2743,13.462]]],[[[92.9231,13.0287],[92.921,13.0003],[92.9417,12.9954],[92.9397,13.0245],[92.9231,13.0287]]],[[[92.8452,13.4445],[92.8231,13.4373],[92.8219,13.4195],[92.8389,13.4191],[92.8452,13.4445]]],[[[92.9039,13.5966],[92.8835,13.5924],[92.885,13.5728],[92.9039,13.5966]]],[[[92.7918,12.9167],[92.7741,12.91],[92.793,12.8922],[92.8004,12.8976],[92.7918,12.9167]]],[[[92.722,12.8658],[92.7079,12.8378],[92.7099,12.8338],[92.7298,12.8611],[92.722,12.8658]]],[[[92.7196,13.0987],[92.6955,13.0958],[92.7006,13.0711],[92.7069,13.0713],[92.7196,13.0987]]],[[[93.0662,13.6495],[93.0422,13.6377],[93.0466,13.621],[93.0662,13.6495]]],[[[92.7669,12.2726],[92.7659,12.2924],[92.7626,12.2939],[92.753,12.2775],[92.7669,12.2726]]],[[[92.7485,12.2818],[92.7396,12.2818],[92.74,12.2732],[92.7347,12.2477],[92.7485,12.2818]]],[[[92.9341,12.2122],[92.9275,12.2221],[92.9329,12.1955],[92.9341,12.2122]]],[[[92.813,13.4],[92.8191,13.4159],[92.8125,13.4219],[92.8059,13.4048],[92.813,13.4]]],[[[92.8723,13.4968],[92.869,13.5148],[92.8643,13.5001],[92.8723,13.4968]]],[[[93.025,13.3265],[93.0149,13.3086],[93.0215,13.3025],[93.025,13.3265]]],[[[92.8304,12.4207],[92.8415,12.4222],[92.8298,12.4262],[92.8304,12.4207]]],[[[92.7215,12.7799],[92.7173,12.788],[92.7248,12.7612],[92.7215,12.7799]]],[[[92.9079,12.3414],[92.9185,12.3528],[92.9145,12.3555],[92.9079,12.3414]]],[[[92.7918,12.8913],[92.7817,12.8859],[92.7857,12.8821],[92.7918,12.8913]]],[[[92.8667,12.2358],[92.8698,12.2486],[92.8652,12.2507],[92.8617,12.2425],[92.8667,12.2358]]],[[[92.8144,13.4254],[92.8067,13.427],[92.8075,13.4176],[92.8144,13.4254]]],[[[92.861,12.4134],[92.868,12.4207],[92.8592,12.4172],[92.861,12.4134]]],[[[92.7577,12.9061],[92.7556,12.8996],[92.7537,12.8896],[92.7577,12.9061]]],[[[92.7761,12.9269],[92.7698,12.9289],[92.7727,12.9177],[92.7761,12.9269]]],[[[92.7649,12.8679],[92.7611,12.8678],[92.7661,12.855],[92.7649,12.8679]]],[[[92.913,13.5334],[92.9064,13.5369],[92.906,13.53],[92.913,13.5334]]],[[[93.0713,13.4128],[93.0704,13.4224],[93.0726,13.4312],[93.0674,13.4234],[93.0713,13.4128]]],[[[93.0871,13.4154],[93.0945,13.4173],[93.0915,13.4197],[93.0871,13.4154]]],[[[92.7633,12.1778],[92.7564,12.1798],[92.7589,12.1662],[92.7633,12.1778]]],[[[92.7665,12.929],[92.7609,12.9302],[92.7638,12.9259],[92.7665,12.929]]],[[[92.7297,12.7304],[92.723,12.7373],[92.7282,12.7267],[92.7297,12.7304]]],[[[92.8011,13.0824],[92.7976,13.0898],[92.7955,13.0842],[92.8011,13.0824]]],[[[92.7916,13.1689],[92.7973,13.1707],[92.7934,13.1731],[92.7916,13.1689]]],[[[93.102,13.4352],[93.0981,13.4311],[93.1038,13.43],[93.102,13.4352]]],[[[93.0789,13.3005],[93.0741,13.3033],[93.0708,13.2997],[93.0789,13.3005]]],[[[92.767,12.9193],[92.7624,12.9219],[92.7641,12.9178],[92.767,12.9193]]],[[[92.8752,13.5344],[92.8776,13.5397],[92.8746,13.5409],[92.8752,13.5344]]],[[[92.9044,12.4231],[92.8993,12.4214],[92.9037,12.4205],[92.9044,12.4231]]],[[[92.9177,13.059],[92.9138,13.067],[92.9168,13.0577],[92.9177,13.059]]],[[[92.7533,12.8932],[92.7489,12.8932],[92.7509,12.8906],[92.7533,12.8932]]],[[[93.0522,13.5643],[93.0566,13.5626],[93.0571,13.5667],[93.0522,13.5643]]],[[[92.7252,12.1854],[92.7313,12.1881],[92.7301,12.1894],[92.7252,12.1854]]],[[[92.7542,12.1458],[92.7588,12.1462],[92.7571,12.1499],[92.7542,12.1458]]],[[[92.9352,12.9134],[92.9364,12.9171],[92.9318,12.9185],[92.9352,12.9134]]],[[[92.7664,12.2892],[92.7715,12.2932],[92.7706,12.295],[92.7664,12.2892]]],[[[92.7376,12.2888],[92.7377,12.2925],[92.7357,12.2812],[92.7376,12.2888]]],[[[92.8433,12.416],[92.8468,12.4161],[92.8439,12.4194],[92.8433,12.416]]],[[[92.7349,12.2701],[92.738,12.2717],[92.7382,12.2755],[92.7349,12.2701]]],[[[92.8804,12.2956],[92.8771,12.2961],[92.8772,12.2936],[92.8804,12.2956]]],[[[92.7255,12.8356],[92.7275,12.8352],[92.7275,12.8382],[92.7255,12.8356]]],[[[92.7311,13.0951],[92.7283,13.0935],[92.7275,13.0898],[92.7311,13.0951]]],[[[92.9491,13.0243],[92.9454,13.025],[92.949,13.0211],[92.9491,13.0243]]],[[[92.8958,12.3363],[92.8932,12.3405],[92.8937,12.3361],[92.8958,12.3363]]],[[[92.8794,12.2486],[92.8815,12.2487],[92.8802,12.2502],[92.8794,12.2486]]],[[[93.0776,13.3628],[93.0758,13.3663],[93.074,13.365],[93.0776,13.3628]]],[[[93.0635,13.3864],[93.061,13.3853],[93.0618,13.3827],[93.0635,13.3864]]],[[[92.901,12.2589],[92.9007,12.2626],[92.8999,12.259],[92.901,12.2589]]],[[[92.8457,12.1477],[92.8463,12.1512],[92.8438,12.1495],[92.8457,12.1477]]],[[[92.893,12.9367],[92.8895,12.9366],[92.8897,12.9348],[92.893,12.9367]]],[[[92.8653,12.3029],[92.8663,12.3058],[92.864,12.304],[92.8653,12.3029]]],[[[92.932,13.0524],[92.9341,13.0517],[92.9333,13.0531],[92.932,13.0524]]],[[[92.8992,12.4087],[92.898,12.4116],[92.8976,12.4085],[92.8992,12.4087]]],[[[92.7174,12.256],[92.7181,12.2592],[92.7159,12.2581],[92.7174,12.256]]],[[[92.6563,12.7731],[92.6549,12.7739],[92.6551,12.7691],[92.6563,12.7731]]],[[[92.7576,12.8785],[92.7572,12.8762],[92.7605,12.8776],[92.7576,12.8785]]],[[[92.8656,13.4139],[92.8648,13.4121],[92.8671,13.4116],[92.8656,13.4139]]],[[[92.9127,12.332],[92.9113,12.3352],[92.9112,12.333],[92.9127,12.332]]],[[[92.8971,12.3924],[92.8962,12.3954],[92.8954,12.3935],[92.8971,12.3924]]],[[[92.9031,12.9387],[92.9019,12.9414],[92.9,12.9416],[92.9031,12.9387]]],[[[92.7651,12.2967],[92.7656,12.2991],[92.7633,12.297],[92.7651,12.2967]]],[[[92.7524,12.2924],[92.7548,12.2939],[92.753,12.2942],[92.7524,12.2924]]],[[[92.9053,12.3409],[92.9053,12.3382],[92.9064,12.3392],[92.9053,12.3409]]],[[[92.8918,12.898],[92.8937,12.8988],[92.8924,12.8997],[92.8918,12.898]]],[[[92.7169,12.7769],[92.7158,12.7761],[92.7172,12.7749],[92.7169,12.7769]]],[[[92.7315,12.8565],[92.7299,12.8564],[92.7296,12.8551],[92.7315,12.8565]]],[[[92.7584,12.075],[92.7571,12.0749],[92.7574,12.0734],[92.7584,12.075]]],[[[92.7783,12.8652],[92.7778,12.8666],[92.7762,12.866],[92.7783,12.8652]]],[[[93.082,13.3674],[93.082,13.3694],[93.0807,13.3681],[93.082,13.3674]]],[[[92.7327,12.7034],[92.7314,12.7045],[92.731,12.7028],[92.7327,12.7034]]]]}},{"type":"Feature","properties":{"name":"South Andaman","state":"Andaman and Nicobar Islands","level":"district"},"geometry":{"type":"MultiPolygon","coordinates":[[[[92.6972,12.2394],[92.6839,12.2067],[92.6804,12.2142],[92.6777,12.2012],[92.6741,12.2178],[92.6548,12.1809],[92.6626,12.216],[92.6365,12.1199],[92.6243,12.1023],[92.6274,12.0437],[92.6118,11.9576],[92.6052,11.9643],[92.6114,11.9413],[92.6112,11.8725],[92.6009,11.8637],[92.6012,11.8966],[92.5863,11.8881],[92.5643,11.9498],[92.5346,11.9124],[92.5138,11.8472],[92.5212,11.827],[92.539,11.8384],[92.5493,11.8166],[92.561,11.6956],[92.5883,11.7169],[92.5999,11.6908],[92.5914,11.6687],[92.6082,11.6337],[92.6316,11.6285],[92.6318,11.6518],[92.6347,11.635],[92.6447,11.6367],[92.6356,11.6149],[92.6275,11.6258],[92.6089,11.6205],[92.6073,11.5942],[92.6189,11.5843],[92.6205,11.5756],[92.6178,11.5623],[92.6352,11.5895],[92.6502,11.5708],[92.6469,11.5229],[92.6666,11.5044],[92.7001,11.5093],[92.7113,11.4779],[92.7525,11.61],[92.7513,11.6358],[92.7396,11.641],[92.7558,11.6477],[92.7564,11.6649],[92.722,11.6884],[92.7164,11.665],[92.7301,11.6573],[92.7076,11.6422],[92.7017,11.6545],[92.6946,11.6527],[92.7037,11.6182],[92.6873,11.6032],[92.6983,11.6068],[92.6918,11.5906],[92.6756,11.5912],[92.6932,11.6131],[92.6823,11.6379],[92.674,11.6245],[92.6641,11.6526],[92.6832,11.6508],[92.6929,11.669],[92.7076,11.6696],[92.6993,11.6988],[92.6844,11.6907],[92.6826,11.6988],[92.6856,11.713],[92.6954,11.7023],[92.6936,11.7229],[92.708,11.7326],[92.7108,11.7161],[92.6983,11.713],[92.7118,11.6954],[92.7177,11.7062],[92.7447,11.6913],[92.7448,11.7146],[92.7552,11.7021],[92.7875,11.9187],[92.7849,11.9353],[92.7712,11.9399],[92.7456,11.9303],[92.7317,11.8984],[92.7321,11.856],[92.7161,11.8275],[92.7267,11.9],[92.7154,11.9514],[92.7328,11.969],[92.7227,11.9808],[92.7337,11.9985],[92.7342,11.9776],[92.7486,11.978],[92.7556,11.9877],[92.7426,11.9945],[92.7669,11.9995],[92.7667,12.0109],[92.7529,12.0015],[92.7455,12.017],[92.739,12.0098],[92.7334,12.0309],[92.7409,12.0427],[92.7584,12.0226],[92.765,12.0328],[92.778,12.0244],[92.7714,12.0408],[92.7819,12.0465],[92.7502,12.0551],[92.7578,12.0652],[92.7353,12.0849],[92.7572,12.1771],[92.7205,12.1798],[92.7034,12.1636],[92.7126,12.1903],[92.6972,12.2394]]],[[[92.5194,10.8996],[92.4537,10.8659],[92.4567,10.8401],[92.4246,10.8244],[92.4109,10.7875],[92.3974,10.78],[92.384,10.7942],[92.3735,10.7824],[92.3811,10.6671],[92.402,10.6568],[92.4197,10.6143],[92.3819,10.5437],[92.3854,10.5299],[92.4327,10.5482],[92.4793,10.5171],[92.5151,10.5094],[92.5311,10.5161],[92.5682,10.5759],[92.5443,10.5931],[92.54,10.6126],[92.5538,10.6392],[92.582,10.6569],[92.5795,10.6759],[92.5982,10.6774],[92.5876,10.787],[92.5716,10.809],[92.566,10.8047],[92.5631,10.8052],[92.5604,10.8616],[92.5194,10.8996]]],[[[92.6367,11.5152],[92.6115,11.4588],[92.6254,11.4426],[92.6243,11.4076],[92.5871,11.4002],[92.5924,11.3797],[92.5814,11.368],[92.5989,11.3472],[92.6647,11.3526],[92.6917,11.3752],[92.6884,11.3907],[92.6487,11.4064],[92.6855,11.4364],[92.6687,11.4889],[92.6429,11.496],[92.6367,11.5152]]],[[[92.9696,12.0302],[92.9653,12.0489],[92.9523,12.0147],[92.9261,11.9959],[92.9601,11.9811],[92.9751,11.9481],[93.0003,11.9495],[92.9947,11.9415],[93.0258,11.8891],[93.0436,11.8839],[93.0539,11.9036],[93.0071,12.0005],[93.0089,12.0195],[92.9825,12.0423],[92.9696,12.0302]]],[[[93.0825,12.1967],[93.0673,12.2112],[93.0375,12.1365],[93.0753,12.0839],[93.0932,12.1213],[93.0825,12.1967]]],[[[92.2158,11.5944],[92.2075,11.5843],[92.2147,11.5296],[92.27,11.5228],[92.2701,11.5846],[92.2158,11.5944]]],[[[93.0334,12.1002],[93.0277,12.166],[93.0079,12.1473],[92.9984,12.1134],[93.0092,12.1024],[93.0081,12.0753],[93.0449,12.0455],[93.0537,12.0756],[93.0334,12.1002]]],[[[93.0054,12.1029],[92.9596,12.1068],[92.9717,12.0883],[92.9621,12.0723],[92.994,12.0445],[93.0054,12.1029]]],[[[92.9615,12.1504],[92.9639,12.1217],[92.9982,12.1148],[92.9919,12.1436],[92.9615,12.1504]]],[[[93.0779,12.2609],[93.0636,12.2289],[93.0929,12.2246],[93.1003,12.2041],[93.1051,12.2595],[93.0873,12.2369],[93.0779,12.2609]]],[[[93.0344,11.8363],[93.0126,11.8495],[93.0152,11.8297],[93.0501,11.8133],[93.0714,11.8347],[93.0629,11.8442],[93.0344,11.8363]]],[[[92.538,11.6053],[92.5322,11.5951],[92.5302,11.5545],[92.5542,11.5619],[92.5695,11.5886],[92.5466,11.591],[92.538,11.6053]]],[[[92.751,11.9676],[92.7362,11.9528],[92.7461,11.9449],[92.7666,11.955],[92.751,11.9676]]],[[[92.6076,11.9382],[92.603,11.9661],[92.5888,11.9758],[92.5963,11.9295],[92.6076,11.9382]]],[[[92.707,11.2865],[92.6927,11.2802],[92.6879,11.2423],[92.7059,11.2641],[92.707,11.2865]]],[[[92.5959,11.5367],[92.5971,11.5618],[92.5928,11.5776],[92.5841,11.5487],[92.5959,11.5367]]],[[[92.6114,11.5876],[92.6003,11.5699],[92.6148,11.5622],[92.619,11.5772],[92.6114,11.5876]]],[[[92.6155,11.5561],[92.6018,11.5546],[92.6102,11.5312],[92.6192,11.5437],[92.6155,11.5561]]],[[[92.56,11.5379],[92.5528,11.531],[92.5665,11.5172],[92.5686,11.5276],[92.56,11.5379]]],[[[92.7098,11.3012],[92.7225,11.333],[92.7128,11.3098],[92.6981,11.3089],[92.7098,11.3012]]],[[[93.1234,12.14],[93.1096,12.1438],[93.1154,12.1297],[93.1234,12.14]]],[[[92.2276,10.9756],[92.2146,10.9794],[92.2164,10.9724],[92.2276,10.9756]]],[[[92.9513,12.0844],[92.9576,12.1002],[92.9477,12.116],[92.9513,12.0844]]],[[[92.6175,10.9351],[92.6058,10.9372],[92.6209,10.9297],[92.6175,10.9351]]],[[[92.6691,10.986],[92.6599,10.9905],[92.6609,10.9823],[92.6691,10.986]]],[[[92.7318,11.9448],[92.7269,11.9561],[92.7262,11.9414],[92.7318,11.9448]]],[[[92.6063,11.5327],[92.6006,11.5298],[92.606,11.5215],[92.6063,11.5327]]],[[[93.0828,11.7799],[93.0794,11.7873],[93.0783,11.7795],[93.0828,11.7799]]],[[[92.5987,11.9066],[92.5956,11.9157],[92.5957,11.9052],[92.5987,11.9066]]],[[[92.6809,11.1812],[92.6732,11.1855],[92.6774,11.1769],[92.6809,11.1812]]],[[[92.7346,11.1452],[92.7275,11.145],[92.7304,11.1419],[92.7346,11.1452]]],[[[92.5567,11.3903],[92.5586,11.3968],[92.5556,11.3916],[92.5567,11.3903]]],[[[92.7654,11.6778],[92.7599,11.6775],[92.7614,11.6701],[92.7654,11.6778]]],[[[93.0279,12.2795],[93.0222,12.2749],[93.027,12.2743],[93.0279,12.2795]]],[[[92.7744,12.013],[92.7711,12.0169],[92.7715,12.0138],[92.7744,12.013]]],[[[92.5481,11.3935],[92.5519,11.397],[92.5458,11.3959],[92.5481,11.3935]]],[[[92.6995,12.247],[92.6958,12.2466],[92.6995,12.2435],[92.6995,12.247]]],[[[93.0728,12.3159],[93.0676,12.3184],[93.0628,12.3153],[93.0728,12.3159]]],[[[92.6092,11.5596],[92.6073,11.5629],[92.6092,11.5555],[92.6092,11.5596]]],[[[92.5745,11.5625],[92.5764,11.5704],[92.5731,11.5625],[92.5745,11.5625]]],[[[92.5848,11.9771],[92.5815,11.9778],[92.5826,11.9761],[92.5848,11.9771]]],[[[92.629,11.5439],[92.6276,11.5487],[92.6274,11.5421],[92.629,11.5439]]],[[[92.5857,11.5397],[92.5834,11.5404],[92.5838,11.5349],[92.5857,11.5397]]],[[[93.099,12.1361],[93.096,12.1356],[93.0972,12.1333],[93.099,12.1361]]],[[[92.7246,11.1409],[92.7231,11.1436],[92.7232,11.141],[92.7246,11.1409]]],[[[92.5661,11.5675],[92.5652,11.5698],[92.5649,11.5676],[92.5661,11.5675]]],[[[92.5794,11.5826],[92.5771,11.5838],[92.5776,11.5818],[92.5794,11.5826]]],[[[92.7248,11.9523],[92.7244,11.9542],[92.7229,11.9514],[92.7248,11.9523]]],[[[92.7438,11.9673],[92.7421,11.9651],[92.7442,11.9658],[92.7438,11.9673]]],[[[92.6051,11.9329],[92.6056,11.9347],[92.604,11.9353],[92.6051,11.9329]]],[[[92.6295,12.1126],[92.6302,12.1158],[92.6288,12.114],[92.6295,12.1126]]]]}},{"type":"Feature","properties":{"name":"Anantapur","state":"Andhra Pradesh","level":"district"},"geometry":{"type":"Polygon","coordinates":[[[78.4717,13.9938],[78.4771,14.0107],[78.4431,14.0299],[78.4484,14.0907],[78.4656,14.114],[78.4289,14.1561],[78.4343,14.1994],[78.4106,14.2087],[78.4263,14.2804],[78.3579,14.2888],[78.3535,14.3091],[78.3021,14.308],[78.1519,14.3748],[77.9971,14.5021],[77.9479,14.5677],[77.9673,14.5845],[77.9881,14.5415],[78.0477,14.5396],[78.0981,14.6264],[78.1346,14.6294],[78.1447,14.6853],[78.1178,14.6954],[78.0976,14.7215],[78.0748,14.7218],[78.086,14.7565],[78.0568,14.7778],[78.0873,14.8274],[78.1119,14.8269],[78.1174,14.8569],[78.1001,14.8614],[78.1003,14.8738],[78.1194,14.9282],[78.1451,14.9491],[78.0361,15.0085],[78.0144,15.0586],[77.9966,15.0474],[77.9953,15.0761],[78.0156,15.0776],[78.0262,15.1036],[77.9987,15.1363],[77.9774,15.1384],[77.97,15.1247],[77.9511,15.1584],[77.924,15.1551],[77.9217,15.1711],[77.8954,15.1775],[77.8768,15.1349],[77.8193,15.1412],[77.7942,15.1047],[77.7516,15.1288],[77.7134,15.1854],[77.6968,15.1835],[77.6998,15.2044],[77.6769,15.2305],[77.6526,15.2303],[77.6365,15.207],[77.6174,15.2048],[77.6131,15.1825],[77.5882,15.1851],[77.5273,15.2238],[77.4848,15.209],[77.4533,15.2209],[77.4509,15.2062],[77.4263,15.2233],[77.3665,15.2222],[77.3526,15.1768],[77.3215,15.1763],[77.2945,15.1313],[77.1981,15.1594],[77.1827,15.1433],[77.1619,15.1462],[77.1532,15.1137],[77.1331,15.1],[77.1216,15.0465],[77.0875,15.0287],[77.0842,15.0065],[77.0463,15.0119],[77.0508,15.0353],[77.0059,15.0359],[76.9869,15.0167],[76.9478,15.0332],[76.8815,15.0348],[76.8653,15.0628],[76.8015,15.0967],[76.7787,15.0773],[76.7891,15.0227],[76.7615,14.989],[76.7683,14.9759],[76.8202,14.9699],[76.8327,14.9572],[76.8693,14.9702],[76.8704,14.9438],[76.8652,14.8974],[76.8487,14.8926],[76.8591,14.8676],[76.845,14.8363],[76.8538,14.8104],[76.8422,14.8105],[76.8388,14.7912],[76.7852,14.7855],[76.803,14.7409],[76.7762,14.6802],[76.7659,14.6027],[76.7813,14.5968],[76.8049,14.5343],[76.8328,14.5297],[76.8757,14.4752],[76.9121,14.4909],[76.9792,14.4852],[76.9701,14.4586],[76.9495,14.452],[76.9473,14.4065],[76.9188,14.4204],[76.8887,14.3971],[76.8847,14.3533],[76.9047,14.3262],[76.956,14.3011],[76.9307,14.2792],[76.9438,14.2472],[77.0103,14.2388],[77.0558,14.2466],[77.0817,14.2167],[77.1116,14.2207],[77.1183,14.2949],[77.1383,14.3379],[77.1586,14.3451],[77.203,14.3217],[77.2387,14.3186],[77.2879,14.3387],[77.2865,14.2837],[77.3663,14.2771],[77.3625,14.2379],[77.3889,14.2181],[77.3911,14.1997],[77.423,14.2199],[77.4082,14.2683],[77.3915,14.2734],[77.3821,14.303],[77.3928,14.3326],[77.4331,14.3286],[77.4347,14.3127],[77.4496,14.3176],[77.4509,14.2855],[77.4867,14.2927],[77.5068,14.2685],[77.4976,14.2357],[77.518,14.1802],[77.5081,14.1591],[77.4171,14.1777],[77.397,14.1732],[77.384,14.1376],[77.355,14.1323],[77.3519,14.104],[77.3971,14.1266],[77.4029,14.1115],[77.3659,14.067],[77.3453,14.0618],[77.3336,14.0309],[77.3909,14.0155],[77.3832,13.9773],[77.4282,13.9851],[77.4383,13.977],[77.4364,13.9516],[77.4154,13.9443],[77.4334,13.9104],[77.4048,13.8888],[77.398,13.906],[77.3559,13.9047],[77.3502,13.9204],[77.3702,13.9505],[77.3512,13.959],[77.3612,13.9904],[77.3377,13.9984],[77.3208,14.0328],[77.2857,14.0148],[77.2786,14.0358],[77.2497,14.0142],[77.1783,14.0163],[77.1542,13.9993],[77.1412,14.0058],[77.1279,14.0498],[77.0831,14.0456],[77.0302,14.0607],[77.0304,14.0908],[77.0147,14.1055],[77.0266,14.1297],[77.0261,14.18],[76.9646,14.1827],[76.9477,14.1965],[76.943,14.1731],[76.8974,14.1661],[76.8896,14.1382],[76.9331,14.1344],[76.9491,14.1191],[76.9525,14.0925],[76.9813,14.0726],[76.9778,14.0598],[76.9442,14.0549],[76.9373,14.0301],[77.0008,13.989],[76.9955,13.9642],[77.0425,13.9332],[77.048,13.9051],[77.0239,13.901],[77.0127,13.8577],[76.975,13.822],[76.9904,13.8118],[76.9994,13.7503],[77.0183,13.7405],[77.0332,13.7792],[77.067,13.7467],[77.0877,13.7453],[77.0874,13.7613],[77.1023,13.7688],[77.1739,13.7627],[77.1786,13.78],[77.1613,13.8085],[77.1694,13.8287],[77.1309,13.8572],[77.1696,13.8649],[77.163,13.9077],[77.1842,13.9252],[77.186,13.8678],[77.2041,13.8675],[77.2122,13.8891],[77.2188,13.8694],[77.2411,13.9029],[77.2579,13.8476],[77.2904,13.8491],[77.3145,13.8654],[77.3276,13.834],[77.3672,13.8539],[77.3806,13.8396],[77.4324,13.8435],[77.4166,13.8077],[77.4366,13.7965],[77.4485,13.8108],[77.4655,13.8055],[77.4707,13.7521],[77.453,13.7043],[77.4579,13.6844],[77.4847,13.6863],[77.4956,13.7154],[77.5299,13.6966],[77.5279,13.7525],[77.5478,13.7524],[77.5645,13.7252],[77.6041,13.7524],[77.6298,13.7363],[77.6453,13.7441],[77.6189,13.7643],[77.6576,13.7847],[77.6788,13.7864],[77.6723,13.7612],[77.7042,13.7704],[77.7175,13.7418],[77.7215,13.7995],[77.7873,13.822],[77.7848,13.845],[77.8366,13.8697],[77.8151,13.9177],[77.827,13.9439],[77.8959,13.9403],[77.8986,13.9205],[77.9206,13.9065],[77.9754,13.9598],[77.9876,13.9569],[77.9871,13.9027],[77.9515,13.8895],[77.9538,13.8293],[77.975,13.8296],[77.9943,13.8711],[78.0471,13.8624],[78.0504,13.8962],[78.0803,13.8815],[78.0843,13.8645],[78.1155,13.8632],[78.1278,13.7867],[78.2303,13.7812],[78.263,13.7983],[78.2448,13.8478],[78.2659,13.8598],[78.2761,13.8963],[78.2978,13.8942],[78.3394,13.9371],[78.3726,13.9556],[78.3881,13.9417],[78.4284,13.9787],[78.4717,13.9938]]]}},{"type":"Feature","properties":{"name":"Bhadradri","state":"Andhra Pradesh","level":"district"},"geometry":{"type":"Polygon","coordinates":[[[81.767,17.9022],[81.7119,17.8699],[81.697,17.8935],[81.6718,17.8856],[81.6515,17.848],[81.6199,17.8241],[81.5775,17.8366],[81.4946,17.8112],[81.4755,17.8335],[81.4281,17.8291],[81.418,17.8134],[81.272,17.8188],[81.1682,17.8607],[81.0977,17.8189],[81.0822,17.7944],[81.0463,17.7942],[81.0129,17.8462],[80.9744,18.0509],[80.9523,18.0883],[80.9577,18.1304],[80.9809,18.1508],[80.982,18.1753],[80.909,18.1418],[80.8703,18.1397],[80.8564,18.2046],[80.8757,18.2142],[80.8673,18.2329],[80.8378,18.241],[80.8254,18.2321],[80.8261,18.194],[80.8062,18.1732],[80.7428,18.1785],[80.7415,18.2255],[80.7965,18.2566],[80.7528,18.3088],[80.7243,18.3893],[80.7347,18.4153],[80.6991,18.4257],[80.7069,18.4423],[80.6588,18.4784],[80.6406,18.5249],[80.6089,18.551],[80.5399,18.5918],[80.5185,18.6213],[80.458,18.6319],[80.3896,18.5994],[80.4036,18.5681],[80.377,18.5343],[80.3813,18.4744],[80.4656,18.4482],[80.4582,18.4054],[80.4758,18.3863],[80.4702,18.3248],[80.5048,18.2671],[80.5385,18.262],[80.6882,18.1552],[80.6568,18.1349],[80.6322,18.1408],[80.6271,18.128],[80.6448,18.126],[80.6394,18.1116],[80.6184,18.1134],[80.5986,18.0832],[80.566,18.1035],[80.5379,18.0998],[80.5006,18.1399],[80.4684,18.1355],[80.4804,18.1228],[80.4574,18.0797],[80.4604,18.0609],[80.4359,18.0598],[80.3956,18.0827],[80.3493,18.0374],[80.3102,17.9742],[80.2777,17.9689],[80.278,17.8719],[80.2542,17.8286],[80.257,17.8008],[80.2315,17.7732],[80.275,17.6933],[80.2131,17.66],[80.2274,17.6029],[80.3844,17.56],[80.3559,17.5077],[80.394,17.4982],[80.4225,17.5363],[80.4749,17.5125],[80.4415,17.4554],[80.4035,17.4554],[80.4558,17.3935],[80.5177,17.3887],[80.5129,17.3078],[80.6271,17.3649],[80.6985,17.2793],[80.7889,17.3364],[80.8127,17.3745],[80.8746,17.403],[80.8889,17.2555],[80.9143,17.2102],[80.9397,17.214],[81.0003,17.1888],[81.0352,17.1958],[81.0556,17.223],[81.0713,17.2133],[81.1719,17.2419],[81.1896,17.2639],[81.1796,17.3056],[81.1906,17.3314],[81.2762,17.3293],[81.3315,17.3984],[81.3942,17.3645],[81.4505,17.3911],[81.5024,17.4582],[81.5084,17.5407],[81.5327,17.5789],[81.5118,17.5989],[81.58,17.6968],[81.5854,17.735],[81.6318,17.7717],[81.6936,17.7795],[81.7383,17.8282],[81.7911,17.8409],[81.8015,17.8615],[81.767,17.9022]]]}},{"type":"Feature","properties":{"name":"Chittoor","state":"Andhra Pradesh","level":"district"},"geometry":{"type":"Polygon","coordinates":[[[79.4366,14.0349],[79.3792,14.0477],[79.3859,14.0061],[79.4098,13.9958],[79.3852,13.9522],[79.4292,13.9558],[79.416,13.9169],[79.4021,13.9172],[79.4279,13.846],[79.4115,13.8116],[79.4275,13.7838],[79.4197,13.7619],[79.3894,13.76],[79.3117,13.7244],[79.2955,13.7584],[79.2275,13.7576],[79.1924,13.794],[79.2187,13.8108],[79.151,13.861],[79.1015,13.8492],[79.0877,13.8758],[79.0311,13.888],[79.0068,13.9082],[78.9917,13.9095],[78.9743,13.8878],[78.8831,13.898],[78.8001,13.8798],[78.7835,13.8654],[78.7795,13.8286],[78.7592,13.8381],[78.7246,13.8872],[78.6455,13.869],[78.6574,13.9071],[78.5889,13.9117],[78.5991,13.9591],[78.5726,13.9636],[78.5841,13.984],[78.5465,13.9912],[78.4965,13.9397],[78.4703,13.9601],[78.4717,13.9938],[78.4284,13.9787],[78.3881,13.9417],[78.3726,13.9556],[78.3394,13.9371],[78.2978,13.8942],[78.2761,13.8963],[78.2659,13.8598],[78.2448,13.8478],[78.263,13.7983],[78.242,13.7844],[78.1278,13.7867],[78.0945,13.7432],[78.1191,13.7201],[78.1151,13.6943],[78.0722,13.6954],[78.068,13.6768],[78.0897,13.6602],[78.0905,13.6452],[78.1656,13.6587],[78.1705,13.6335],[78.204,13.6263],[78.1933,13.5665],[78.2378,13.5974],[78.2599,13.5846],[78.4012,13.5886],[78.4083,13.5768],[78.3778,13.5058],[78.3732,13.4627],[78.382,13.4017],[78.366,13.3659],[78.4082,13.3432],[78.3993,13.3293],[78.3822,13.343],[78.3778,13.3309],[78.4022,13.3146],[78.4354,13.33],[78.447,13.3093],[78.4828,13.319],[78.4836,13.3022],[78.532,13.2668],[78.54,13.2871],[78.5619,13.2873],[78.5669,13.3107],[78.5888,13.2734],[78.5703,13.2385],[78.5801,13.2156],[78.5524,13.1986],[78.5748,13.1888],[78.5806,13.1679],[78.5502,13.163],[78.5469,13.1421],[78.5202,13.131],[78.5395,13.1088],[78.5134,13.093],[78.5161,13.0642],[78.4631,13.0429],[78.4695,12.9747],[78.4342,12.98],[78.4389,12.9619],[78.4127,12.9441],[78.4193,12.9195],[78.4286,12.9316],[78.4679,12.9043],[78.466,12.8647],[78.4475,12.9121],[78.429,12.9005],[78.4,12.9169],[78.3899,12.9065],[78.3569,12.9393],[78.3387,12.9005],[78.325,12.8998],[78.3224,12.885],[78.339,12.8853],[78.3331,12.8741],[78.3156,12.877],[78.3146,12.8584],[78.2741,12.8677],[78.2525,12.8585],[78.2517,12.8143],[78.2308,12.7582],[78.2405,12.7314],[78.2014,12.6925],[78.2398,12.6851],[78.2443,12.705],[78.2762,12.7032],[78.3023,12.6643],[78.3804,12.6235],[78.4305,12.6324],[78.4671,12.6238],[78.4698,12.674],[78.5008,12.6752],[78.503,12.7143],[78.522,12.7106],[78.4964,12.7465],[78.5386,12.7131],[78.5366,12.6916],[78.56,12.6975],[78.5661,12.738],[78.5579,12.7405],[78.5941,12.7827],[78.618,12.8856],[78.6377,12.931],[78.6588,12.9309],[78.641,12.9649],[78.6499,12.9662],[78.6255,12.9906],[78.663,13.0297],[78.7057,13.0163],[78.7143,13.068],[78.758,13.0574],[78.8201,13.09],[78.8705,13.0832],[78.8882,13.0983],[78.8942,13.032],[78.937,13.031],[78.9297,13.0446],[78.9057,13.0474],[78.9266,13.08],[78.9581,13.0759],[78.9919,13.0889],[79.0658,13.0506],[79.0816,13.0268],[79.117,13.037],[79.1654,13.0202],[79.1858,13.0322],[79.1821,13.0659],[79.2015,13.0975],[79.2309,13.1168],[79.2309,13.1484],[79.2493,13.1397],[79.2598,13.161],[79.28,13.1542],[79.2865,13.1339],[79.3115,13.1279],[79.3102,13.1105],[79.3207,13.11],[79.3294,13.1325],[79.3673,13.1429],[79.3605,13.1761],[79.3739,13.1692],[79.3911,13.1956],[79.4365,13.2007],[79.4343,13.2217],[79.4582,13.23],[79.4488,13.243],[79.4235,13.2253],[79.4213,13.2599],[79.4376,13.2944],[79.3871,13.316],[79.4353,13.3416],[79.5485,13.3244],[79.5615,13.2805],[79.5931,13.2589],[79.6139,13.2812],[79.6336,13.2725],[79.6513,13.2897],[79.6754,13.2818],[79.6814,13.2956],[79.6972,13.2704],[79.6863,13.2432],[79.709,13.2477],[79.7023,13.2242],[79.7127,13.2165],[79.7358,13.2357],[79.7575,13.2088],[79.798,13.2374],[79.7347,13.2795],[79.7591,13.2938],[79.767,13.3166],[79.7928,13.2959],[79.8132,13.3182],[79.8642,13.3176],[79.9237,13.3578],[79.9385,13.35],[79.9527,13.3832],[79.9666,13.3882],[79.9486,13.3989],[79.9454,13.4184],[79.9762,13.432],[79.9747,13.4653],[80.0082,13.4743],[80.0187,13.5018],[80.0489,13.4986],[80.0456,13.5159],[80.003,13.5241],[80.0025,13.5407],[80.0423,13.5376],[80.0525,13.5595],[80.047,13.5765],[80.0246,13.5786],[80.0022,13.6441],[79.9689,13.6534],[79.9616,13.6675],[79.9749,13.689],[79.959,13.7079],[79.8719,13.7086],[79.8533,13.7682],[79.8736,13.777],[79.8808,13.8144],[79.8595,13.8102],[79.8323,13.7803],[79.813,13.797],[79.7627,13.8089],[79.7306,13.868],[79.7319,13.9024],[79.6823,13.9239],[79.6709,13.8355],[79.616,13.8497],[79.6263,13.877],[79.5967,13.8905],[79.5895,13.9196],[79.4816,13.9108],[79.4746,13.8972],[79.4449,13.89],[79.4597,13.9459],[79.4366,14.0349]]]}},{"type":"Feature","properties":{"name":"East Godavari","state":"Andhra Pradesh","level":"district"},"geometry":{"type":"MultiPolygon","coordinates":[[[[82.5484,17.2524],[82.5324,17.28],[82.5412,17.3116],[82.5312,17.3166],[82.5634,17.3542],[82.5586,17.4062],[82.6042,17.4635],[82.5573,17.5259],[82.4899,17.5074],[82.4707,17.539],[82.456,17.4878],[82.4116,17.4735],[82.3779,17.4858],[82.4073,17.521],[82.3577,17.5209],[82.3452,17.5073],[82.3317,17.5219],[82.3444,17.5853],[82.3154,17.5899],[82.2682,17.6235],[82.2174,17.6388],[82.1785,17.6115],[82.1282,17.6551],[82.0168,17.6269],[82.0409,17.7031],[82.0176,17.7606],[81.981,17.7674],[81.9643,17.7569],[81.9737,17.7468],[81.9368,17.7406],[81.8679,17.7505],[81.9293,17.8091],[81.9675,17.8209],[81.9882,17.8502],[82.0211,17.846],[82.0034,17.8865],[82.0315,17.9376],[81.9817,18.0145],[81.8097,17.9449],[81.767,17.9022],[81.8015,17.8615],[81.7911,17.8409],[81.7383,17.8282],[81.6936,17.7795],[81.6318,17.7717],[81.5854,17.735],[81.58,17.6968],[81.5118,17.5989],[81.5327,17.5789],[81.5104,17.5485],[81.5071,17.4993],[81.5255,17.4678],[81.6131,17.4262],[81.6177,17.3594],[81.659,17.3225],[81.65,17.2595],[81.6807,17.243],[81.6898,17.175],[81.7116,17.1613],[81.7707,17.0591],[81.7666,17.0038],[81.7822,16.963],[81.7695,16.9575],[81.7753,16.9039],[81.7375,16.8982],[81.7541,16.867],[81.7488,16.8142],[81.7615,16.7836],[81.7912,16.7591],[81.7994,16.7067],[81.8433,16.6592],[81.8678,16.5945],[81.8533,16.5256],[81.8045,16.4933],[81.7641,16.4414],[81.7519,16.4372],[81.7316,16.4594],[81.7127,16.4598],[81.7063,16.4397],[81.7257,16.3386],[81.7069,16.3157],[81.7204,16.3088],[81.8507,16.3725],[81.9458,16.3956],[82.3182,16.5735],[82.319,16.5874],[82.2989,16.5921],[82.267,16.6412],[82.2751,16.6437],[82.2652,16.6691],[82.2339,16.7248],[82.2182,16.7259],[82.2675,16.7522],[82.2824,16.7512],[82.2723,16.7323],[82.294,16.745],[82.3155,16.7326],[82.3413,16.7373],[82.3577,16.8515],[82.316,16.8485],[82.2705,16.8742],[82.2452,16.9091],[82.2485,16.9354],[82.2709,16.942],[82.2925,17.0196],[82.3212,17.0605],[82.4475,17.1784],[82.5484,17.2524]]],[[[82.3175,16.6048],[82.3271,16.6627],[82.3677,16.7169],[82.3615,16.734],[82.3326,16.7271],[82.3094,16.7013],[82.2671,16.7159],[82.2985,16.6501],[82.2865,16.6358],[82.3054,16.5985],[82.3175,16.6048]]]]}},{"type":"Feature","properties":{"name":"Guntur","state":"Andhra Pradesh","level":"district"},"geometry":{"type":"Polygon","coordinates":[[[80.4392,15.8086],[80.5952,15.8677],[80.7267,15.8779],[80.7726,15.8577],[80.8224,15.7148],[80.9236,15.7222],[80.8775,15.7898],[80.8413,15.7822],[80.9064,15.9243],[80.9034,16.0176],[80.8695,16.1433],[80.8098,16.2857],[80.669,16.4759],[80.4839,16.5978],[80.3892,16.6035],[80.3752,16.6191],[80.3344,16.625],[80.2235,16.6223],[80.1547,16.6577],[80.1377,16.679],[80.1496,16.7055],[80.1485,16.7564],[80.1206,16.8295],[80.0875,16.8321],[80.0567,16.7536],[79.9514,16.6411],[79.9109,16.6463],[79.8705,16.7065],[79.8189,16.6987],[79.7835,16.7376],[79.7365,16.7032],[79.6777,16.6922],[79.6565,16.67],[79.6084,16.6712],[79.5624,16.6425],[79.5056,16.6383],[79.4589,16.6169],[79.4349,16.5903],[79.3415,16.5861],[79.2743,16.569],[79.2386,16.5268],[79.2323,16.4997],[79.2444,16.4662],[79.2273,16.4459],[79.2197,16.3706],[79.2362,16.3447],[79.2335,16.2581],[79.2004,16.2307],[79.222,16.2232],[79.2259,16.1821],[79.3289,16.243],[79.3689,16.2438],[79.4642,16.3116],[79.4987,16.3023],[79.5331,16.319],[79.5475,16.3135],[79.5755,16.1975],[79.556,16.1522],[79.5664,16.0919],[79.5446,16.1036],[79.5351,16.0798],[79.5464,16.0675],[79.5694,16.072],[79.5856,16.0275],[79.5611,16.007],[79.5697,15.9478],[79.6175,15.9387],[79.6186,15.9236],[79.641,15.9113],[79.6637,15.9212],[79.705,15.8996],[79.7012,15.8817],[79.7296,15.8611],[79.7238,15.8424],[79.7808,15.8283],[79.7843,15.8438],[79.7607,15.8636],[79.7682,15.8974],[79.7927,15.9142],[79.8028,15.9399],[79.8804,15.9198],[79.9164,15.948],[79.9251,15.9656],[79.9108,15.9734],[79.9056,16.0075],[79.8702,16.0163],[79.8922,16.0585],[79.9219,16.0709],[79.871,16.1245],[79.8682,16.1537],[79.8864,16.1666],[80.0002,16.1396],[80.0228,16.1135],[80.0509,16.1263],[80.0436,16.0904],[80.071,16.092],[80.0889,16.0218],[80.1022,16.0099],[80.1425,16.0183],[80.1467,16.045],[80.1824,16.0378],[80.1876,16.0259],[80.1996,16.0381],[80.232,16.0327],[80.2462,16.0521],[80.3064,16.0545],[80.3401,16.016],[80.3556,16.0282],[80.4223,16.0018],[80.4258,15.9904],[80.4036,15.9992],[80.379,15.9869],[80.399,15.9053],[80.4065,15.8941],[80.4455,15.9136],[80.4818,15.8986],[80.4346,15.8563],[80.4392,15.8086]]]}},{"type":"Feature","properties":{"name":"Kadapa(YSR)","state":"Andhra Pradesh","level":"district"},"geometry":{"type":"Polygon","coordinates":[[[78.7701,15.1867],[78.7633,15.0392],[78.7203,15.0222],[78.7192,14.9664],[78.6922,14.9642],[78.6718,14.9296],[78.6367,14.9245],[78.6306,14.943],[78.6095,14.95],[78.5562,14.9269],[78.548,14.9612],[78.4831,14.9013],[78.5266,15.0014],[78.5228,15.0668],[78.49,15.0591],[78.4957,15.0382],[78.4307,15.0349],[78.4076,14.9624],[78.3499,15.0013],[78.3602,15.0288],[78.3776,15.0291],[78.3957,15.0551],[78.2895,15.0688],[78.2878,15.0336],[78.2488,15.0013],[78.2378,14.9555],[78.1662,14.9581],[78.1194,14.9282],[78.1003,14.8738],[78.1001,14.8614],[78.1174,14.8569],[78.1119,14.8269],[78.0873,14.8274],[78.0568,14.7778],[78.086,14.7565],[78.0748,14.7218],[78.0976,14.7215],[78.1178,14.6954],[78.1408,14.695],[78.1346,14.6294],[78.0981,14.6264],[78.0477,14.5396],[77.9881,14.5415],[77.9673,14.5845],[77.9479,14.5677],[77.9971,14.5021],[78.1519,14.3748],[78.3021,14.308],[78.3535,14.3091],[78.3579,14.2888],[78.4263,14.2804],[78.4106,14.2087],[78.4343,14.1994],[78.4289,14.1561],[78.4656,14.114],[78.4484,14.0907],[78.4436,14.0239],[78.4771,14.0107],[78.4703,13.9601],[78.4922,13.9404],[78.5465,13.9912],[78.5841,13.984],[78.5726,13.9636],[78.5991,13.9591],[78.5889,13.9117],[78.6574,13.9071],[78.6455,13.869],[78.7246,13.8872],[78.7728,13.8288],[78.7845,13.8312],[78.7835,13.8654],[78.8001,13.8798],[78.8831,13.898],[78.9743,13.8878],[78.9917,13.9095],[79.0068,13.9082],[79.0311,13.888],[79.0877,13.8758],[79.1015,13.8492],[79.151,13.861],[79.2187,13.8108],[79.1924,13.794],[79.2275,13.7576],[79.2955,13.7584],[79.3117,13.7244],[79.3894,13.76],[79.4197,13.7619],[79.4275,13.7838],[79.4115,13.8116],[79.4279,13.846],[79.4021,13.9172],[79.416,13.9169],[79.4292,13.9558],[79.3852,13.9522],[79.4098,13.9958],[79.3859,14.0061],[79.3792,14.0477],[79.4366,14.0349],[79.4505,14.0802],[79.425,14.2175],[79.4295,14.2498],[79.4145,14.2973],[79.3882,14.343],[79.3651,14.3561],[79.3278,14.4311],[79.3255,14.4423],[79.3531,14.4562],[79.347,14.4653],[79.3205,14.4925],[79.2959,14.4807],[79.2367,14.5889],[79.2237,14.5973],[79.215,14.5887],[79.1798,14.6228],[79.1693,14.6782],[79.1773,14.7148],[79.1435,14.7888],[79.1336,14.847],[79.094,14.893],[79.0735,14.9627],[79.0768,15.0557],[79.0582,15.1429],[79.0685,15.1773],[79.0229,15.1838],[78.9933,15.169],[78.9711,15.1733],[78.95,15.2381],[78.9237,15.1974],[78.8235,15.2091],[78.7701,15.1867]]]}},{"type":"Feature","properties":{"name":"Krishna","state":"Andhra Pradesh","level":"district"},"geometry":{"type":"MultiPolygon","coordinates":[[[[80.8679,17.06],[80.8416,17.0349],[80.8323,17.0469],[80.7348,17.0736],[80.693,17.0776],[80.6486,17.0639],[80.6467,17.0807],[80.6656,17.0966],[80.569,17.1466],[80.5283,17.1167],[80.505,17.1164],[80.4911,17.0589],[80.4618,17.0456],[80.4551,17.0256],[80.4294,17.0334],[80.4039,17.086],[80.3758,17.065],[80.3976,17.0226],[80.3671,16.9792],[80.4515,16.9537],[80.4968,16.9263],[80.5003,16.957],[80.5297,16.9453],[80.5408,16.959],[80.5932,16.9355],[80.5958,16.883],[80.574,16.8781],[80.5637,16.8339],[80.6133,16.797],[80.572,16.7721],[80.4655,16.7991],[80.4616,16.8241],[80.4087,16.8586],[80.4032,16.834],[80.382,16.82],[80.3676,16.8637],[80.3439,16.8645],[80.3463,16.8758],[80.3282,16.8796],[80.3102,16.9643],[80.2709,17.019],[80.2445,17.0106],[80.2266,17.0279],[80.21,17.0214],[80.203,17.0507],[80.1908,17.053],[80.1441,16.9963],[80.0963,16.9955],[80.0929,16.9713],[80.0545,16.9734],[80.0003,16.8714],[80.0418,16.8607],[80.0506,16.8344],[80.0785,16.822],[80.0875,16.8321],[80.1206,16.8295],[80.1485,16.7564],[80.1496,16.7055],[80.1377,16.679],[80.1547,16.6577],[80.2235,16.6223],[80.3344,16.625],[80.3752,16.6191],[80.3892,16.6035],[80.4839,16.5978],[80.6731,16.4716],[80.8098,16.2857],[80.89,16.075],[80.9064,15.9243],[80.8413,15.7822],[80.8775,15.7898],[80.8996,15.7459],[80.944,15.7171],[81.0126,15.7655],[80.9969,15.7975],[80.9996,15.8336],[81.1435,15.9752],[81.1416,16.0151],[81.1891,16.1032],[81.2128,16.1935],[81.2652,16.2772],[81.3277,16.317],[81.395,16.3422],[81.5411,16.3493],[81.5556,16.3685],[81.5473,16.3892],[81.4921,16.3865],[81.4783,16.4074],[81.4082,16.4333],[81.3722,16.4743],[81.3716,16.51],[81.331,16.5204],[81.3551,16.5677],[81.3454,16.5718],[81.3528,16.6062],[81.3251,16.6248],[81.334,16.6789],[81.3158,16.6922],[81.2856,16.6678],[81.2758,16.6334],[81.2514,16.6163],[81.2346,16.6293],[81.2421,16.6056],[81.2233,16.6124],[81.2329,16.5809],[81.1983,16.6291],[81.207,16.6492],[81.2251,16.6484],[81.2464,16.6682],[81.2397,16.6822],[81.2487,16.6905],[81.2177,16.7011],[81.1985,16.6887],[81.2021,16.6673],[81.1756,16.6745],[81.1585,16.6624],[81.1808,16.6241],[81.1638,16.6216],[81.1505,16.5983],[81.1349,16.607],[81.1121,16.5986],[81.0927,16.6128],[81.0817,16.6024],[81.0871,16.5878],[81.011,16.5621],[81.0045,16.5985],[80.9554,16.6652],[80.9706,16.6698],[80.9934,16.6432],[81.0109,16.6449],[80.9829,16.6774],[80.9927,16.6819],[80.9835,16.7176],[81.0128,16.7437],[81.0392,16.7985],[81.0364,16.817],[81.0089,16.841],[81.0002,16.8703],[80.9367,16.9573],[80.9623,17.0195],[80.9606,17.0489],[80.9381,17.066],[80.8679,17.06]]],[[[81.3529,16.3224],[81.3731,16.3258],[81.3745,16.3279],[81.3529,16.3224]]]]}},{"type":"Feature","properties":{"name":"Kurnool","state":"Andhra Pradesh","level":"district"},"geometry":{"type":"Polygon","coordinates":[[[78.9214,16.1166],[78.8971,16.1063],[78.8807,16.1179],[78.8709,16.1607],[78.8458,16.1643],[78.8474,16.1019],[78.8296,16.0699],[78.798,16.0404],[78.7619,16.0286],[78.6944,16.0479],[78.6247,16.1062],[78.5667,16.0636],[78.4283,16.0898],[78.3476,16.0597],[78.3234,16.0361],[78.2637,16.0381],[78.2669,16.0016],[78.2451,15.936],[78.1871,15.9073],[78.1717,15.8559],[78.1328,15.8558],[78.1339,15.8418],[78.1166,15.8341],[78.0705,15.8514],[78.048,15.8788],[78.043,15.9088],[78.0237,15.9018],[78.0086,15.8659],[77.8941,15.9024],[77.8574,15.8806],[77.8055,15.8717],[77.7222,15.8928],[77.6649,15.8827],[77.6122,15.9178],[77.4331,15.9476],[77.3815,15.9389],[77.249,15.9622],[77.1481,15.9459],[77.0813,15.915],[77.0267,15.8371],[77.0685,15.8285],[77.0718,15.8015],[77.0478,15.74],[77.0809,15.727],[77.0891,15.7145],[77.0807,15.6964],[77.1299,15.6647],[77.1258,15.6429],[77.121,15.6309],[77.0862,15.6585],[77.0339,15.6394],[77.0314,15.5057],[76.9765,15.512],[76.975,15.4966],[77.0322,15.441],[77.0334,15.4072],[77.0487,15.3897],[77.043,15.3647],[77.0679,15.3439],[77.0666,15.3279],[77.1149,15.3334],[77.1206,15.296],[77.1532,15.2919],[77.1505,15.2723],[77.1696,15.2653],[77.1288,15.2395],[77.1262,15.2275],[77.1554,15.2142],[77.17,15.1748],[77.1408,15.1424],[77.1827,15.1433],[77.1981,15.1594],[77.2945,15.1313],[77.3215,15.1763],[77.3526,15.1768],[77.3665,15.2222],[77.4263,15.2233],[77.4509,15.2062],[77.4533,15.2209],[77.4848,15.209],[77.5273,15.2238],[77.5882,15.1851],[77.6131,15.1825],[77.6174,15.2048],[77.67,15.2323],[77.6998,15.2044],[77.6968,15.1835],[77.7325,15.1699],[77.7516,15.1288],[77.7903,15.1059],[77.8193,15.1412],[77.8768,15.1349],[77.8954,15.1775],[77.9217,15.1711],[77.924,15.1551],[77.9511,15.1584],[77.97,15.1247],[77.9774,15.1384],[77.9987,15.1363],[78.0262,15.1036],[78.0156,15.0776],[77.9953,15.0761],[77.9966,15.0474],[78.0144,15.0586],[78.0361,15.0085],[78.1261,14.9672],[78.1448,14.9463],[78.1795,14.9602],[78.2378,14.9555],[78.2488,15.0013],[78.2878,15.0336],[78.2849,15.0626],[78.2969,15.0738],[78.3957,15.0551],[78.3776,15.0291],[78.3602,15.0288],[78.3499,15.0013],[78.4076,14.9624],[78.4307,15.0349],[78.4957,15.0382],[78.49,15.0591],[78.5114,15.069],[78.5265,15.0594],[78.5266,15.0014],[78.4831,14.9013],[78.548,14.9612],[78.5562,14.9269],[78.6095,14.95],[78.6306,14.943],[78.6367,14.9245],[78.6718,14.9296],[78.6922,14.9642],[78.7192,14.9664],[78.7203,15.0222],[78.7633,15.0392],[78.77,15.0658],[78.7604,15.1061],[78.7701,15.1867],[78.7505,15.1834],[78.744,15.3064],[78.7742,15.4073],[78.7756,15.6797],[78.8132,15.8757],[78.8337,15.9081],[78.9023,15.9652],[78.9216,16.0008],[78.9337,16.0707],[78.9214,16.1166]]]}},{"type":"Feature","properties":{"name":"Prakasam","state":"Andhra Pradesh","level":"district"},"geometry":{"type":"Polygon","coordinates":[[[80.0524,15.02],[80.0489,15.0931],[80.0852,15.1902],[80.0849,15.2735],[80.1097,15.3447],[80.2047,15.472],[80.2447,15.6191],[80.2851,15.6891],[80.348,15.7529],[80.4392,15.8086],[80.4346,15.8563],[80.4818,15.8986],[80.4455,15.9136],[80.4065,15.8941],[80.399,15.9053],[80.379,15.9869],[80.4036,15.9992],[80.4258,15.9904],[80.4223,16.0018],[80.3556,16.0282],[80.3401,16.016],[80.3064,16.0545],[80.2462,16.0521],[80.232,16.0327],[80.1996,16.0381],[80.1876,16.0259],[80.1824,16.0378],[80.1467,16.045],[80.1425,16.0183],[80.1022,16.0099],[80.0889,16.0218],[80.071,16.092],[80.0436,16.0904],[80.0509,16.1263],[80.0228,16.1135],[80.0002,16.1396],[79.8864,16.1666],[79.8682,16.1537],[79.871,16.1245],[79.9219,16.0709],[79.8922,16.0585],[79.8702,16.0163],[79.9056,16.0075],[79.9108,15.9734],[79.9251,15.9656],[79.8877,15.9208],[79.8028,15.9399],[79.7927,15.9142],[79.7682,15.8974],[79.7607,15.8636],[79.7845,15.837],[79.7603,15.8252],[79.7238,15.8424],[79.7296,15.8611],[79.7012,15.8817],[79.705,15.8996],[79.6637,15.9212],[79.641,15.9113],[79.6186,15.9236],[79.6175,15.9387],[79.5697,15.9478],[79.5611,16.007],[79.5856,16.0275],[79.5694,16.072],[79.5464,16.0675],[79.5351,16.0798],[79.5446,16.1036],[79.5664,16.0919],[79.556,16.1522],[79.5755,16.1975],[79.5475,16.3135],[79.5331,16.319],[79.4987,16.3023],[79.4642,16.3116],[79.3689,16.2438],[79.3289,16.243],[79.2259,16.1821],[79.2148,16.2297],[79.185,16.2251],[79.1415,16.2443],[79.0391,16.2535],[78.9161,16.1986],[78.9337,16.0707],[78.9216,16.0008],[78.9023,15.9652],[78.8337,15.9081],[78.8132,15.8757],[78.7756,15.6797],[78.7742,15.4073],[78.744,15.3064],[78.7505,15.1834],[78.8235,15.2091],[78.9237,15.1974],[78.95,15.2381],[78.9711,15.1733],[78.9933,15.169],[79.0229,15.1838],[79.0685,15.1773],[79.0582,15.1429],[79.0768,15.0557],[79.0898,15.0863],[79.124,15.1041],[79.1993,15.0886],[79.2561,15.1093],[79.2995,15.0917],[79.3249,15.1179],[79.3327,15.0901],[79.3533,15.112],[79.3609,15.0873],[79.4114,15.0782],[79.4217,15.0573],[79.4677,15.0646],[79.5527,15.0241],[79.5636,15.044],[79.693,15.0347],[79.7272,15.0498],[79.7246,15.0398],[79.7443,15.0327],[79.7581,15.0524],[79.7904,15.0619],[79.8055,15.0569],[79.788,15.0265],[79.8011,15.0157],[79.7824,14.9767],[79.8584,14.9548],[79.9037,15.0011],[79.9475,15.0208],[79.9808,15.0169],[80.0005,14.988],[80.0334,14.9972],[80.0524,15.02]]]}},{"type":"Feature","properties":{"name":"Sri Potti Sriramulu Nellore","state":"Andhra Pradesh","level":"district"},"geometry":{"type":"Polygon","coordinates":[[[79.0768,15.0557],[79.0735,14.9627],[79.094,14.893],[79.1336,14.847],[79.1435,14.7888],[79.1773,14.7148],[79.1693,14.6782],[79.1798,14.6228],[79.215,14.5887],[79.2237,14.5973],[79.2367,14.5889],[79.2959,14.4807],[79.3205,14.4925],[79.347,14.4653],[79.3531,14.4562],[79.3255,14.4423],[79.3278,14.4311],[79.3651,14.3561],[79.3882,14.343],[79.4184,14.2873],[79.4402,14.1293],[79.4532,14.1043],[79.4343,14.0195],[79.4556,13.9846],[79.4597,13.9459],[79.4449,13.89],[79.4746,13.8972],[79.4816,13.9108],[79.5895,13.9196],[79.5967,13.8905],[79.6263,13.877],[79.616,13.8497],[79.6709,13.8355],[79.6823,13.9239],[79.7265,13.9064],[79.7306,13.868],[79.7627,13.8089],[79.813,13.797],[79.8323,13.7803],[79.8595,13.8102],[79.8808,13.8144],[79.8736,13.777],[79.8533,13.7682],[79.8719,13.7086],[79.959,13.7079],[79.9749,13.689],[79.9616,13.6675],[79.9689,13.6534],[80.0022,13.6441],[80.0246,13.5786],[80.047,13.5765],[80.0423,13.5376],[80.0856,13.548],[80.0808,13.4922],[80.1106,13.493],[80.1136,13.5092],[80.1266,13.5083],[80.1775,13.4884],[80.2159,13.4885],[80.2421,13.469],[80.2685,13.5633],[80.234,13.656],[80.2532,13.7809],[80.1467,14.043],[80.1273,14.1734],[80.1396,14.2699],[80.1685,14.3514],[80.1951,14.5767],[80.1638,14.6281],[80.1412,14.7115],[80.0992,14.775],[80.0524,15.02],[80.0334,14.9972],[80.0005,14.988],[79.9808,15.0169],[79.9475,15.0208],[79.9037,15.0011],[79.8584,14.9548],[79.7824,14.9767],[79.8011,15.0157],[79.788,15.0265],[79.8055,15.0569],[79.7904,15.0619],[79.7581,15.0524],[79.7443,15.0327],[79.7246,15.0398],[79.7272,15.0498],[79.693,15.0347],[79.5636,15.044],[79.5527,15.0241],[79.4677,15.0646],[79.4217,15.0573],[79.4114,15.0782],[79.3609,15.0873],[79.3533,15.112],[79.3327,15.0901],[79.3249,15.1179],[79.2995,15.0917],[79.2561,15.1093],[79.1993,15.0886],[79.124,15.1041],[79.0898,15.0863],[79.0768,15.0557]]]}},{"type":"Feature","properties":{"name":"Srikakulam","state":"Andhra Pradesh","level":"district"},"geometry":{"type":"Polygon","coordinates":[[[83.6745,18.0834],[84.0709,18.2755],[84.1274,18.3134],[84.1535,18.3762],[84.356,18.5568],[84.3682,18.593],[84.4417,18.662],[84.4917,18.74],[84.5528,18.7927],[84.5934,18.8754],[84.6751,18.9568],[84.7676,19.0812],[84.7044,19.1183],[84.7121,19.1585],[84.6719,19.1661],[84.6681,19.1314],[84.5988,19.1333],[84.6268,19.0861],[84.6556,19.0938],[84.6715,19.0759],[84.6614,19.0619],[84.6197,19.0644],[84.5971,19.0231],[84.5806,19.0447],[84.5851,19.0717],[84.5731,19.0746],[84.5606,19.057],[84.4964,19.0305],[84.4787,18.9909],[84.4223,19.0234],[84.4443,18.9753],[84.4238,18.9643],[84.4365,18.9235],[84.4251,18.9104],[84.4133,18.9159],[84.4193,18.9037],[84.4012,18.8956],[84.3725,18.906],[84.3948,18.8875],[84.3904,18.8791],[84.3587,18.8929],[84.3786,18.8767],[84.3696,18.8609],[84.3433,18.8765],[84.3513,18.8218],[84.3366,18.8189],[84.3395,18.802],[84.3162,18.7884],[84.2912,18.8007],[84.2595,18.7824],[84.2241,18.7971],[84.1872,18.7788],[84.1588,18.7856],[84.1304,18.7581],[84.0893,18.7544],[84.0345,18.8118],[83.9473,18.8061],[83.9095,18.8264],[83.8945,18.8149],[83.8447,18.874],[83.8478,18.9133],[83.8248,18.9187],[83.8223,18.9623],[83.7959,19.0168],[83.7486,18.9928],[83.7579,18.9534],[83.7847,18.9282],[83.7835,18.8997],[83.8218,18.8592],[83.8237,18.8336],[83.7703,18.8251],[83.7481,18.7755],[83.6721,18.8053],[83.6403,18.7762],[83.5432,18.7257],[83.5258,18.7004],[83.5452,18.6713],[83.5414,18.6208],[83.521,18.594],[83.523,18.5536],[83.5412,18.5497],[83.5612,18.5681],[83.6094,18.5613],[83.6094,18.5205],[83.5593,18.4984],[83.5924,18.468],[83.5672,18.447],[83.5785,18.4263],[83.5682,18.4088],[83.6012,18.3908],[83.6047,18.3694],[83.5895,18.3418],[83.7043,18.2872],[83.6631,18.2651],[83.6655,18.2276],[83.6527,18.2032],[83.6268,18.2105],[83.6008,18.2004],[83.6128,18.1925],[83.6045,18.1574],[83.6261,18.1346],[83.6191,18.1276],[83.6745,18.0834]]]}},{"type":"Feature","properties":{"name":"Visakhapatnam","state":"Andhra Pradesh","level":"district"},"geometry":{"type":"Polygon","coordinates":[[[82.5484,17.2524],[82.706,17.3438],[82.9916,17.4728],[83.0227,17.5078],[83.213,17.591],[83.2381,17.6125],[83.2405,17.6329],[83.2953,17.6748],[83.3098,17.705],[83.3457,17.7254],[83.3546,17.7566],[83.4098,17.8095],[83.4136,17.85],[83.4884,17.9247],[83.4286,17.9419],[83.4059,17.9229],[83.405,17.9048],[83.3842,17.9137],[83.3803,17.9321],[83.4176,18.0071],[83.4052,18.0486],[83.3591,18.057],[83.3145,18.0224],[83.3227,18.0019],[83.3104,17.9841],[83.2334,17.9462],[83.234,17.9276],[83.2552,17.9125],[83.2352,17.8959],[83.2308,17.8697],[83.2076,17.8715],[83.2002,17.8454],[83.166,17.8446],[83.1559,17.8308],[83.1387,17.8704],[83.1241,17.8708],[83.1236,17.9021],[83.1051,17.9324],[83.0093,17.9692],[83.0,18.0008],[83.0578,18.0877],[83.0909,18.0951],[83.1014,18.1339],[83.1524,18.155],[83.1413,18.1678],[83.1074,18.157],[83.1134,18.1842],[83.101,18.2179],[83.1379,18.2266],[83.1378,18.2612],[83.183,18.2299],[83.2076,18.1922],[83.2184,18.1911],[83.2224,18.2114],[83.2467,18.2022],[83.2538,18.2277],[83.2717,18.2174],[83.2684,18.2758],[83.2196,18.3045],[83.227,18.335],[83.1728,18.3102],[83.155,18.3421],[83.1022,18.3597],[83.0819,18.3179],[83.0724,18.3748],[83.1014,18.4157],[83.0477,18.3796],[83.0254,18.3939],[82.9847,18.3644],[82.941,18.3608],[82.9001,18.3762],[82.8929,18.422],[82.8532,18.4189],[82.8266,18.4476],[82.8074,18.4485],[82.7845,18.4288],[82.8016,18.4041],[82.7754,18.3403],[82.6672,18.2958],[82.6537,18.2497],[82.6353,18.238],[82.5891,18.2792],[82.5993,18.301],[82.5848,18.3159],[82.6105,18.3263],[82.6049,18.3499],[82.6196,18.3555],[82.6069,18.363],[82.6074,18.3806],[82.5406,18.4023],[82.5621,18.4464],[82.5385,18.443],[82.5244,18.4645],[82.5358,18.4769],[82.5314,18.5125],[82.5074,18.5103],[82.4897,18.5236],[82.4899,18.5469],[82.3694,18.4185],[82.3928,18.3778],[82.3429,18.3258],[82.3572,18.3149],[82.3928,18.3275],[82.4014,18.3152],[82.3803,18.283],[82.3453,18.2751],[82.3298,18.2313],[82.3413,18.2247],[82.3146,18.2046],[82.3188,18.1836],[82.3572,18.1709],[82.3737,18.1488],[82.3661,18.1343],[82.3419,18.1515],[82.3407,18.1033],[82.3522,18.0842],[82.3449,18.0565],[82.3259,18.0578],[82.3218,18.044],[82.3051,18.0554],[82.3065,18.0712],[82.2755,18.0575],[82.2668,18.0441],[82.2759,17.9958],[82.2503,17.9891],[82.2456,18.0013],[82.186,18.0197],[82.1723,18.0507],[82.141,18.0447],[82.1219,18.0668],[82.101,18.0617],[82.0808,18.0745],[82.0683,18.054],[82.0333,18.0667],[82.0152,18.058],[82.0103,18.0326],[81.9817,18.0145],[82.0315,17.9376],[82.0034,17.8865],[82.0195,17.8427],[81.9882,17.8502],[81.9675,17.8209],[81.9293,17.8091],[81.867,17.7529],[81.8826,17.742],[81.9368,17.7406],[81.9737,17.7468],[81.9643,17.7569],[81.981,17.7674],[82.0176,17.7606],[82.0409,17.7031],[82.0168,17.6269],[82.1282,17.6551],[82.1785,17.6115],[82.2174,17.6388],[82.2682,17.6235],[82.3154,17.5899],[82.3444,17.5853],[82.3317,17.5219],[82.3452,17.5073],[82.3577,17.5209],[82.4073,17.521],[82.3779,17.4858],[82.4116,17.4735],[82.456,17.4878],[82.4707,17.539],[82.4899,17.5074],[82.5573,17.5259],[82.6042,17.4635],[82.5586,17.4062],[82.5634,17.3542],[82.5312,17.3166],[82.5412,17.3116],[82.5324,17.28],[82.5484,17.2524]]]}},{"type":"Feature","properties":{"name":"Vizianagaram","state":"Andhra Pradesh","level":"district"},"geometry":{"type":"Polygon","coordinates":[[[83.4884,17.9247],[83.5399,17.9587],[83.574,18.0144],[83.6745,18.0834],[83.6191,18.1276],[83.6261,18.1346],[83.6045,18.1574],[83.6128,18.1925],[83.6008,18.2004],[83.6268,18.2105],[83.6527,18.2032],[83.6655,18.2276],[83.6631,18.2651],[83.7047,18.2844],[83.5895,18.3418],[83.6047,18.3694],[83.6012,18.3908],[83.5682,18.4088],[83.5785,18.4263],[83.5672,18.447],[83.5924,18.468],[83.5593,18.4984],[83.6094,18.5205],[83.6094,18.5613],[83.5612,18.5681],[83.5346,18.5476],[83.5195,18.56],[83.5452,18.6713],[83.53,18.7118],[83.6721,18.8053],[83.7481,18.7755],[83.7703,18.8251],[83.8237,18.8336],[83.8195,18.8626],[83.7534,18.9273],[83.7339,18.9845],[83.7133,18.9942],[83.7126,19.0083],[83.7308,19.0208],[83.7046,19.0253],[83.6644,19.0836],[83.657,19.1304],[83.6374,19.1355],[83.6308,19.1621],[83.6019,19.1288],[83.612,19.0968],[83.5922,19.0884],[83.5864,19.0584],[83.5653,19.06],[83.5626,19.0867],[83.5541,19.0824],[83.5599,19.0558],[83.5391,19.0141],[83.5031,19.0197],[83.5012,19.0354],[83.5213,19.0334],[83.5131,19.0733],[83.5013,19.0616],[83.4809,19.0862],[83.4671,19.0781],[83.4857,19.0298],[83.4823,19.0089],[83.4562,19.0082],[83.468,18.9894],[83.4632,18.9543],[83.4165,18.9885],[83.4166,19.0048],[83.3752,19.0022],[83.3484,19.0175],[83.337,18.9967],[83.3131,18.9981],[83.3402,18.952],[83.3263,18.9422],[83.3368,18.9256],[83.3491,18.9271],[83.3535,18.9657],[83.3688,18.962],[83.388,18.932],[83.3544,18.9355],[83.3683,18.9099],[83.3917,18.9084],[83.3803,18.8986],[83.3932,18.8821],[83.4191,18.8682],[83.4057,18.8615],[83.4041,18.8396],[83.3807,18.8301],[83.3667,18.8409],[83.3641,18.809],[83.2874,18.7985],[83.274,18.7659],[83.2273,18.7747],[83.2303,18.7539],[83.213,18.7248],[83.192,18.7344],[83.2098,18.7471],[83.1898,18.7692],[83.1588,18.7675],[83.1409,18.7812],[83.1202,18.767],[83.1245,18.7567],[83.0787,18.706],[83.059,18.6631],[83.0178,18.6454],[83.0293,18.6194],[83.0161,18.5974],[83.0492,18.6057],[83.062,18.5955],[83.035,18.577],[83.0406,18.557],[83.0593,18.5441],[83.0974,18.5471],[83.0599,18.4868],[83.0236,18.4537],[83.0455,18.4442],[83.0456,18.4283],[83.068,18.438],[83.074,18.4026],[83.1014,18.4157],[83.0724,18.3748],[83.0793,18.3187],[83.1022,18.3597],[83.155,18.3421],[83.1728,18.3102],[83.227,18.335],[83.2196,18.3045],[83.2684,18.2758],[83.274,18.2258],[83.2678,18.2171],[83.2494,18.2255],[83.2467,18.2022],[83.2224,18.2114],[83.2184,18.1911],[83.2076,18.1922],[83.183,18.2299],[83.1378,18.2612],[83.1379,18.2266],[83.101,18.2179],[83.1134,18.1842],[83.1074,18.157],[83.1413,18.1678],[83.1524,18.155],[83.1014,18.1339],[83.0909,18.0951],[83.0578,18.0877],[83.0425,18.07],[83.0,18.0008],[83.0093,17.9692],[83.1051,17.9324],[83.1236,17.9021],[83.1241,17.8708],[83.1387,17.8704],[83.1559,17.8308],[83.166,17.8446],[83.2002,17.8454],[83.2076,17.8715],[83.2308,17.8697],[83.2352,17.8959],[83.2552,17.9125],[83.234,17.9276],[83.2334,17.9462],[83.3104,17.9841],[83.3227,18.0019],[83.3145,18.0224],[83.3591,18.057],[83.4052,18.0486],[83.4176,18.0071],[83.3803,17.9321],[83.3842,17.9137],[83.405,17.9048],[83.4059,17.9229],[83.4286,17.9419],[83.4884,17.9247]]]}},{"type":"Feature","properties":{"name":"West Godavari","state":"Andhra Pradesh","level":"district"},"geometry":{"type":"Polygon","coordinates":[[[81.5411,16.3493],[81.7161,16.3187],[81.7257,16.3386],[81.7063,16.4397],[81.7127,16.4598],[81.7316,16.4594],[81.7519,16.4372],[81.7641,16.4414],[81.8045,16.4933],[81.8533,16.5256],[81.8678,16.5945],[81.8433,16.6592],[81.7994,16.7067],[81.7912,16.7591],[81.7615,16.7836],[81.7488,16.8142],[81.7541,16.867],[81.7375,16.8982],[81.7753,16.9039],[81.7695,16.9575],[81.7822,16.963],[81.7666,17.0038],[81.7707,17.0591],[81.7116,17.1613],[81.6898,17.175],[81.6807,17.243],[81.65,17.2595],[81.659,17.3225],[81.6177,17.3594],[81.6131,17.4262],[81.5255,17.4678],[81.5071,17.4993],[81.5024,17.4582],[81.4247,17.371],[81.3808,17.3665],[81.3463,17.3992],[81.3315,17.3984],[81.2762,17.3293],[81.1906,17.3314],[81.1796,17.3056],[81.1896,17.2639],[81.1719,17.2419],[81.0713,17.2133],[81.0556,17.223],[81.0352,17.1958],[81.0003,17.1888],[80.9228,17.2142],[80.9143,17.2102],[80.9223,17.155],[80.8793,17.1553],[80.8641,17.1204],[80.8733,17.1049],[80.8679,17.06],[80.9381,17.066],[80.9606,17.0489],[80.9623,17.0195],[80.9367,16.9573],[81.0002,16.8703],[81.0089,16.841],[81.0364,16.817],[81.0392,16.7985],[81.0128,16.7437],[80.9835,16.7176],[80.9927,16.6819],[80.9829,16.6774],[81.0109,16.6449],[80.9934,16.6432],[80.9706,16.6698],[80.9554,16.6652],[81.0045,16.5985],[81.011,16.5621],[81.0871,16.5878],[81.0817,16.6024],[81.0927,16.6128],[81.1121,16.5986],[81.1349,16.607],[81.1505,16.5983],[81.1638,16.6216],[81.1808,16.6241],[81.1585,16.6624],[81.1756,16.6745],[81.2021,16.6673],[81.1985,16.6887],[81.2177,16.7011],[81.2487,16.6905],[81.2397,16.6822],[81.2464,16.6682],[81.2251,16.6484],[81.207,16.6492],[81.1983,16.6291],[81.2329,16.5809],[81.2233,16.6124],[81.2421,16.6056],[81.2346,16.6293],[81.2514,16.6163],[81.2758,16.6334],[81.2856,16.6678],[81.3158,16.6922],[81.334,16.6789],[81.3251,16.6248],[81.3528,16.6062],[81.3454,16.5718],[81.3551,16.5677],[81.331,16.5204],[81.3716,16.51],[81.3792,16.4628],[81.4378,16.4142],[81.4783,16.4074],[81.4921,16.3865],[81.5473,16.3892],[81.5546,16.361],[81.5411,16.3493]]]}},{"type":"Feature","properties":{"name":"Yanam","state":"Andhra Pradesh","level":"district"},"geometry":{"type":"Polygon","coordinates":[[[82.319,16.5874],[82.3175,16.6048],[82.3054,16.5985],[82.2865,16.6358],[82.2985,16.6501],[82.2671,16.7159],[82.3094,16.7013],[82.309,16.7426],[82.2723,16.7323],[82.2788,16.7527],[82.2403,16.7422],[82.2182,16.7259],[82.2339,16.7248],[82.2989,16.5921],[82.319,16.5874]]]}},{"type":"Feature","properties":{"name":"Dadra & Nagar Haveli","state":"Dadra and Nagar Haveli and Daman and Diu","level":"district"},"geometry":{"type":"Polygon","coordinates":[[[72.9601,20.235],[72.9772,20.1724],[72.9642,20.1315],[72.9797,20.1143],[72.9948,20.119],[73.0011,20.1412],[73.0081,20.136],[73.0007,20.1115],[73.0435,20.0687],[73.0514,20.1],[73.1085,20.0797],[73.1306,20.0852],[73.1726,20.0526],[73.2105,20.0983],[73.2077,20.1228],[73.1873,20.1407],[73.1906,20.1624],[73.2207,20.185],[73.2014,20.1981],[73.1369,20.2078],[73.1436,20.1769],[73.1191,20.158],[73.0961,20.1609],[73.0871,20.1751],[73.0774,20.1579],[73.0633,20.1644],[73.0551,20.2042],[73.0678,20.2307],[73.1016,20.233],[73.1376,20.2813],[73.171,20.2906],[73.1686,20.3131],[73.1528,20.3179],[73.1041,20.3058],[73.1132,20.3337],[73.0986,20.3615],[73.082,20.3277],[73.0414,20.3239],[73.035,20.292],[73.0173,20.2951],[73.0106,20.3183],[73.0113,20.2919],[72.9811,20.2931],[72.9747,20.2727],[72.9365,20.2945],[72.915,20.2798],[72.9313,20.2479],[72.9601,20.235]],[[72.9986,20.2375],[73.0031,20.2193],[72.9829,20.2157],[72.978,20.2321],[72.9986,20.2375]]]}},{"type":"Feature","properties":{"name":"Daman","state":"Dadra and Nagar Haveli and Daman and Diu","level":"district"},"geometry":{"type":"Polygon","coordinates":[[[72.7782,20.3377],[72.8163,20.3525],[72.8241,20.3608],[72.858,20.3579],[72.8973,20.3757],[72.8863,20.3825],[72.8967,20.3813],[72.9182,20.4229],[72.9035,20.4322],[72.8923,20.4698],[72.8425,20.4591],[72.8215,20.4142],[72.8209,20.3675],[72.7782,20.3377]]]}},{"type":"Feature","properties":{"name":"Diu","state":"Dadra and Nagar Haveli and Daman and Diu","level":"district"},"geometry":{"type":"Polygon","coordinates":[[[71.0081,20.7381],[70.92,20.7445],[70.8784,20.7301],[70.8693,20.7131],[70.8987,20.6998],[70.9284,20.7119],[70.9764,20.7021],[71.0081,20.7381]]]}},{"type":"Feature","properties":{"name":"North Goa","state":"Goa","level":"district"},"geometry":{"type":"Polygon","coordinates":[[[73.9046,15.4039],[73.9509,15.4038],[73.96,15.3731],[74.0157,15.3409],[74.0231,15.3],[74.0765,15.2909],[74.0848,15.2693],[74.1076,15.2641],[74.1145,15.2776],[74.0917,15.3179],[74.1107,15.3582],[74.0823,15.3866],[74.0794,15.4079],[74.1082,15.4224],[74.1145,15.4141],[74.1279,15.4328],[74.1817,15.4334],[74.1955,15.4575],[74.2506,15.4856],[74.2517,15.5],[74.2765,15.5162],[74.2775,15.5448],[74.2487,15.569],[74.263,15.6128],[74.2469,15.627],[74.2497,15.6573],[74.2258,15.6696],[74.2074,15.6522],[74.1842,15.6841],[74.1674,15.6552],[74.1194,15.6537],[74.1133,15.6409],[74.0351,15.6193],[74.0259,15.6039],[74.0001,15.6071],[73.9657,15.64],[73.9675,15.6912],[73.9509,15.6969],[73.9394,15.7395],[73.8763,15.7506],[73.8792,15.7729],[73.858,15.8005],[73.8238,15.7394],[73.7892,15.7261],[73.7464,15.737],[73.7335,15.7215],[73.6741,15.7284],[73.6927,15.7213],[73.723,15.6301],[73.7371,15.6138],[73.745,15.6265],[73.7561,15.6167],[73.732,15.6077],[73.732,15.5907],[73.7649,15.495],[73.8129,15.4948],[73.8026,15.4637],[73.788,15.4618],[73.8485,15.4525],[73.8621,15.4291],[73.8862,15.4319],[73.9046,15.4039]]]}},{"type":"Feature","properties":{"name":"South Goa","state":"Goa","level":"district"},"geometry":{"type":"MultiPolygon","coordinates":[[[[73.9509,15.4038],[73.8723,15.3964],[73.8402,15.4104],[73.8084,15.4004],[73.7942,15.4183],[73.7832,15.4106],[73.8074,15.378],[73.8414,15.3609],[73.8725,15.3699],[73.8924,15.3361],[73.9499,15.143],[73.9121,15.0845],[73.9663,15.0663],[73.989,15.0208],[74.0245,15.009],[74.0496,14.9578],[74.0472,14.9155],[74.0887,14.8987],[74.1336,14.924],[74.1698,14.9125],[74.1604,14.943],[74.1747,14.9566],[74.2064,14.925],[74.2386,14.9611],[74.2649,14.9702],[74.2565,14.9943],[74.2973,15.0434],[74.2731,15.0994],[74.2879,15.1235],[74.2844,15.1466],[74.3169,15.1875],[74.3015,15.2266],[74.2581,15.2453],[74.2521,15.261],[74.2776,15.2847],[74.3291,15.2863],[74.3366,15.2963],[74.3182,15.333],[74.3232,15.3706],[74.2773,15.3919],[74.2671,15.4685],[74.2532,15.4892],[74.1955,15.4575],[74.1817,15.4334],[74.1279,15.4328],[74.1145,15.4141],[74.1082,15.4224],[74.0794,15.4079],[74.0823,15.3866],[74.1107,15.3582],[74.0917,15.3179],[74.1145,15.2776],[74.1076,15.2641],[74.0848,15.2693],[74.0765,15.2909],[74.0231,15.3],[74.0157,15.3409],[73.96,15.3731],[73.9509,15.4038]]],[[[73.7824,15.349],[73.7672,15.3519],[73.7612,15.3532],[73.7652,15.3503],[73.7824,15.349]]],[[[73.793,15.3749],[73.799,15.3779],[73.7939,15.3782],[73.793,15.3749]]]]}},{"type":"Feature","properties":{"name":"Ahmadabad","state":"Gujarat","level":"district"},"geometry":{"type":"MultiPolygon","coordinates":[[[[72.2215,21.9455],[72.226,22.0433],[72.2866,22.0818],[72.3122,22.1685],[72.3423,22.1859],[72.3692,22.2409],[72.3713,22.2603],[72.3557,22.2684],[72.3516,22.2912],[72.3594,22.3217],[72.3753,22.3419],[72.4053,22.3491],[72.3898,22.3705],[72.3431,22.3859],[72.3688,22.4066],[72.3725,22.4438],[72.3583,22.44],[72.3617,22.4501],[72.3768,22.4522],[72.3785,22.4723],[72.4173,22.4768],[72.4394,22.5003],[72.4274,22.5723],[72.4434,22.5656],[72.4715,22.5799],[72.5062,22.6086],[72.511,22.6304],[72.5381,22.626],[72.5349,22.6445],[72.5509,22.672],[72.533,22.6772],[72.544,22.6892],[72.5205,22.7014],[72.5409,22.711],[72.5291,22.7295],[72.5253,22.7571],[72.5357,22.7684],[72.5216,22.7807],[72.5248,22.798],[72.5729,22.8251],[72.6108,22.815],[72.6097,22.8856],[72.6339,22.8832],[72.6515,22.8975],[72.694,22.88],[72.7273,22.9125],[72.7927,22.9082],[72.812,22.9424],[72.8445,22.9656],[72.8437,22.9805],[72.8251,23.0175],[72.8086,23.024],[72.8164,23.0359],[72.7907,23.0571],[72.7673,23.0582],[72.7794,23.0759],[72.7672,23.0939],[72.7457,23.0889],[72.7464,23.0981],[72.7217,23.0958],[72.7092,23.11],[72.6877,23.1001],[72.6523,23.1155],[72.6417,23.0927],[72.6025,23.0898],[72.6173,23.1179],[72.5582,23.1354],[72.5302,23.1699],[72.5173,23.1674],[72.5272,23.1454],[72.5098,23.1467],[72.4972,23.1321],[72.4857,23.1447],[72.4747,23.1272],[72.4862,23.0873],[72.4602,23.0823],[72.4738,23.0644],[72.4502,23.0593],[72.4475,23.0449],[72.4332,23.0445],[72.4289,23.0654],[72.4071,23.0676],[72.3897,23.0525],[72.3837,23.0776],[72.336,23.1075],[72.31,23.095],[72.3255,23.0617],[72.2951,23.0405],[72.2844,23.0798],[72.2609,23.0876],[72.261,23.1046],[72.2396,23.1176],[72.1643,23.1038],[72.1644,23.1377],[72.1885,23.144],[72.1706,23.1913],[72.1857,23.2153],[72.1797,23.2745],[72.1998,23.2771],[72.2094,23.3085],[72.2655,23.3463],[72.2625,23.3701],[72.2996,23.4137],[72.2635,23.4605],[72.2361,23.4237],[72.2166,23.4346],[72.1889,23.413],[72.1683,23.4409],[72.0996,23.4591],[72.0543,23.4439],[72.0271,23.4779],[72.0337,23.5086],[72.001,23.504],[71.9707,23.4672],[71.9605,23.3937],[71.8757,23.3838],[71.8968,23.3332],[71.8814,23.3159],[71.876,23.2279],[71.9013,23.2259],[71.9094,23.2654],[71.9293,23.2699],[71.9489,23.2425],[71.9747,23.2548],[72.0003,23.2498],[71.9917,23.2161],[71.9113,23.1812],[71.9021,23.1109],[71.9204,23.0752],[71.9498,23.0667],[71.951,23.04],[71.9631,23.0395],[71.9592,23.0487],[71.9826,23.0691],[72.0171,23.0566],[72.0102,22.9995],[72.0215,22.9925],[71.9907,22.9497],[72.0041,22.9238],[71.9847,22.8701],[71.9837,22.8174],[72.0042,22.7894],[72.0012,22.7492],[72.01,22.7467],[72.0022,22.7061],[72.0123,22.6926],[72.0279,22.7298],[72.0458,22.7117],[72.0842,22.7287],[72.1077,22.7209],[72.0911,22.676],[72.0673,22.6767],[72.0576,22.694],[72.0281,22.6796],[72.0624,22.6513],[72.0664,22.5943],[72.0974,22.6056],[72.1176,22.5992],[72.1701,22.57],[72.1887,22.5447],[72.1441,22.5146],[72.1625,22.4799],[72.0857,22.4377],[72.0516,22.4449],[72.0521,22.4729],[72.0324,22.5068],[71.9681,22.5096],[71.966,22.5334],[71.9356,22.538],[71.9101,22.5177],[71.921,22.4997],[71.9081,22.4835],[71.9281,22.4778],[71.9586,22.4899],[71.9625,22.4699],[71.9243,22.4498],[71.9348,22.3813],[71.9136,22.3774],[71.9035,22.4068],[71.8836,22.418],[71.852,22.3897],[71.8403,22.3325],[71.8573,22.3163],[71.8568,22.261],[71.8731,22.2669],[71.8891,22.2565],[71.9068,22.2611],[71.8975,22.2784],[71.9374,22.2774],[71.9428,22.2552],[72.0184,22.2417],[72.055,22.2501],[72.0868,22.2181],[72.1287,22.1994],[72.1112,22.1586],[72.1609,22.1476],[72.122,22.1101],[72.0597,22.0958],[72.0784,22.0613],[72.1335,22.0526],[72.1782,21.9939],[72.1659,21.9588],[72.2215,21.9455]]],[[[72.3464,21.8034],[72.3607,21.8123],[72.3753,21.8826],[72.4064,21.9404],[72.3984,21.9891],[72.3795,22.0015],[72.3205,21.9869],[72.2962,21.9528],[72.2942,21.9151],[72.3179,21.8199],[72.3464,21.8034]]],[[[72.3533,21.594],[72.3603,21.5981],[72.3486,21.6095],[72.3533,21.594]]]]}},{"type":"Feature","properties":{"name":"Amreli","state":"Gujarat","level":"district"},"geometry":{"type":"MultiPolygon","coordinates":[[[[71.59,21.6595],[71.5982,21.7266],[71.5643,21.7399],[71.497,21.8001],[71.4699,21.7992],[71.448,21.852],[71.4538,21.8658],[71.419,21.8778],[71.4208,21.9075],[71.4594,21.8943],[71.4655,21.9245],[71.4565,21.9386],[71.3992,21.9544],[71.3905,21.9819],[71.3455,21.9852],[71.3304,22.0261],[71.3084,22.0424],[71.2738,22.0106],[71.2963,21.9797],[71.2947,21.9605],[71.2584,21.9604],[71.2597,22.0005],[71.2489,22.0097],[71.1858,22.0101],[71.2001,22.0005],[71.1986,21.9688],[71.1302,21.9439],[71.1166,21.9194],[71.0601,21.9037],[71.0602,21.8817],[71.0358,21.8651],[71.0604,21.8492],[71.1049,21.8701],[71.1102,21.8536],[71.0848,21.8233],[71.0484,21.8234],[71.0481,21.7564],[71.0291,21.7382],[70.9854,21.7259],[70.966,21.7504],[70.9362,21.7457],[70.9009,21.7668],[70.8866,21.735],[70.7964,21.7379],[70.7705,21.7092],[70.7801,21.7004],[70.8087,21.711],[70.7947,21.6658],[70.8633,21.6012],[70.895,21.5353],[70.8519,21.5319],[70.8406,21.51],[70.8058,21.5142],[70.8085,21.4958],[70.8329,21.4926],[70.8332,21.4568],[70.8687,21.4654],[70.8879,21.4419],[70.9054,21.4615],[70.925,21.4626],[70.9493,21.3975],[70.9152,21.3851],[70.8968,21.3965],[70.8708,21.375],[70.8673,21.3156],[70.9251,21.3469],[70.943,21.312],[70.9086,21.299],[70.8927,21.2695],[70.827,21.2626],[70.8051,21.2323],[70.8559,21.1678],[70.8935,21.1871],[70.975,21.1657],[71.0056,21.169],[71.1331,21.0709],[71.1491,21.0323],[71.1279,20.9643],[71.1438,20.9515],[71.1988,20.9791],[71.2253,20.9576],[71.2071,20.9253],[71.1821,20.9202],[71.1963,20.9007],[71.1847,20.8822],[71.2074,20.8739],[71.2246,20.8245],[71.2093,20.8014],[71.3215,20.8467],[71.3838,20.8576],[71.3741,20.8669],[71.3811,20.8753],[71.4392,20.8693],[71.4776,20.8906],[71.484,20.9106],[71.5199,20.9192],[71.5044,20.9337],[71.5194,20.9509],[71.5655,20.9501],[71.6352,20.9728],[71.6309,20.9834],[71.6489,20.9949],[71.678,20.9961],[71.6675,21.0283],[71.6413,21.0322],[71.6386,21.058],[71.612,21.0554],[71.6312,21.0899],[71.6059,21.1324],[71.5428,21.177],[71.5164,21.1776],[71.5338,21.2912],[71.5667,21.2891],[71.5875,21.318],[71.6214,21.3218],[71.6322,21.3415],[71.6311,21.3903],[71.6172,21.3912],[71.612,21.4057],[71.6134,21.4423],[71.5316,21.4448],[71.5252,21.4603],[71.5008,21.4609],[71.4795,21.4838],[71.5008,21.5434],[71.5477,21.5607],[71.5587,21.6247],[71.5756,21.6352],[71.622,21.6296],[71.621,21.6447],[71.59,21.6595]]],[[[71.6046,20.8951],[71.6272,20.9163],[71.6189,20.9394],[71.5998,20.9356],[71.5738,20.9061],[71.5781,20.8942],[71.6046,20.8951]]],[[[71.5603,20.8509],[71.5733,20.8691],[71.5614,20.8806],[71.542,20.8602],[71.5603,20.8509]]],[[[71.5157,20.9132],[71.509,20.9043],[71.5299,20.904],[71.521,20.9051],[71.5157,20.9132]]]]}},{"type":"Feature","properties":{"name":"Anand","state":"Gujarat","level":"district"},"geometry":{"type":"Polygon","coordinates":[[[72.3431,22.3859],[72.4124,22.3522],[72.3886,22.312],[72.432,22.303],[72.4677,22.2587],[72.4997,22.2537],[72.5412,22.2811],[72.5539,22.2798],[72.5515,22.264],[72.5687,22.278],[72.6325,22.2868],[72.6565,22.2806],[72.6779,22.2526],[72.7157,22.2585],[72.7613,22.2323],[72.8424,22.2735],[72.9093,22.2599],[72.9267,22.305],[72.9532,22.2887],[72.9522,22.2631],[72.9796,22.2482],[73.064,22.3139],[73.0508,22.3651],[73.074,22.3911],[73.0688,22.4265],[73.095,22.4548],[73.0936,22.5072],[73.1405,22.5275],[73.1607,22.5875],[73.2311,22.6344],[73.2073,22.6551],[73.2055,22.6819],[73.1629,22.6813],[73.1356,22.7202],[73.0585,22.7171],[73.0551,22.7367],[73.0309,22.7333],[73.0073,22.7193],[72.9772,22.6409],[72.9289,22.6225],[72.915,22.5903],[72.869,22.5831],[72.8659,22.5984],[72.8777,22.6077],[72.8689,22.6189],[72.8302,22.5937],[72.8321,22.6229],[72.8102,22.6214],[72.7866,22.6413],[72.7609,22.6344],[72.7412,22.6456],[72.7171,22.6244],[72.6855,22.6286],[72.6887,22.6056],[72.71,22.5893],[72.6751,22.5859],[72.6714,22.5637],[72.6475,22.5458],[72.6428,22.5289],[72.6666,22.5301],[72.6702,22.5198],[72.6714,22.5058],[72.6533,22.5009],[72.6194,22.5132],[72.577,22.5041],[72.554,22.5679],[72.5327,22.5695],[72.5333,22.5886],[72.5083,22.6135],[72.4555,22.5715],[72.4274,22.5723],[72.4394,22.5003],[72.4173,22.4768],[72.3785,22.4723],[72.3768,22.4522],[72.3617,22.4501],[72.3583,22.44],[72.3725,22.4438],[72.3688,22.4066],[72.3431,22.3859]]]}},{"type":"Feature","properties":{"name":"Aravali","state":"Gujarat","level":"district"},"geometry":{"type":"Polygon","coordinates":[[[73.2743,23.0606],[73.2974,23.0819],[73.3303,23.0827],[73.3333,23.1005],[73.3443,23.0993],[73.3421,23.1293],[73.375,23.1388],[73.3775,23.1731],[73.3509,23.183],[73.3448,23.2012],[73.3846,23.2208],[73.3765,23.2376],[73.4592,23.2849],[73.4774,23.2868],[73.4771,23.2714],[73.5273,23.2859],[73.5566,23.3178],[73.5679,23.3475],[73.6327,23.4175],[73.6266,23.4401],[73.6412,23.4958],[73.6559,23.5031],[73.6346,23.5471],[73.6584,23.6219],[73.6166,23.6505],[73.5747,23.6545],[73.5295,23.6128],[73.5107,23.6161],[73.4983,23.6331],[73.5089,23.6443],[73.4978,23.65],[73.5059,23.7026],[73.4766,23.7083],[73.4177,23.7787],[73.3972,23.7834],[73.373,23.7662],[73.3582,23.7912],[73.3698,23.8214],[73.357,23.8542],[73.3838,23.9052],[73.3583,23.9085],[73.3423,23.8816],[73.3142,23.8796],[73.2995,23.8948],[73.2822,23.8871],[73.2906,23.8631],[73.2778,23.8433],[73.2461,23.9026],[73.2181,23.8962],[73.2327,23.8773],[73.2231,23.8482],[73.2039,23.8224],[73.1773,23.8181],[73.1608,23.7808],[73.1417,23.776],[73.1338,23.7418],[73.1507,23.7376],[73.1138,23.6979],[73.1268,23.7064],[73.1479,23.6907],[73.1606,23.6492],[73.1997,23.6484],[73.1869,23.6334],[73.2099,23.6144],[73.208,23.5878],[73.1942,23.5739],[73.197,23.5536],[73.1606,23.5387],[73.1724,23.4993],[73.1549,23.4761],[73.1377,23.4801],[73.1196,23.4629],[73.1188,23.418],[73.1445,23.416],[73.1289,23.4056],[73.1334,23.3783],[73.112,23.3712],[73.0935,23.3832],[73.0732,23.3714],[73.1033,23.3471],[73.1043,23.3233],[73.0791,23.2917],[73.0922,23.2748],[73.0606,23.2547],[73.0474,23.2697],[73.0622,23.2871],[73.0157,23.2781],[72.9904,23.2426],[72.9793,23.1792],[72.9879,23.1739],[72.9748,23.1674],[73.0362,23.1643],[73.0362,23.1837],[73.0699,23.1615],[73.1386,23.2056],[73.1586,23.1898],[73.1535,23.1719],[73.1712,23.1453],[73.2045,23.1479],[73.2143,23.1102],[73.2473,23.0716],[73.2743,23.0606]]]}},{"type":"Feature","properties":{"name":"Banas Kantha","state":"Gujarat","level":"district"},"geometry":{"type":"Polygon","coordinates":[[[72.9624,24.3515],[72.9208,24.3268],[72.8649,24.3664],[72.7289,24.3622],[72.6898,24.4204],[72.6937,24.4583],[72.5847,24.4739],[72.5407,24.5083],[72.5077,24.4489],[72.4965,24.4519],[72.5035,24.4115],[72.4604,24.4088],[72.4324,24.4623],[72.4383,24.506],[72.3862,24.5008],[72.3536,24.5545],[72.3305,24.5607],[72.3326,24.5462],[72.2906,24.5406],[72.2856,24.5605],[72.267,24.5526],[72.2464,24.5825],[72.2748,24.6022],[72.3135,24.5871],[72.338,24.5956],[72.3496,24.6201],[72.3108,24.611],[72.2255,24.6353],[72.206,24.615],[72.1607,24.6171],[72.146,24.6367],[72.1162,24.6347],[72.08,24.6556],[72.0805,24.6999],[72.0476,24.7087],[71.996,24.6861],[71.9881,24.6562],[71.9388,24.63],[71.9134,24.6496],[71.9147,24.6707],[71.871,24.6787],[71.8572,24.6583],[71.8631,24.627],[71.8527,24.6077],[71.806,24.6255],[71.8094,24.6584],[71.7933,24.6743],[71.6553,24.6374],[71.6103,24.675],[71.4817,24.6787],[71.3759,24.6268],[71.3439,24.6585],[71.3144,24.6457],[71.2903,24.6131],[71.3149,24.5882],[71.3129,24.5589],[71.2679,24.5458],[71.261,24.5123],[71.3507,24.5179],[71.3483,24.4744],[71.3301,24.4437],[71.3527,24.4332],[71.3318,24.3956],[71.3838,24.3936],[71.3965,24.3495],[71.3786,24.3322],[71.3232,24.3222],[71.3073,24.3041],[71.3135,24.2551],[71.291,24.2609],[71.3163,24.2419],[71.3005,24.2364],[71.34,24.1828],[71.3731,24.1902],[71.3693,24.1753],[71.3245,24.1486],[71.2913,24.176],[71.2777,24.1621],[71.2914,24.1528],[71.2802,24.1341],[71.3164,24.1347],[71.3203,24.1249],[71.338,24.1336],[71.3448,24.1191],[71.3178,24.0699],[71.3291,24.0497],[71.2892,23.9908],[71.366,23.9667],[71.3747,23.9533],[71.3965,23.9628],[71.4151,23.9266],[71.4461,23.9413],[71.4447,23.9832],[71.479,24.0235],[71.4938,24.0137],[71.4929,23.9708],[71.5889,23.9769],[71.6092,23.9421],[71.6806,23.9697],[71.6981,23.935],[71.718,23.9266],[71.7169,23.8702],[71.7683,23.8316],[71.8093,23.855],[71.8595,23.8493],[71.8692,23.8708],[71.8909,23.8799],[71.9736,23.8924],[71.9307,23.9492],[71.9474,23.9723],[71.9163,23.9952],[71.9307,23.9973],[71.9281,24.0103],[71.9532,24.009],[71.9647,23.9937],[71.9857,23.9978],[72.0024,23.9676],[72.0139,23.9866],[72.0373,23.9828],[72.0485,23.9982],[72.0209,24.0188],[72.0164,24.0404],[72.0321,24.0554],[72.0502,24.0346],[72.1017,24.0215],[72.0992,24.0481],[72.1397,24.0442],[72.1657,24.0749],[72.1552,24.1147],[72.1028,24.1097],[72.1024,24.1262],[72.1195,24.1213],[72.1316,24.1407],[72.1579,24.1382],[72.1607,24.1157],[72.1883,24.1042],[72.2102,24.1287],[72.206,24.141],[72.235,24.118],[72.2178,24.1045],[72.2239,24.0739],[72.232,24.0656],[72.2609,24.0727],[72.2754,24.0482],[72.3554,24.0253],[72.3687,23.9674],[72.4284,23.9792],[72.4374,23.9644],[72.4731,23.9606],[72.4796,23.9305],[72.5229,23.9405],[72.5804,23.9349],[72.5928,23.9769],[72.6462,23.9897],[72.6407,24.0269],[72.6241,24.0411],[72.6421,24.0674],[72.6565,24.0544],[72.7197,24.0891],[72.7504,24.0684],[72.7934,24.0938],[72.8324,24.031],[72.8523,24.038],[72.8664,24.0166],[72.9011,24.0207],[72.9185,24.0374],[72.9496,24.098],[72.9495,24.128],[72.9816,24.1658],[73.0311,24.2809],[72.9698,24.3035],[72.9624,24.3515]]]}},{"type":"Feature","properties":{"name":"Batod","state":"Gujarat","level":"district"},"geometry":{"type":"Polygon","coordinates":[[[72.0607,22.1012],[72.122,22.1101],[72.1609,22.1476],[72.1112,22.1586],[72.1287,22.1994],[72.0868,22.2181],[72.055,22.2501],[72.0184,22.2417],[71.9428,22.2552],[71.9374,22.2774],[71.8975,22.2784],[71.9068,22.2611],[71.8891,22.2565],[71.8731,22.2669],[71.8568,22.261],[71.8573,22.3163],[71.8403,22.3325],[71.8502,22.3687],[71.8245,22.3611],[71.8284,22.3934],[71.7895,22.3947],[71.7846,22.3618],[71.7354,22.3611],[71.7306,22.3795],[71.7042,22.3966],[71.6661,22.3825],[71.6442,22.3998],[71.6213,22.381],[71.6224,22.3436],[71.6005,22.3393],[71.5886,22.3521],[71.5711,22.3205],[71.5588,22.3407],[71.531,22.3437],[71.4885,22.3026],[71.4407,22.2895],[71.4348,22.2615],[71.456,22.2556],[71.4589,22.2308],[71.4295,22.2201],[71.4284,22.2089],[71.4801,22.1847],[71.471,22.1374],[71.5016,22.1114],[71.4917,22.0701],[71.5071,22.0556],[71.4556,22.0307],[71.4609,22.0068],[71.3936,21.9786],[71.3929,21.9635],[71.4206,21.9446],[71.4464,21.9493],[71.4629,21.9306],[71.4594,21.8943],[71.4208,21.9075],[71.4178,21.8858],[71.4538,21.8658],[71.448,21.852],[71.4699,21.7992],[71.4928,21.8023],[71.5405,21.7698],[71.5643,21.7399],[71.5982,21.7266],[71.5916,21.6996],[71.6166,21.6938],[71.6403,21.7047],[71.6326,21.7304],[71.6127,21.7452],[71.6332,21.7554],[71.6364,21.7775],[71.5999,21.7834],[71.6024,21.8147],[71.6195,21.8237],[71.6183,21.8358],[71.6649,21.8488],[71.6642,21.8683],[71.6851,21.8725],[71.6911,21.9093],[71.6764,21.9437],[71.7004,21.9537],[71.7348,22.012],[71.7935,22.0138],[71.8052,22.0244],[71.8673,22.0115],[71.8781,22.0258],[71.8667,22.0475],[71.8294,22.0602],[71.8392,22.0685],[71.8626,22.0598],[71.8734,22.0833],[71.8999,22.0867],[71.9075,22.1252],[72.0204,22.1041],[72.0332,22.1241],[72.0607,22.1012]]]}},{"type":"Feature","properties":{"name":"Bharuch","state":"Gujarat","level":"district"},"geometry":{"type":"MultiPolygon","coordinates":[[[[72.8025,22.1545],[72.7024,22.1852],[72.6514,22.2158],[72.5998,22.2163],[72.5481,22.1539],[72.5125,22.0445],[72.5,21.9049],[72.5191,21.8323],[72.5861,21.8943],[72.5866,21.9198],[72.6132,21.9228],[72.6276,21.9076],[72.6174,21.8605],[72.5363,21.7843],[72.5366,21.7392],[72.508,21.7015],[72.5152,21.6623],[72.5436,21.6554],[72.5986,21.6812],[72.7112,21.6791],[72.738,21.6907],[72.7661,21.6672],[72.7452,21.6426],[72.7179,21.6398],[72.6992,21.6493],[72.6387,21.6186],[72.6101,21.5823],[72.6163,21.5509],[72.6667,21.5138],[72.6458,21.4356],[72.6808,21.4344],[72.7113,21.4766],[72.6965,21.4355],[72.7113,21.4319],[72.74,21.4705],[72.7629,21.4489],[72.7887,21.4538],[72.7878,21.4239],[72.8156,21.4203],[72.8174,21.4022],[72.8514,21.4111],[72.8559,21.4502],[72.8779,21.4507],[72.8735,21.4323],[72.8852,21.4408],[72.9258,21.4216],[72.9379,21.4714],[72.9555,21.4843],[72.9437,21.5111],[72.9858,21.52],[72.987,21.5358],[73.0203,21.5231],[73.0276,21.4806],[73.0547,21.4812],[73.0574,21.5018],[73.0402,21.5328],[73.0567,21.5652],[73.0813,21.5412],[73.0813,21.5037],[73.1054,21.5054],[73.1222,21.4824],[73.1967,21.5045],[73.2427,21.4916],[73.308,21.5049],[73.3323,21.4877],[73.3488,21.5108],[73.4024,21.5072],[73.4523,21.5231],[73.4443,21.5559],[73.4854,21.6105],[73.4888,21.6388],[73.4769,21.6556],[73.5056,21.6781],[73.4679,21.7192],[73.4364,21.7102],[73.3956,21.7182],[73.4099,21.7472],[73.3952,21.7737],[73.3625,21.8051],[73.3402,21.8091],[73.3352,21.8345],[73.3029,21.8328],[73.3012,21.89],[73.2688,21.9303],[73.252,21.9332],[73.228,21.9166],[73.2532,21.8629],[73.2297,21.8238],[73.1864,21.8298],[73.1295,21.8762],[73.0644,21.8812],[73.0673,21.9126],[73.094,21.9188],[73.0924,21.929],[73.0581,21.9217],[73.0512,21.9342],[73.0383,21.92],[73.0012,21.913],[72.9963,21.924],[73.0192,21.9412],[73.0526,21.939],[73.0529,21.9763],[73.0716,21.984],[73.0655,22.0015],[73.0769,22.0015],[73.0586,22.0111],[73.0266,21.9974],[72.982,22.0477],[72.9137,22.0452],[72.9236,22.0586],[72.878,22.1086],[72.8695,22.1561],[72.9283,22.1673],[72.925,22.1894],[72.8881,22.1734],[72.8695,22.2194],[72.8466,22.1748],[72.8025,22.1545]]],[[[72.7451,21.6455],[72.7477,21.6577],[72.7109,21.6591],[72.7234,21.6442],[72.7451,21.6455]]]]}},{"type":"Feature","properties":{"name":"Bhavnagar","state":"Gujarat","level":"district"},"geometry":{"type":"Polygon","coordinates":[[[71.6796,21.0006],[71.7187,21.021],[71.7606,21.0206],[71.7836,21.0399],[71.806,21.0383],[71.7963,21.0486],[71.8117,21.0674],[71.8796,21.0904],[71.899,21.1095],[71.9731,21.1227],[71.9913,21.1389],[72.0103,21.1337],[72.018,21.1502],[72.1223,21.2007],[72.1392,21.3453],[72.2361,21.4555],[72.2729,21.5781],[72.3037,21.6192],[72.2706,21.7058],[72.2591,21.8536],[72.234,21.9257],[72.2215,21.9455],[72.1659,21.9588],[72.1782,21.9939],[72.1335,22.0526],[72.0784,22.0613],[72.0615,22.1057],[72.0332,22.1241],[72.0204,22.1041],[71.9075,22.1252],[71.8999,22.0867],[71.8734,22.0833],[71.8626,22.0598],[71.8392,22.0685],[71.8294,22.0602],[71.8667,22.0475],[71.8781,22.0258],[71.8673,22.0115],[71.8052,22.0244],[71.7935,22.0138],[71.7348,22.012],[71.7004,21.9537],[71.6764,21.9437],[71.6911,21.9093],[71.6851,21.8725],[71.6642,21.8683],[71.6649,21.8488],[71.6183,21.8358],[71.6195,21.8237],[71.6024,21.8147],[71.5999,21.7834],[71.6364,21.7775],[71.6332,21.7554],[71.6127,21.7452],[71.6326,21.7304],[71.6403,21.7047],[71.6096,21.6925],[71.5916,21.6996],[71.5872,21.6737],[71.59,21.6595],[71.621,21.6447],[71.622,21.6296],[71.5756,21.6352],[71.5587,21.6247],[71.5477,21.5607],[71.5008,21.5434],[71.4795,21.4838],[71.5008,21.4609],[71.5252,21.4603],[71.5316,21.4448],[71.6146,21.44],[71.612,21.4057],[71.6172,21.3912],[71.6311,21.3903],[71.6322,21.3415],[71.6214,21.3218],[71.5875,21.318],[71.5667,21.2891],[71.5338,21.2912],[71.5164,21.1776],[71.5428,21.177],[71.6059,21.1324],[71.6312,21.0899],[71.612,21.0554],[71.6386,21.058],[71.6413,21.0322],[71.6675,21.0283],[71.6796,21.0006]]]}},{"type":"Feature","properties":{"name":"Chhota Udaipur","state":"Gujarat","level":"district"},"geometry":{"type":"Polygon","coordinates":[[[74.064,22.5496],[74.0213,22.5712],[74.017,22.5593],[73.9711,22.5408],[73.9386,22.5426],[73.9093,22.5081],[73.886,22.5033],[73.8535,22.5113],[73.841,22.5328],[73.8058,22.5491],[73.7432,22.5353],[73.7283,22.4709],[73.7433,22.4385],[73.734,22.4136],[73.7393,22.39],[73.7721,22.3825],[73.7552,22.3457],[73.7305,22.3352],[73.7319,22.2904],[73.7133,22.3021],[73.7004,22.2858],[73.6634,22.2853],[73.6356,22.3007],[73.66,22.3351],[73.6964,22.3369],[73.7055,22.3484],[73.6844,22.372],[73.645,22.3848],[73.6324,22.3867],[73.6147,22.3441],[73.6317,22.3231],[73.5458,22.3293],[73.5447,22.2684],[73.4817,22.2179],[73.5058,22.1973],[73.4974,22.165],[73.5071,22.1424],[73.5199,22.1421],[73.5015,22.1097],[73.4809,22.1017],[73.4878,22.0699],[73.5347,22.0923],[73.5351,22.0468],[73.6109,22.0798],[73.634,22.0623],[73.6695,22.0643],[73.6607,22.0392],[73.6771,22.0271],[73.6814,22.0038],[73.6901,22.0069],[73.6869,21.9855],[73.698,21.9738],[73.736,21.9792],[73.7529,21.9615],[73.7861,21.9597],[73.7814,21.9419],[73.7951,21.9306],[73.8043,21.9493],[73.8096,21.9276],[73.8603,21.9504],[73.8718,21.9238],[73.8941,21.9247],[73.9451,21.8696],[74.043,21.9217],[74.145,21.9529],[74.1532,21.9843],[74.1006,21.996],[74.0948,22.0126],[74.1371,22.0365],[74.1346,22.0523],[74.1599,22.0593],[74.1645,22.0811],[74.1777,22.0853],[74.1516,22.1043],[74.1271,22.0965],[74.132,22.1604],[74.1197,22.2116],[74.0726,22.2207],[74.0714,22.2333],[74.0885,22.2425],[74.0563,22.2854],[74.069,22.359],[74.1069,22.3709],[74.1326,22.3318],[74.1883,22.3205],[74.2042,22.3662],[74.2245,22.3571],[74.2229,22.3768],[74.2431,22.376],[74.2556,22.3985],[74.2918,22.3929],[74.2688,22.4035],[74.2516,22.4315],[74.2021,22.4357],[74.202,22.464],[74.1903,22.4751],[74.1841,22.4427],[74.1681,22.4322],[74.1416,22.4553],[74.1277,22.4202],[74.1077,22.4279],[74.1006,22.4665],[74.0752,22.4643],[74.0775,22.4847],[74.0876,22.4812],[74.0825,22.5058],[74.0583,22.5091],[74.0342,22.4902],[74.0418,22.5408],[74.064,22.5496]]]}},{"type":"Feature","properties":{"name":"Devbhumi Dwarka","state":"Gujarat","level":"district"},"geometry":{"type":"MultiPolygon","coordinates":[[[[69.6992,22.4209],[69.7003,22.3968],[69.6676,22.3911],[69.6578,22.3608],[69.6196,22.3668],[69.6116,22.333],[69.6088,22.3496],[69.5783,22.3435],[69.5918,22.3576],[69.5762,22.3681],[69.554,22.3457],[69.5515,22.402],[69.512,22.4262],[69.5259,22.3828],[69.4956,22.3606],[69.4882,22.3374],[69.4181,22.3155],[69.3337,22.3282],[69.3387,22.309],[69.32,22.2907],[69.2266,22.2571],[69.1853,22.2793],[69.1569,22.3147],[69.1771,22.3763],[69.2005,22.3908],[69.1958,22.4219],[69.1729,22.422],[69.1279,22.3963],[69.1065,22.4103],[69.0894,22.3942],[69.0649,22.3944],[69.0439,22.4368],[69.0746,22.4534],[69.0849,22.4738],[69.0678,22.4788],[69.0112,22.4416],[68.9769,22.4019],[68.9375,22.3047],[68.9583,22.2374],[69.1872,21.9894],[69.3534,21.8391],[69.38,21.829],[69.3995,21.8722],[69.4229,21.889],[69.4506,21.8513],[69.4912,21.8553],[69.4896,21.8942],[69.5071,21.9002],[69.5341,21.8889],[69.5494,21.9289],[69.5826,21.9453],[69.6139,21.9461],[69.6353,21.9184],[69.6535,21.9201],[69.6533,21.9549],[69.6856,21.9589],[69.6965,21.978],[69.7182,21.9748],[69.725,21.938],[69.6879,21.9101],[69.6836,21.9258],[69.6689,21.9228],[69.6744,21.9051],[69.6591,21.8696],[69.6128,21.8638],[69.6115,21.8304],[69.6199,21.8021],[69.6337,21.8031],[69.6338,21.8277],[69.655,21.837],[69.667,21.8122],[69.6896,21.8191],[69.7156,21.7934],[69.7415,21.8319],[69.8388,21.8194],[69.8936,21.837],[69.9144,21.8579],[69.9113,21.8817],[69.9362,21.8991],[69.9186,21.9039],[69.9147,21.9326],[69.9331,21.964],[69.9016,21.9692],[69.8757,22.0148],[69.8522,22.0245],[69.87,22.0433],[69.8564,22.0476],[69.8569,22.0903],[69.8934,22.1337],[69.8507,22.1376],[69.8288,22.1232],[69.8082,22.1359],[69.8076,22.2086],[69.7558,22.2403],[69.7612,22.2551],[69.7307,22.3123],[69.7505,22.3234],[69.7237,22.3912],[69.7395,22.4239],[69.7219,22.4224],[69.7159,22.4351],[69.718,22.417],[69.6992,22.4209]]],[[[69.3249,22.4695],[69.2895,22.4908],[69.2798,22.4781],[69.2885,22.4442],[69.2655,22.4559],[69.2596,22.4433],[69.2786,22.4141],[69.2825,22.4291],[69.2999,22.4284],[69.3027,22.4508],[69.3264,22.4561],[69.3249,22.4695]]],[[[69.6311,22.4575],[69.6136,22.4569],[69.5892,22.4335],[69.6356,22.4064],[69.656,22.4266],[69.6311,22.4575]]],[[[69.2107,22.477],[69.2042,22.4941],[69.211,22.4646],[69.2466,22.4533],[69.2383,22.4801],[69.2277,22.4705],[69.2158,22.4889],[69.2107,22.477]]],[[[69.1422,22.4772],[69.093,22.4617],[69.0855,22.4211],[69.1088,22.4374],[69.1147,22.4668],[69.1416,22.4629],[69.1445,22.447],[69.1422,22.4772]]],[[[69.3656,22.5055],[69.3497,22.5261],[69.3162,22.5236],[69.336,22.5075],[69.3656,22.5055]]],[[[69.3284,22.3748],[69.3385,22.3867],[69.3245,22.3829],[69.3284,22.3748]]],[[[69.4585,22.3519],[69.4425,22.3567],[69.4386,22.3544],[69.4585,22.3519]]],[[[69.4802,22.3909],[69.4888,22.3929],[69.4832,22.3981],[69.4802,22.3909]]],[[[69.2554,22.3815],[69.2565,22.389],[69.2502,22.3836],[69.2554,22.3815]]],[[[69.1907,22.3692],[69.1965,22.3738],[69.1949,22.3741],[69.1907,22.3692]]],[[[69.3125,22.3031],[69.3099,22.3057],[69.3104,22.3033],[69.3125,22.3031]]]]}},{"type":"Feature","properties":{"name":"Dohad","state":"Gujarat","level":"district"},"geometry":{"type":"Polygon","coordinates":[[[74.3213,23.0608],[74.281,23.0932],[74.2867,23.1169],[74.2446,23.1865],[74.206,23.1903],[74.185,23.1508],[74.1534,23.1561],[74.1207,23.1899],[74.1378,23.2252],[74.1321,23.2678],[74.1,23.2941],[74.0426,23.2946],[74.0479,23.3055],[74.0357,23.3042],[74.0309,23.3308],[74.0009,23.3348],[73.9861,23.2938],[73.9973,23.2794],[73.9803,23.256],[73.9881,23.2207],[73.962,23.2213],[73.9618,23.2115],[73.9808,23.2049],[73.9675,23.1756],[73.9924,23.1453],[73.9746,23.1228],[74.0003,23.1188],[74.021,23.0883],[74.0026,23.0795],[73.9605,23.1104],[73.908,23.0777],[73.9169,23.0133],[73.905,22.9902],[73.9317,22.9786],[73.8908,22.9486],[73.9085,22.9344],[73.8854,22.9024],[73.8729,22.8463],[73.8414,22.8445],[73.8528,22.7891],[73.8326,22.8079],[73.8186,22.7887],[73.8533,22.7416],[73.8348,22.7272],[73.8356,22.701],[73.8028,22.6849],[73.8333,22.6428],[73.8041,22.6124],[73.848,22.6111],[73.8702,22.5701],[73.8165,22.5655],[73.8109,22.5478],[73.841,22.5328],[73.8535,22.5113],[73.886,22.5033],[73.9093,22.5081],[73.9386,22.5426],[73.9646,22.5388],[74.038,22.5705],[74.1507,22.516],[74.1561,22.5329],[74.1922,22.5553],[74.1877,22.5659],[74.2115,22.5659],[74.2632,22.6432],[74.3793,22.6369],[74.4014,22.7289],[74.4378,22.7837],[74.4377,22.8076],[74.4636,22.8132],[74.4776,22.8567],[74.4502,22.9221],[74.4173,22.9165],[74.3989,22.8975],[74.3605,22.9312],[74.3401,22.9629],[74.3694,22.9782],[74.3213,23.0608]]]}},{"type":"Feature","properties":{"name":"Gandhinagar","state":"Gujarat","level":"district"},"geometry":{"type":"Polygon","coordinates":[[[72.8421,22.9934],[72.848,23.0118],[72.874,23.0079],[72.8985,23.0214],[72.9294,23.0776],[72.9612,23.0744],[72.9625,23.0522],[72.9798,23.0525],[73.0124,23.0871],[72.9884,23.1317],[73.0322,23.137],[73.0164,23.1611],[72.9745,23.1632],[72.9879,23.1739],[72.9793,23.1792],[72.9904,23.2426],[73.0195,23.279],[73.0011,23.2967],[72.974,23.2801],[72.9794,23.2615],[72.9429,23.2392],[72.9219,23.2645],[72.921,23.287],[72.9006,23.2805],[72.8854,23.291],[72.9126,23.2956],[72.9136,23.3193],[72.8625,23.3129],[72.8337,23.3276],[72.8042,23.3175],[72.8084,23.3518],[72.7645,23.3532],[72.7493,23.3889],[72.7275,23.3865],[72.7747,23.4127],[72.8049,23.4054],[72.7975,23.4233],[72.8183,23.4709],[72.8029,23.5026],[72.774,23.5072],[72.7818,23.5389],[72.7581,23.5363],[72.7409,23.5151],[72.7183,23.5261],[72.7023,23.5198],[72.687,23.5309],[72.6903,23.5539],[72.6681,23.5468],[72.654,23.5675],[72.6332,23.5526],[72.6337,23.5073],[72.6143,23.505],[72.5975,23.5208],[72.584,23.4531],[72.5389,23.4542],[72.5451,23.4282],[72.5264,23.4233],[72.5271,23.4029],[72.5039,23.3829],[72.5249,23.3609],[72.5209,23.349],[72.4724,23.344],[72.4809,23.3124],[72.4591,23.3119],[72.475,23.3014],[72.4515,23.2968],[72.437,23.3097],[72.4121,23.2801],[72.4228,23.2571],[72.4457,23.2556],[72.4466,23.2453],[72.4257,23.2441],[72.4482,23.1971],[72.4189,23.2086],[72.4151,23.1881],[72.4012,23.1881],[72.3836,23.1657],[72.397,23.1478],[72.4244,23.1542],[72.4283,23.1434],[72.417,23.13],[72.3999,23.1338],[72.3695,23.0958],[72.3552,23.1251],[72.3412,23.1261],[72.336,23.1075],[72.3837,23.0776],[72.3897,23.0525],[72.4071,23.0676],[72.4289,23.0654],[72.4332,23.0445],[72.4475,23.0449],[72.4502,23.0593],[72.4738,23.0644],[72.4602,23.0823],[72.4862,23.0873],[72.4747,23.1272],[72.4857,23.1447],[72.4972,23.1321],[72.5098,23.1467],[72.5272,23.1454],[72.5173,23.1674],[72.5302,23.1699],[72.5582,23.1354],[72.6173,23.1179],[72.6025,23.0898],[72.6417,23.0927],[72.6523,23.1155],[72.6877,23.1001],[72.7092,23.11],[72.7217,23.0958],[72.7464,23.0981],[72.7457,23.0889],[72.7672,23.0939],[72.7794,23.0759],[72.7673,23.0582],[72.7907,23.0571],[72.8164,23.0359],[72.8086,23.024],[72.8421,22.9934]]]}},{"type":"Feature","properties":{"name":"Gir Somnath","state":"Gujarat","level":"district"},"geometry":{"type":"MultiPolygon","coordinates":[[[[70.92,20.7445],[71.0777,20.7372],[71.084,20.7548],[71.1479,20.7579],[71.1551,20.7776],[71.2066,20.7933],[71.2258,20.8185],[71.2074,20.8739],[71.1847,20.8822],[71.1963,20.9007],[71.1821,20.9202],[71.2071,20.9253],[71.2253,20.9576],[71.1988,20.9791],[71.1438,20.9515],[71.1279,20.9643],[71.1491,21.0323],[71.1331,21.0709],[71.0056,21.169],[70.975,21.1657],[70.8935,21.1871],[70.8559,21.1678],[70.8356,21.1889],[70.8341,21.1674],[70.8119,21.1503],[70.7952,21.1492],[70.7974,21.1648],[70.785,21.1673],[70.7504,21.1347],[70.7482,21.2007],[70.722,21.2321],[70.6875,21.2007],[70.6619,21.2221],[70.6578,21.2677],[70.5703,21.2856],[70.576,21.2585],[70.5296,21.2696],[70.5493,21.2536],[70.5387,21.2418],[70.5748,21.1966],[70.55,21.1794],[70.5024,21.1917],[70.4913,21.1476],[70.4657,21.1299],[70.4676,21.1006],[70.4493,21.0952],[70.4523,21.0663],[70.4653,21.0587],[70.4492,21.0409],[70.4078,21.0586],[70.3935,21.0211],[70.3755,21.0129],[70.3517,21.0389],[70.305,21.0104],[70.2951,21.0245],[70.2767,21.0244],[70.2296,20.9999],[70.4484,20.8487],[70.5867,20.7819],[70.6716,20.7605],[70.8232,20.6913],[70.839,20.6907],[70.8412,20.7058],[70.8743,20.7043],[70.8784,20.7301],[70.92,20.7445]]],[[[71.1548,20.7605],[71.1505,20.7628],[71.1506,20.7595],[71.1548,20.7605]]]]}},{"type":"Feature","properties":{"name":"Jamnagar","state":"Gujarat","level":"district"},"geometry":{"type":"MultiPolygon","coordinates":[[[[70.5487,22.5641],[70.5755,22.6317],[70.6143,22.6485],[70.6142,22.6918],[70.6455,22.705],[70.6391,22.7256],[70.6249,22.7275],[70.6162,22.765],[70.6494,22.7871],[70.6438,22.823],[70.6635,22.8318],[70.6472,22.8596],[70.5491,22.9284],[70.4969,22.9033],[70.4777,22.873],[70.4872,22.854],[70.4709,22.838],[70.4752,22.8669],[70.4607,22.8381],[70.387,22.8067],[70.3833,22.7811],[70.3954,22.7781],[70.3667,22.7723],[70.3681,22.7445],[70.3805,22.7403],[70.3701,22.7292],[70.3776,22.698],[70.3252,22.7127],[70.323,22.7571],[70.2491,22.7287],[70.2398,22.6983],[70.2566,22.6916],[70.2217,22.628],[70.196,22.6146],[70.1908,22.5818],[70.1681,22.5526],[70.0615,22.5467],[70.0432,22.5539],[70.0448,22.5718],[70.0286,22.5444],[70.0089,22.5538],[70.0044,22.5324],[69.9971,22.5465],[70.0007,22.5258],[69.993,22.5435],[70.0014,22.5528],[69.9874,22.5476],[69.9789,22.5479],[69.984,22.5469],[69.9844,22.5442],[69.9769,22.5312],[69.9899,22.5294],[69.9838,22.5239],[69.9762,22.5302],[69.9753,22.5331],[69.9827,22.5466],[69.9671,22.5447],[69.9544,22.5359],[69.9642,22.5324],[69.9441,22.5323],[69.9559,22.4949],[69.9401,22.5137],[69.9119,22.4865],[69.9137,22.4561],[69.901,22.4676],[69.8691,22.4457],[69.835,22.4523],[69.8362,22.4743],[69.8343,22.4752],[69.831,22.4436],[69.8186,22.4224],[69.8084,22.425],[69.8158,22.4164],[69.7988,22.3935],[69.7587,22.4422],[69.7548,22.4263],[69.7464,22.4303],[69.7314,22.4706],[69.7143,22.4702],[69.6966,22.4485],[69.708,22.4272],[69.6992,22.4209],[69.718,22.417],[69.7159,22.4351],[69.7219,22.4224],[69.7395,22.4239],[69.7237,22.3912],[69.7505,22.3234],[69.7307,22.3123],[69.7612,22.2551],[69.7558,22.2403],[69.8076,22.2086],[69.8082,22.1359],[69.8228,22.1241],[69.8507,22.1376],[69.8934,22.1337],[69.8569,22.0903],[69.8564,22.0476],[69.87,22.0433],[69.8522,22.0245],[69.8757,22.0148],[69.9016,21.9692],[69.9331,21.964],[69.9147,21.9326],[69.9186,21.9039],[69.9362,21.8991],[69.9113,21.8817],[69.9084,21.8462],[69.8388,21.8194],[69.8151,21.8277],[69.8192,21.7408],[69.8687,21.7359],[69.8714,21.7805],[69.8828,21.7678],[69.9297,21.7783],[69.992,21.8085],[70.0131,21.7995],[70.0227,21.7083],[70.0519,21.6986],[70.0766,21.7328],[70.0316,21.7917],[70.0912,21.8004],[70.0827,21.8186],[70.1107,21.8243],[70.0926,21.8359],[70.1288,21.8655],[70.1461,21.9412],[70.1682,21.9367],[70.1793,21.8947],[70.1965,21.8934],[70.2168,21.9081],[70.2079,21.9622],[70.2531,21.9681],[70.2657,22.0028],[70.3038,21.9942],[70.2977,22.0098],[70.3278,22.018],[70.3303,22.049],[70.4163,22.029],[70.4542,22.0376],[70.4581,22.0528],[70.5229,22.0484],[70.5311,22.0413],[70.5196,22.019],[70.4988,22.013],[70.5042,21.9962],[70.5693,22.0296],[70.549,22.0484],[70.5612,22.0747],[70.5511,22.0811],[70.5879,22.1131],[70.5717,22.1191],[70.5628,22.1437],[70.586,22.1682],[70.5817,22.1839],[70.6132,22.1944],[70.5857,22.21],[70.5763,22.2386],[70.5478,22.2304],[70.535,22.2493],[70.5229,22.2458],[70.4723,22.3119],[70.4742,22.3265],[70.4987,22.3222],[70.5293,22.3408],[70.5184,22.3595],[70.4754,22.3761],[70.4919,22.4101],[70.5077,22.4145],[70.505,22.4271],[70.4615,22.4184],[70.4469,22.4286],[70.4674,22.4677],[70.5007,22.4535],[70.5029,22.4891],[70.5155,22.465],[70.5358,22.4574],[70.5515,22.4621],[70.5426,22.4778],[70.5873,22.4865],[70.5766,22.5102],[70.5364,22.4955],[70.5277,22.5125],[70.5461,22.5316],[70.5717,22.5203],[70.6029,22.53],[70.5747,22.5527],[70.5541,22.547],[70.5487,22.5641]]],[[[70.0076,22.5546],[70.0293,22.5769],[70.0086,22.5951],[69.9555,22.5638],[69.9624,22.5463],[70.0076,22.5546]]],[[[69.9298,22.5462],[69.899,22.5519],[69.8943,22.5256],[69.8519,22.5319],[69.8993,22.5118],[69.9431,22.5196],[69.9298,22.5462]]],[[[69.9392,22.5396],[69.958,22.5448],[69.9417,22.5496],[69.9392,22.5396]]],[[[69.9612,22.6014],[69.9504,22.599],[69.9578,22.5954],[69.9612,22.6014]]]]}},{"type":"Feature","properties":{"name":"Junagadh","state":"Gujarat","level":"district"},"geometry":{"type":"Polygon","coordinates":[[[70.7947,21.6658],[70.7783,21.6622],[70.7708,21.6445],[70.7332,21.6413],[70.722,21.611],[70.7029,21.6059],[70.6773,21.6407],[70.655,21.649],[70.6425,21.651],[70.6102,21.6215],[70.5796,21.6308],[70.5636,21.6202],[70.5452,21.6447],[70.5548,21.6517],[70.5467,21.6744],[70.5077,21.6649],[70.4926,21.6481],[70.4591,21.6489],[70.446,21.674],[70.4382,21.659],[70.3688,21.6373],[70.3676,21.5982],[70.3029,21.5875],[70.2955,21.5466],[70.26,21.5266],[70.2465,21.5661],[70.2703,21.5773],[70.2635,21.6134],[70.2459,21.6135],[70.2301,21.6361],[70.1403,21.6126],[70.1286,21.6378],[70.1519,21.6479],[70.1494,21.6622],[70.1234,21.6795],[70.1065,21.6651],[70.1075,21.6448],[70.056,21.6358],[70.0437,21.6488],[70.0419,21.6079],[70.069,21.6085],[70.0699,21.5865],[70.0501,21.5852],[70.033,21.6014],[69.9942,21.5787],[69.9876,21.6009],[69.9678,21.5872],[70.0046,21.5436],[69.9826,21.5309],[69.9972,21.4782],[70.0437,21.4729],[70.0525,21.4507],[70.0315,21.435],[69.9844,21.4357],[69.9865,21.4213],[69.9468,21.3949],[69.9516,21.3551],[69.9805,21.3328],[69.9788,21.2938],[70.0298,21.2756],[69.9825,21.2269],[70.1001,21.105],[70.227,20.9992],[70.2767,21.0244],[70.2951,21.0245],[70.305,21.0104],[70.3517,21.0389],[70.3755,21.0129],[70.3935,21.0211],[70.4078,21.0586],[70.4492,21.0409],[70.4653,21.0587],[70.4523,21.0663],[70.4493,21.0952],[70.4676,21.1006],[70.4657,21.1299],[70.4913,21.1476],[70.5024,21.1917],[70.55,21.1794],[70.5748,21.1966],[70.5387,21.2418],[70.5493,21.2536],[70.5296,21.2696],[70.576,21.2585],[70.5703,21.2856],[70.6578,21.2677],[70.6619,21.2221],[70.6875,21.2007],[70.722,21.2321],[70.7482,21.2007],[70.7504,21.1347],[70.785,21.1673],[70.7974,21.1648],[70.7952,21.1492],[70.8119,21.1503],[70.8341,21.1674],[70.8356,21.1889],[70.8062,21.2448],[70.827,21.2626],[70.8927,21.2695],[70.9086,21.299],[70.943,21.312],[70.9251,21.3469],[70.8673,21.3156],[70.8708,21.375],[70.8968,21.3965],[70.9152,21.3851],[70.9493,21.3975],[70.925,21.4626],[70.9054,21.4615],[70.8879,21.4419],[70.8687,21.4654],[70.8332,21.4568],[70.8329,21.4926],[70.8085,21.4958],[70.8058,21.5142],[70.8406,21.51],[70.8519,21.5319],[70.895,21.5353],[70.8633,21.6012],[70.7947,21.6658]]]}},{"type":"Feature","properties":{"name":"Kachchh","state":"Gujarat","level":"district"},"geometry":{"type":"MultiPolygon","coordinates":[[[[71.2903,24.6131],[71.113,24.6705],[71.0973,24.6888],[71.075,24.6622],[71.0247,24.6393],[70.9882,24.5961],[70.9931,24.5454],[71.0079,24.5283],[70.9999,24.4483],[71.0367,24.4344],[71.1035,24.4371],[71.1272,24.4208],[71.1239,24.405],[71.085,24.3931],[71.0422,24.3496],[71.003,24.3495],[70.9852,24.3633],[70.948,24.3473],[70.8758,24.2946],[70.8824,24.2752],[70.909,24.2588],[70.8061,24.2194],[70.669,24.2177],[70.5703,24.2507],[70.583,24.2872],[70.5601,24.354],[70.5798,24.3673],[70.5948,24.4058],[70.5644,24.4198],[70.4185,24.376],[70.367,24.3486],[70.3264,24.3504],[70.1171,24.2959],[70.0678,24.198],[70.0254,24.1696],[69.731,24.1697],[69.5936,24.291],[69.4964,24.2666],[69.446,24.2789],[69.381,24.2679],[69.3127,24.2799],[69.1942,24.2348],[69.0963,24.2718],[69.0052,24.2216],[68.9833,24.2272],[68.9451,24.3003],[68.9016,24.2738],[68.8803,24.2168],[68.8659,24.2121],[68.8522,24.2241],[68.8291,24.3141],[68.8082,24.3131],[68.7661,24.2878],[68.7533,23.9711],[68.6086,23.9678],[68.5965,23.963],[68.5858,23.9221],[68.5592,23.9236],[68.5052,23.963],[68.4847,23.9997],[68.4461,23.9854],[68.4254,23.9955],[68.3914,23.9664],[68.375,23.991],[68.35,23.9779],[68.331,23.9239],[68.283,23.9313],[68.2097,23.8768],[68.2025,23.781],[68.1794,23.7411],[68.2487,23.6825],[68.2765,23.6901],[68.299,23.7196],[68.3077,23.7084],[68.2732,23.6559],[68.2031,23.6444],[68.1958,23.5998],[68.2713,23.571],[68.314,23.5746],[68.3657,23.6219],[68.4137,23.713],[68.436,23.7284],[68.5037,23.7304],[68.5565,23.7835],[68.5893,23.8416],[68.63,23.8394],[68.6779,23.8655],[68.7863,23.8829],[68.7904,23.8729],[68.7657,23.8639],[68.7711,23.8368],[68.7198,23.8388],[68.6978,23.8293],[68.7025,23.8183],[68.6784,23.8172],[68.6806,23.7941],[68.706,23.7916],[68.679,23.7905],[68.6668,23.8115],[68.6505,23.805],[68.6326,23.7634],[68.64,23.756],[68.6084,23.7414],[68.6119,23.7241],[68.5908,23.7287],[68.5815,23.7083],[68.5655,23.7136],[68.5671,23.7257],[68.5519,23.723],[68.5426,23.6966],[68.5214,23.6944],[68.5353,23.6671],[68.5245,23.6422],[68.4889,23.6069],[68.4895,23.5618],[68.5009,23.5616],[68.4894,23.5529],[68.5029,23.5573],[68.4816,23.5464],[68.5042,23.495],[68.5232,23.4843],[68.5033,23.4896],[68.5163,23.4515],[68.5634,23.4089],[68.5642,23.3971],[68.5483,23.3969],[68.5596,23.3757],[68.5531,23.3615],[68.5678,23.3751],[68.5974,23.3375],[68.634,23.3345],[68.6334,23.3188],[68.6769,23.3018],[68.6492,23.2901],[68.6293,23.2957],[68.6377,23.2702],[68.6685,23.2733],[68.6355,23.2311],[68.6052,23.2448],[68.611,23.2309],[68.5994,23.2273],[68.5953,23.2423],[68.5796,23.2345],[68.588,23.2191],[68.6632,23.1448],[68.7626,23.0781],[69.1965,22.8389],[69.3814,22.8168],[69.4613,22.7738],[69.5477,22.7867],[69.5604,22.7756],[69.5497,22.753],[69.5698,22.7455],[69.5729,22.7685],[69.6289,22.7531],[69.6763,22.755],[69.6822,22.7395],[69.7145,22.7349],[69.7486,22.8118],[69.8269,22.8528],[69.8665,22.8674],[69.9218,22.8667],[69.9569,22.8929],[70.0017,22.9053],[70.0378,22.8985],[70.1062,22.91],[70.1517,22.9419],[70.2155,22.953],[70.2315,22.984],[70.2819,22.9449],[70.3565,22.9319],[70.3846,22.9451],[70.4007,23.0287],[70.4351,23.0612],[70.4852,23.0785],[70.4941,23.0679],[70.472,23.0121],[70.4331,22.9785],[70.5421,22.9596],[70.5649,23.0315],[70.602,23.0355],[70.6003,23.0603],[70.6272,23.0615],[70.6871,23.1146],[70.7413,23.1427],[70.7574,23.1398],[70.7657,23.1669],[70.7914,23.1646],[70.7874,23.1503],[70.8179,23.162],[70.8165,23.136],[70.8324,23.1261],[70.8256,23.0791],[70.8348,23.1103],[70.8577,23.1287],[70.8264,23.1553],[70.8763,23.1377],[70.8764,23.1213],[70.8842,23.1338],[70.9027,23.1332],[70.8896,23.1415],[70.8915,23.1595],[70.9374,23.1588],[70.931,23.1362],[70.9465,23.1317],[70.9652,23.1367],[70.9504,23.1569],[70.9574,23.1733],[70.9637,23.1565],[70.9874,23.1739],[71.0712,23.1758],[71.1398,23.2094],[71.1575,23.1994],[71.1605,23.1819],[71.1946,23.1912],[71.2227,23.1486],[71.2852,23.1551],[71.2819,23.1729],[71.3009,23.184],[71.3137,23.1692],[71.3192,23.188],[71.3372,23.167],[71.3606,23.1793],[71.394,23.1549],[71.4541,23.1454],[71.5352,23.1663],[71.5952,23.1378],[71.6263,23.1454],[71.6222,23.1626],[71.6439,23.1745],[71.7111,23.1507],[71.7158,23.1774],[71.7018,23.1858],[71.6775,23.1729],[71.6273,23.2049],[71.6195,23.2298],[71.6706,23.2941],[71.6499,23.2915],[71.6348,23.3085],[71.6461,23.3327],[71.6261,23.3579],[71.5859,23.3634],[71.5982,23.4319],[71.5843,23.4561],[71.5327,23.467],[71.5374,23.4838],[71.51,23.4759],[71.5193,23.5287],[71.4497,23.4725],[71.4506,23.5394],[71.4715,23.5577],[71.4232,23.5677],[71.4232,23.628],[71.3949,23.6042],[71.3792,23.6501],[71.2479,23.6553],[71.2605,23.6694],[71.2502,23.6941],[71.2969,23.7433],[71.2715,23.756],[71.2574,23.7428],[71.2549,23.7789],[71.241,23.7788],[71.2553,23.7725],[71.2469,23.7489],[71.1997,23.7543],[71.2172,23.7425],[71.201,23.7434],[71.1955,23.7296],[71.1702,23.753],[71.158,23.7413],[71.175,23.7331],[71.1653,23.7289],[71.1119,23.7453],[71.1204,23.7266],[71.1795,23.7201],[71.1923,23.6922],[71.1621,23.7018],[71.1513,23.6939],[71.1561,23.7092],[71.1257,23.7163],[71.1205,23.706],[71.0923,23.7124],[71.1156,23.6945],[71.118,23.6701],[71.1473,23.6859],[71.1486,23.6714],[71.1295,23.6543],[71.1405,23.6266],[71.1127,23.6328],[71.1029,23.6483],[71.079,23.6011],[71.0439,23.6472],[71.048,23.6682],[71.0512,23.6576],[71.0927,23.6847],[71.0611,23.7021],[71.0721,23.7308],[71.0443,23.7985],[71.0627,23.8035],[71.0635,23.8359],[71.1016,23.9011],[71.2132,23.9308],[71.241,23.918],[71.2541,23.9313],[71.2707,23.9215],[71.2749,23.9337],[71.3004,23.9292],[71.2912,23.9471],[71.3043,23.9507],[71.2985,23.9651],[71.3175,23.982],[71.2876,23.9988],[71.3291,24.0497],[71.3178,24.0699],[71.3448,24.1191],[71.338,24.1336],[71.3203,24.1249],[71.3164,24.1347],[71.2802,24.1341],[71.2914,24.1528],[71.2777,24.1621],[71.2913,24.176],[71.3245,24.1486],[71.3724,24.1791],[71.3731,24.1902],[71.34,24.1828],[71.3005,24.2364],[71.3163,24.2419],[71.2904,24.2574],[71.3135,24.2551],[71.3073,24.3041],[71.3232,24.3222],[71.3786,24.3322],[71.3965,24.3495],[71.3838,24.3936],[71.3318,24.3956],[71.3527,24.4332],[71.3301,24.4437],[71.3483,24.4744],[71.3507,24.5179],[71.261,24.5123],[71.2679,24.5458],[71.3129,24.5589],[71.3149,24.5882],[71.2903,24.6131]]],[[[70.5377,22.9238],[70.4332,22.9601],[70.4158,22.9214],[70.3812,22.9058],[70.3566,22.873],[70.2766,22.7364],[70.323,22.7571],[70.3252,22.7127],[70.3776,22.698],[70.3701,22.7292],[70.3805,22.7403],[70.3681,22.7445],[70.3667,22.7723],[70.3954,22.7781],[70.3833,22.7811],[70.387,22.8067],[70.4607,22.8381],[70.4752,22.8669],[70.4709,22.838],[70.4872,22.854],[70.4777,22.873],[70.4969,22.9033],[70.5377,22.9238]]],[[[70.4158,22.9885],[70.4368,23.0165],[70.4825,23.0658],[70.4247,23.0429],[70.4099,23.0026],[70.4158,22.9885]]],[[[68.415,23.5002],[68.421,23.5392],[68.3999,23.5465],[68.3914,23.5213],[68.415,23.5002]]],[[[68.563,23.3188],[68.567,23.3429],[68.5414,23.3369],[68.5413,23.32],[68.563,23.3188]]]]}},{"type":"Feature","properties":{"name":"Kheda","state":"Gujarat","level":"district"},"geometry":{"type":"Polygon","coordinates":[[[72.5083,22.6135],[72.5333,22.5886],[72.5327,22.5695],[72.554,22.5679],[72.577,22.5041],[72.6194,22.5132],[72.6533,22.5009],[72.6714,22.5058],[72.6702,22.5198],[72.6666,22.5301],[72.6428,22.5289],[72.6475,22.5458],[72.6714,22.5637],[72.6751,22.5859],[72.71,22.5893],[72.6887,22.6056],[72.6855,22.6286],[72.7171,22.6244],[72.7412,22.6456],[72.7609,22.6344],[72.7866,22.6413],[72.8102,22.6214],[72.8321,22.6229],[72.8302,22.5937],[72.8689,22.6189],[72.8777,22.6077],[72.8659,22.5984],[72.869,22.5831],[72.915,22.5903],[72.9289,22.6225],[72.9772,22.6409],[73.0073,22.7193],[73.0309,22.7333],[73.0551,22.7367],[73.0585,22.7171],[73.1356,22.7202],[73.1629,22.6813],[73.2055,22.6819],[73.2073,22.6551],[73.2311,22.6344],[73.2691,22.6641],[73.2547,22.7158],[73.262,22.7675],[73.3639,22.7957],[73.3883,22.8518],[73.3707,22.895],[73.4208,22.9366],[73.4124,22.9538],[73.3863,22.9554],[73.3513,22.9222],[73.3118,22.9398],[73.2612,22.9246],[73.2516,22.9629],[73.2774,22.9744],[73.2433,23.0163],[73.2464,23.036],[73.2762,23.0475],[73.2743,23.0606],[73.2473,23.0716],[73.2143,23.1102],[73.2073,23.145],[73.1712,23.1453],[73.1535,23.1719],[73.1586,23.1898],[73.1386,23.2056],[73.0699,23.1615],[73.0362,23.1837],[73.0362,23.1643],[73.0236,23.1717],[73.0154,23.1573],[73.0273,23.1312],[72.9884,23.1317],[73.0124,23.0871],[72.9798,23.0525],[72.9625,23.0522],[72.9612,23.0744],[72.9294,23.0776],[72.8985,23.0214],[72.874,23.0079],[72.848,23.0118],[72.852,23.0],[72.8341,22.9822],[72.8445,22.9656],[72.812,22.9424],[72.7927,22.9082],[72.7273,22.9125],[72.694,22.88],[72.6515,22.8975],[72.6339,22.8832],[72.6097,22.8856],[72.6108,22.815],[72.5729,22.8251],[72.5248,22.798],[72.5216,22.7807],[72.5357,22.7684],[72.5253,22.7571],[72.5291,22.7295],[72.5409,22.711],[72.5205,22.7014],[72.544,22.6892],[72.533,22.6772],[72.5509,22.6649],[72.5349,22.6445],[72.5381,22.626],[72.511,22.6304],[72.5083,22.6135]]]}},{"type":"Feature","properties":{"name":"Mahesana","state":"Gujarat","level":"district"},"geometry":{"type":"Polygon","coordinates":[[[72.336,23.1075],[72.3412,23.1261],[72.3552,23.1251],[72.3695,23.0958],[72.3999,23.1338],[72.417,23.13],[72.4283,23.1434],[72.4244,23.1542],[72.397,23.1478],[72.3836,23.1657],[72.4012,23.1881],[72.4151,23.1881],[72.4189,23.2086],[72.4482,23.1971],[72.4257,23.2441],[72.4466,23.2453],[72.4457,23.2556],[72.4228,23.2571],[72.4121,23.2801],[72.437,23.3097],[72.4515,23.2968],[72.475,23.3014],[72.4591,23.3119],[72.4809,23.3124],[72.4724,23.344],[72.5209,23.349],[72.5249,23.3609],[72.5039,23.3829],[72.5271,23.4029],[72.5264,23.4233],[72.5451,23.4282],[72.5389,23.4542],[72.5899,23.4591],[72.5975,23.5208],[72.6143,23.505],[72.6337,23.5073],[72.6379,23.5569],[72.654,23.5675],[72.6681,23.5468],[72.6903,23.5539],[72.687,23.5309],[72.7023,23.5198],[72.7183,23.5261],[72.7409,23.5151],[72.7581,23.5363],[72.7818,23.5389],[72.774,23.5072],[72.8272,23.497],[72.8203,23.5173],[72.8313,23.5407],[72.807,23.5767],[72.8419,23.6029],[72.8188,23.6339],[72.8347,23.67],[72.7988,23.7401],[72.8102,23.8006],[72.7893,23.8334],[72.8033,23.913],[72.8287,23.9272],[72.817,23.9451],[72.8497,23.971],[72.8664,24.0166],[72.8523,24.038],[72.8228,24.0356],[72.7934,24.0938],[72.7504,24.0684],[72.7197,24.0891],[72.6565,24.0544],[72.6421,24.0674],[72.6241,24.0411],[72.6407,24.0269],[72.6462,23.9897],[72.5928,23.9769],[72.5804,23.9349],[72.5229,23.9405],[72.4796,23.9305],[72.4696,23.8941],[72.4403,23.9111],[72.4146,23.9038],[72.4002,23.8773],[72.3769,23.8692],[72.3264,23.887],[72.3201,23.8544],[72.2905,23.8525],[72.3176,23.8128],[72.301,23.8038],[72.2945,23.7799],[72.3213,23.762],[72.2816,23.7263],[72.2754,23.6762],[72.2985,23.6865],[72.3083,23.6691],[72.285,23.613],[72.2517,23.624],[72.2384,23.6429],[72.2168,23.6199],[72.1945,23.6324],[72.1647,23.608],[72.105,23.6009],[72.1006,23.5714],[72.0623,23.5665],[72.0532,23.5707],[72.0639,23.5926],[72.0578,23.6176],[72.0141,23.6318],[71.9818,23.6234],[71.9825,23.6061],[71.9426,23.5889],[71.9592,23.5801],[71.984,23.5113],[72.0337,23.5086],[72.0271,23.4779],[72.0543,23.4439],[72.0996,23.4591],[72.1683,23.4409],[72.1889,23.413],[72.2166,23.4346],[72.2361,23.4237],[72.2578,23.4592],[72.2834,23.4431],[72.2821,23.4283],[72.2996,23.4137],[72.2625,23.3701],[72.2655,23.3463],[72.2094,23.3085],[72.1998,23.2771],[72.177,23.2674],[72.1863,23.2213],[72.1706,23.1913],[72.1885,23.144],[72.1644,23.1377],[72.1581,23.1096],[72.2396,23.1176],[72.261,23.1046],[72.2609,23.0876],[72.2844,23.0798],[72.2951,23.0405],[72.3255,23.0617],[72.31,23.095],[72.336,23.1075]]]}},{"type":"Feature","properties":{"name":"Mahisagar","state":"Gujarat","level":"district"},"geometry":{"type":"Polygon","coordinates":[[[73.2743,23.0606],[73.2762,23.0475],[73.2464,23.036],[73.2433,23.0163],[73.2774,22.9744],[73.2516,22.9629],[73.2581,22.9283],[73.3118,22.9398],[73.3513,22.9222],[73.3863,22.9554],[73.4124,22.9538],[73.4208,22.9366],[73.4499,22.9623],[73.4371,23.0299],[73.4782,22.9813],[73.4991,22.993],[73.5235,22.9787],[73.536,22.991],[73.5849,22.9842],[73.6217,23.0211],[73.6465,23.0129],[73.6305,23.0374],[73.6713,23.0991],[73.6977,23.085],[73.7179,23.0538],[73.775,23.0731],[73.8066,23.1081],[73.8538,23.0635],[73.9074,23.0474],[73.908,23.0777],[73.9467,23.1068],[73.9632,23.1092],[74.0066,23.0794],[74.021,23.0883],[74.0003,23.1188],[73.9746,23.1228],[73.9924,23.1453],[73.9675,23.1756],[73.9808,23.2049],[73.9618,23.2115],[73.962,23.2213],[73.9881,23.2207],[73.9803,23.256],[73.9973,23.2794],[73.9861,23.2938],[74.0009,23.3348],[73.985,23.3398],[73.9605,23.38],[73.9453,23.3721],[73.9369,23.34],[73.8921,23.3358],[73.8928,23.3513],[73.8299,23.4455],[73.7807,23.4334],[73.7624,23.4574],[73.7236,23.4116],[73.7017,23.4547],[73.6505,23.4395],[73.63,23.4515],[73.6349,23.4241],[73.6221,23.3989],[73.5679,23.3475],[73.5273,23.2859],[73.4771,23.2714],[73.4774,23.2868],[73.4592,23.2849],[73.3765,23.2376],[73.3846,23.2208],[73.3448,23.2012],[73.3509,23.183],[73.3775,23.1731],[73.375,23.1388],[73.3421,23.1293],[73.3443,23.0993],[73.3333,23.1005],[73.3303,23.0827],[73.2974,23.0819],[73.2743,23.0606]]]}},{"type":"Feature","properties":{"name":"Morbi","state":"Gujarat","level":"district"},"geometry":{"type":"Polygon","coordinates":[[[71.3147,23.1446],[71.3009,23.184],[71.2819,23.1729],[71.2852,23.1551],[71.2159,23.1497],[71.1946,23.1912],[71.1605,23.1819],[71.1575,23.1994],[71.1398,23.2094],[71.0712,23.1758],[70.9874,23.1739],[70.9637,23.1565],[70.9574,23.1733],[70.9504,23.1569],[70.9652,23.1367],[70.9465,23.1317],[70.931,23.1362],[70.9374,23.1588],[70.9046,23.1616],[70.89,23.155],[70.9027,23.1332],[70.8842,23.1338],[70.8764,23.1213],[70.8763,23.1377],[70.8301,23.1568],[70.8577,23.1287],[70.8348,23.1103],[70.8256,23.0791],[70.8324,23.1261],[70.8165,23.136],[70.8179,23.162],[70.7874,23.1503],[70.7914,23.1646],[70.7657,23.1669],[70.7574,23.1398],[70.7413,23.1427],[70.6871,23.1146],[70.6272,23.0615],[70.6003,23.0603],[70.602,23.0355],[70.5649,23.0315],[70.5421,22.9596],[70.4331,22.9785],[70.4332,22.9601],[70.4711,22.9401],[70.5808,22.9154],[70.606,22.8808],[70.6472,22.8596],[70.6635,22.8318],[70.6438,22.823],[70.6494,22.7871],[70.6162,22.765],[70.6249,22.7275],[70.6391,22.7256],[70.6455,22.705],[70.6142,22.6918],[70.6143,22.6485],[70.5755,22.6317],[70.5639,22.5978],[70.5986,22.5982],[70.6389,22.579],[70.6179,22.5352],[70.6234,22.5133],[70.6549,22.5026],[70.6708,22.4835],[70.6619,22.4736],[70.721,22.3981],[70.7488,22.3825],[70.7496,22.4124],[70.7676,22.4093],[70.8058,22.4378],[70.7918,22.4374],[70.7871,22.4502],[70.7927,22.474],[70.8477,22.5117],[70.8676,22.4651],[70.8908,22.4456],[70.9289,22.4431],[70.9385,22.4281],[70.9836,22.4124],[71.0255,22.4385],[71.0578,22.4359],[71.0896,22.3997],[71.1027,22.4333],[71.1235,22.4358],[71.1149,22.4518],[71.1325,22.4787],[71.1642,22.4825],[71.1646,22.5012],[71.1324,22.5451],[71.1158,22.5463],[71.0959,22.512],[71.0631,22.5379],[71.098,22.5675],[71.1024,22.6267],[71.1115,22.6397],[71.1305,22.6337],[71.1293,22.6526],[71.1634,22.6811],[71.1683,22.7006],[71.1222,22.7573],[71.1322,22.7646],[71.124,22.8006],[71.0989,22.8265],[71.1379,22.8393],[71.1464,22.869],[71.1844,22.8322],[71.2243,22.8243],[71.2541,22.8393],[71.2443,22.8649],[71.2617,22.8751],[71.2696,22.9084],[71.2908,22.9209],[71.3018,22.9502],[71.2935,22.9772],[71.3156,22.9897],[71.3138,23.0162],[71.2946,23.0208],[71.3011,23.0488],[71.291,23.0707],[71.3393,23.0946],[71.3417,23.1171],[71.3585,23.1221],[71.3417,23.1458],[71.3147,23.1446]]]}},{"type":"Feature","properties":{"name":"Narmada","state":"Gujarat","level":"district"},"geometry":{"type":"Polygon","coordinates":[[[73.5271,22.051],[73.502,22.038],[73.4971,22.0143],[73.5122,22.0008],[73.5016,21.9653],[73.4527,21.9765],[73.4345,21.9145],[73.4103,21.9096],[73.3679,21.9282],[73.3555,21.9223],[73.3494,21.875],[73.3012,21.89],[73.3029,21.8328],[73.3352,21.8345],[73.3402,21.8091],[73.3689,21.801],[73.4099,21.7472],[73.3956,21.7182],[73.4364,21.7102],[73.4679,21.7192],[73.5056,21.6781],[73.4769,21.6556],[73.4888,21.6388],[73.4854,21.6105],[73.4443,21.5559],[73.4523,21.5231],[73.4725,21.5082],[73.4923,21.5123],[73.4807,21.4935],[73.5572,21.4717],[73.5968,21.4832],[73.6169,21.4713],[73.6776,21.4732],[73.7009,21.3957],[73.7835,21.412],[73.8192,21.4003],[73.8859,21.4508],[73.9725,21.4609],[73.9872,21.477],[73.974,21.4873],[73.9863,21.5216],[73.962,21.5383],[73.9529,21.5157],[73.906,21.5195],[73.8561,21.4952],[73.8184,21.6],[73.7828,21.6244],[73.8658,21.6381],[73.8937,21.6665],[73.892,21.6995],[73.8267,21.7622],[73.8406,21.7899],[73.8241,21.8084],[73.8077,21.8014],[73.8064,21.8235],[73.8754,21.8378],[73.9451,21.8696],[73.9344,21.8892],[73.9099,21.8993],[73.8941,21.9247],[73.8744,21.9216],[73.8603,21.9504],[73.8096,21.9276],[73.8043,21.9493],[73.7951,21.9306],[73.7814,21.9419],[73.7861,21.9597],[73.7529,21.9615],[73.736,21.9792],[73.698,21.9738],[73.6869,21.9855],[73.6901,22.0069],[73.6814,22.0038],[73.6771,22.0271],[73.6607,22.0392],[73.6695,22.0643],[73.634,22.0623],[73.6109,22.0798],[73.5487,22.0461],[73.5271,22.051]]]}},{"type":"Feature","properties":{"name":"Navsari","state":"Gujarat","level":"district"},"geometry":{"type":"Polygon","coordinates":[[[73.5003,20.8188],[73.3859,20.8251],[73.3164,20.8837],[73.3038,20.8174],[73.2587,20.818],[73.2506,20.849],[73.1991,20.8606],[73.1686,20.9004],[73.1267,20.8976],[73.1278,20.9211],[73.0951,20.9369],[73.0866,20.9674],[73.0084,21.023],[73.0195,21.0524],[73.0107,21.0674],[72.9942,21.0704],[72.9974,21.0548],[72.9663,21.0572],[72.9656,21.0702],[72.92,21.0431],[72.8948,21.0622],[72.8905,21.0497],[72.8744,21.0561],[72.8623,21.0387],[72.8409,21.0363],[72.8504,21.0301],[72.8149,21.0245],[72.8015,21.0451],[72.7765,21.0245],[72.7565,21.0538],[72.7703,21.0625],[72.7235,21.0585],[72.746,20.9599],[72.7712,20.9135],[72.7897,20.9098],[72.8247,20.8139],[72.8158,20.8059],[72.8284,20.7658],[72.8522,20.7486],[72.8388,20.7404],[72.8699,20.7215],[72.8995,20.7362],[72.9565,20.7199],[72.9735,20.7433],[73.0146,20.7231],[73.0478,20.7029],[73.0299,20.6758],[73.0366,20.6675],[73.0762,20.6521],[73.0677,20.631],[73.0756,20.6005],[73.1519,20.6074],[73.2019,20.5913],[73.2168,20.6042],[73.2614,20.5818],[73.395,20.6178],[73.4107,20.6308],[73.3964,20.6527],[73.4328,20.6651],[73.4495,20.6936],[73.4403,20.7013],[73.4683,20.7218],[73.4608,20.7564],[73.4933,20.7584],[73.4876,20.7979],[73.5003,20.8188]]]}},{"type":"Feature","properties":{"name":"Panch Mahals","state":"Gujarat","level":"district"},"geometry":{"type":"Polygon","coordinates":[[[73.8109,22.5478],[73.8165,22.5655],[73.8702,22.5701],[73.848,22.6111],[73.8041,22.6124],[73.8333,22.6428],[73.8028,22.6849],[73.8356,22.701],[73.8348,22.7272],[73.8533,22.7416],[73.8186,22.7887],[73.8326,22.8079],[73.8528,22.7891],[73.8414,22.8445],[73.8729,22.8463],[73.8854,22.9024],[73.9085,22.9344],[73.8908,22.9486],[73.9317,22.9786],[73.905,22.9902],[73.9169,23.0133],[73.9074,23.0474],[73.8538,23.0635],[73.8066,23.1081],[73.775,23.0731],[73.7179,23.0538],[73.6977,23.085],[73.6713,23.0991],[73.6305,23.0374],[73.6527,23.0168],[73.6328,23.0095],[73.6217,23.0211],[73.5849,22.9842],[73.536,22.991],[73.5235,22.9787],[73.4991,22.993],[73.4782,22.9813],[73.4371,23.0299],[73.453,22.9686],[73.3732,22.8998],[73.3883,22.8518],[73.3523,22.7897],[73.3814,22.7571],[73.3802,22.7957],[73.4085,22.8094],[73.4071,22.7903],[73.4282,22.7743],[73.4284,22.7587],[73.3876,22.7388],[73.3928,22.6867],[73.4058,22.6848],[73.4172,22.6595],[73.3979,22.6425],[73.3731,22.6462],[73.3663,22.6279],[73.3905,22.614],[73.3746,22.5535],[73.4217,22.5479],[73.4081,22.5041],[73.4305,22.4761],[73.4237,22.427],[73.4459,22.4221],[73.4412,22.398],[73.4738,22.378],[73.4672,22.3579],[73.5221,22.3393],[73.5514,22.342],[73.567,22.3271],[73.6317,22.3231],[73.6147,22.3441],[73.6324,22.3867],[73.645,22.3848],[73.6844,22.372],[73.7055,22.3484],[73.6964,22.3369],[73.66,22.3351],[73.6356,22.3007],[73.6634,22.2853],[73.7004,22.2858],[73.7133,22.3021],[73.7319,22.2904],[73.7305,22.3352],[73.7552,22.3457],[73.7722,22.3867],[73.7393,22.39],[73.7433,22.4385],[73.7277,22.4615],[73.7334,22.5155],[73.7594,22.5466],[73.8109,22.5478]]]}},{"type":"Feature","properties":{"name":"Patan","state":"Gujarat","level":"district"},"geometry":{"type":"Polygon","coordinates":[[[71.3175,23.982],[71.2985,23.9651],[71.3043,23.9507],[71.2912,23.9471],[71.2964,23.927],[71.2749,23.9337],[71.2659,23.9218],[71.2541,23.9313],[71.241,23.918],[71.2132,23.9308],[71.1016,23.9011],[71.0635,23.8359],[71.0627,23.8035],[71.0443,23.7985],[71.0721,23.7308],[71.0611,23.7021],[71.0927,23.6847],[71.0443,23.663],[71.0649,23.6111],[71.079,23.6011],[71.091,23.6091],[71.0862,23.6313],[71.1029,23.6483],[71.1127,23.6328],[71.1405,23.6266],[71.1295,23.6543],[71.1486,23.6714],[71.1473,23.6859],[71.118,23.6701],[71.1156,23.6945],[71.0923,23.7124],[71.1205,23.706],[71.1257,23.7163],[71.1561,23.7092],[71.1513,23.6939],[71.1621,23.7018],[71.1923,23.6922],[71.1795,23.7201],[71.1204,23.7266],[71.1119,23.7453],[71.1653,23.7289],[71.175,23.7331],[71.158,23.7413],[71.1702,23.753],[71.1955,23.7296],[71.201,23.7434],[71.2172,23.7425],[71.1997,23.7543],[71.2469,23.7489],[71.2553,23.7725],[71.241,23.7788],[71.2549,23.7789],[71.2574,23.7428],[71.2715,23.756],[71.2969,23.7433],[71.2502,23.6941],[71.2605,23.6694],[71.2479,23.6553],[71.3792,23.6501],[71.3949,23.6042],[71.4232,23.628],[71.4232,23.5677],[71.4715,23.5577],[71.4506,23.5394],[71.4497,23.4725],[71.5193,23.5287],[71.51,23.4759],[71.5962,23.5047],[71.699,23.4888],[71.7288,23.4955],[71.7315,23.4762],[71.7691,23.4709],[71.7796,23.458],[71.7621,23.4303],[71.7643,23.4097],[71.7996,23.4006],[71.8449,23.4311],[71.8649,23.4754],[71.9313,23.5001],[71.9709,23.5319],[71.9592,23.5801],[71.9421,23.5849],[71.9825,23.6061],[71.9818,23.6234],[72.0141,23.6318],[72.0539,23.6202],[72.0639,23.5926],[72.0532,23.5707],[72.0702,23.5661],[72.1006,23.5714],[72.105,23.6009],[72.1647,23.608],[72.1945,23.6324],[72.2168,23.6199],[72.2384,23.6429],[72.2517,23.624],[72.285,23.613],[72.3083,23.6691],[72.2985,23.6865],[72.2754,23.6762],[72.2816,23.7263],[72.3213,23.762],[72.2945,23.7799],[72.301,23.8038],[72.3176,23.8128],[72.2905,23.8525],[72.3201,23.8544],[72.3264,23.887],[72.3769,23.8692],[72.4002,23.8773],[72.4146,23.9038],[72.4403,23.9111],[72.4696,23.8941],[72.4796,23.9305],[72.4671,23.9651],[72.4374,23.9644],[72.4284,23.9792],[72.3687,23.9674],[72.3554,24.0253],[72.2754,24.0482],[72.2609,24.0727],[72.232,24.0656],[72.2178,24.1045],[72.235,24.118],[72.206,24.141],[72.2102,24.1287],[72.1883,24.1042],[72.1607,24.1157],[72.1579,24.1382],[72.1316,24.1407],[72.1195,24.1213],[72.1024,24.1262],[72.1028,24.1097],[72.1552,24.1147],[72.1657,24.0749],[72.1397,24.0442],[72.0992,24.0481],[72.1017,24.0215],[72.0502,24.0346],[72.0321,24.0554],[72.0164,24.0404],[72.0209,24.0188],[72.0485,23.9982],[72.0373,23.9828],[72.0139,23.9866],[72.0024,23.9676],[71.9857,23.9978],[71.9647,23.9937],[71.9532,24.009],[71.9281,24.0103],[71.9307,23.9973],[71.9163,23.9952],[71.9474,23.9723],[71.9307,23.9492],[71.9736,23.8924],[71.8909,23.8799],[71.8692,23.8708],[71.8595,23.8493],[71.8093,23.855],[71.7683,23.8316],[71.7169,23.8702],[71.718,23.9266],[71.6981,23.935],[71.6806,23.9697],[71.6092,23.9421],[71.5889,23.9769],[71.4929,23.9708],[71.4938,24.0137],[71.479,24.0235],[71.4447,23.9832],[71.4461,23.9413],[71.4151,23.9266],[71.3965,23.9628],[71.3747,23.9533],[71.366,23.9667],[71.3175,23.982]]]}},{"type":"Feature","properties":{"name":"Porbandar","state":"Gujarat","level":"district"},"geometry":{"type":"Polygon","coordinates":[[[70.0766,21.7328],[70.0519,21.6986],[70.0264,21.7045],[70.0101,21.7578],[70.0131,21.7995],[69.992,21.8085],[69.9297,21.7783],[69.8828,21.7678],[69.8714,21.7805],[69.8687,21.7359],[69.8481,21.7309],[69.8192,21.7408],[69.8168,21.823],[69.7415,21.8319],[69.7156,21.7934],[69.6896,21.8191],[69.667,21.8122],[69.6469,21.8368],[69.6338,21.8277],[69.6337,21.8031],[69.618,21.8031],[69.6128,21.8638],[69.6591,21.8696],[69.6744,21.9051],[69.6689,21.9228],[69.6836,21.9258],[69.6879,21.9101],[69.725,21.938],[69.7182,21.9748],[69.6965,21.978],[69.6856,21.9589],[69.6533,21.9549],[69.6535,21.9201],[69.6353,21.9184],[69.6139,21.9461],[69.567,21.9407],[69.5453,21.9232],[69.5341,21.8889],[69.5071,21.9002],[69.4896,21.8942],[69.4912,21.8553],[69.4506,21.8513],[69.4178,21.8881],[69.3747,21.828],[69.5889,21.6355],[69.5881,21.6217],[69.6028,21.6364],[69.7067,21.5367],[69.9825,21.2269],[70.0298,21.2756],[69.9788,21.2938],[69.9805,21.3328],[69.9516,21.3551],[69.9468,21.3949],[69.9865,21.4213],[69.9844,21.4357],[70.0315,21.435],[70.0525,21.4507],[70.0437,21.4729],[69.9972,21.4782],[69.9826,21.5309],[70.0046,21.5436],[69.9869,21.5706],[69.9738,21.5695],[69.9688,21.5924],[69.9876,21.6009],[69.9942,21.5787],[70.033,21.6014],[70.0649,21.5841],[70.0748,21.5921],[70.069,21.6085],[70.0419,21.6079],[70.0353,21.6267],[70.0437,21.6488],[70.056,21.6358],[70.1075,21.6448],[70.1065,21.6651],[70.1212,21.6795],[70.1494,21.6622],[70.1422,21.6857],[70.1206,21.7058],[70.0908,21.7035],[70.0766,21.7328]]]}},{"type":"Feature","properties":{"name":"Rajkot","state":"Gujarat","level":"district"},"geometry":{"type":"Polygon","coordinates":[[[71.4348,22.2615],[71.4223,22.2329],[71.3902,22.223],[71.389,22.2758],[71.3715,22.2749],[71.3674,22.2945],[71.3433,22.2597],[71.3081,22.2815],[71.3033,22.2526],[71.2785,22.2724],[71.2334,22.2772],[71.2279,22.2507],[71.211,22.243],[71.2153,22.223],[71.2778,22.2177],[71.2985,22.1817],[71.2908,22.1641],[71.2332,22.1648],[71.212,22.1863],[71.1897,22.1738],[71.1945,22.1633],[71.1725,22.1599],[71.1766,22.1452],[71.1251,22.1229],[71.1144,22.1331],[71.157,22.1668],[71.1596,22.1821],[71.1145,22.2286],[71.1141,22.255],[71.0821,22.2569],[71.0618,22.2778],[71.0592,22.3101],[71.0236,22.3298],[71.0135,22.3541],[71.0207,22.3789],[71.0412,22.3866],[71.0352,22.3946],[70.8737,22.4559],[70.8477,22.5117],[70.7927,22.474],[70.7871,22.4502],[70.7918,22.4374],[70.8058,22.4378],[70.7676,22.4093],[70.7496,22.4124],[70.7422,22.3847],[70.7042,22.4127],[70.6549,22.5026],[70.6234,22.5133],[70.6179,22.5352],[70.6389,22.579],[70.5986,22.5982],[70.5639,22.5978],[70.5487,22.5641],[70.5541,22.547],[70.5747,22.5527],[70.6029,22.53],[70.5717,22.5203],[70.5461,22.5316],[70.5277,22.5125],[70.5364,22.4955],[70.5766,22.5102],[70.5873,22.4865],[70.5426,22.4778],[70.5515,22.4621],[70.5358,22.4574],[70.5155,22.465],[70.5029,22.4891],[70.5007,22.4535],[70.4674,22.4677],[70.4469,22.4286],[70.4615,22.4184],[70.505,22.4271],[70.5077,22.4145],[70.4919,22.4101],[70.4754,22.3761],[70.5184,22.3595],[70.5293,22.3408],[70.4987,22.3222],[70.4742,22.3265],[70.4723,22.3119],[70.5229,22.2458],[70.535,22.2493],[70.5478,22.2304],[70.5763,22.2386],[70.5857,22.21],[70.6132,22.1944],[70.5817,22.1839],[70.586,22.1682],[70.5628,22.1437],[70.5717,22.1191],[70.5879,22.1131],[70.5511,22.0811],[70.5612,22.0747],[70.549,22.0484],[70.5693,22.0296],[70.5042,21.9962],[70.4988,22.013],[70.5196,22.019],[70.5311,22.0413],[70.5229,22.0484],[70.4581,22.0528],[70.4542,22.0376],[70.4163,22.029],[70.3303,22.049],[70.3278,22.018],[70.2977,22.0098],[70.3038,21.9942],[70.2657,22.0028],[70.2531,21.9681],[70.2079,21.9622],[70.2168,21.9081],[70.1965,21.8934],[70.1793,21.8947],[70.1682,21.9367],[70.1461,21.9412],[70.1288,21.8655],[70.0926,21.8359],[70.1107,21.8243],[70.0827,21.8186],[70.0912,21.8004],[70.0316,21.7917],[70.0847,21.7343],[70.0908,21.7035],[70.1206,21.7058],[70.1459,21.6816],[70.1519,21.6479],[70.1286,21.6378],[70.1403,21.6126],[70.2283,21.6367],[70.2459,21.6135],[70.2635,21.6134],[70.2703,21.5773],[70.2465,21.5661],[70.26,21.5266],[70.2955,21.5466],[70.3029,21.5875],[70.3676,21.5982],[70.3688,21.6373],[70.4382,21.659],[70.446,21.674],[70.4591,21.6489],[70.4926,21.6481],[70.5077,21.6649],[70.5467,21.6744],[70.5548,21.6517],[70.5452,21.6447],[70.5636,21.6202],[70.5796,21.6308],[70.6102,21.6215],[70.6425,21.651],[70.6773,21.6407],[70.6956,21.6066],[70.722,21.611],[70.7332,21.6413],[70.7708,21.6445],[70.7783,21.6622],[70.7947,21.6658],[70.8087,21.711],[70.7801,21.7004],[70.7705,21.7092],[70.7964,21.7379],[70.8866,21.735],[70.8954,21.7642],[70.9112,21.767],[70.9362,21.7457],[70.966,21.7504],[70.9854,21.7259],[71.0332,21.7415],[71.0481,21.7564],[71.0484,21.8234],[71.0848,21.8233],[71.1102,21.8536],[71.1049,21.8701],[71.0604,21.8492],[71.0323,21.8721],[71.0602,21.8817],[71.0652,21.9074],[71.1166,21.9194],[71.1302,21.9439],[71.1986,21.9688],[71.2001,22.0005],[71.1858,22.0101],[71.2489,22.0097],[71.2658,21.9574],[71.2947,21.9605],[71.2963,21.9797],[71.2738,22.0106],[71.301,22.0424],[71.3304,22.0261],[71.33,22.0065],[71.3512,21.9828],[71.3936,21.9786],[71.4505,21.9962],[71.4609,22.0068],[71.4556,22.0307],[71.5071,22.0556],[71.4917,22.0701],[71.5016,22.1114],[71.471,22.1374],[71.4801,22.1847],[71.4284,22.2089],[71.4295,22.2201],[71.4589,22.2308],[71.456,22.2556],[71.4348,22.2615]]]}},{"type":"Feature","properties":{"name":"Sabar Kantha","state":"Gujarat","level":"district"},"geometry":{"type":"Polygon","coordinates":[[[73.3838,23.9052],[73.4222,23.9305],[73.4171,23.9821],[73.4026,23.99],[73.4114,24.0505],[73.3672,24.0875],[73.3712,24.1276],[73.3585,24.1136],[73.3327,24.1147],[73.33,24.0733],[73.2883,24.0271],[73.243,24.0105],[73.1982,24.0572],[73.221,24.098],[73.1112,24.1386],[73.1136,24.1529],[73.0797,24.1851],[73.0888,24.221],[73.1084,24.2312],[73.0981,24.2378],[73.1363,24.2801],[73.1423,24.3078],[73.1781,24.3014],[73.1905,24.3435],[73.2087,24.3341],[73.2292,24.3645],[73.2087,24.3753],[73.1667,24.3508],[73.0824,24.3946],[73.1059,24.4264],[73.092,24.4948],[73.0485,24.4655],[73.0192,24.4654],[73.0102,24.4827],[72.9782,24.4514],[72.9878,24.4213],[72.9613,24.3926],[72.9886,24.3643],[72.9624,24.3515],[72.9666,24.308],[73.0303,24.2846],[73.0268,24.2582],[72.9816,24.1658],[72.9495,24.128],[72.9496,24.098],[72.9185,24.0374],[72.9011,24.0207],[72.856,24.0094],[72.8497,23.971],[72.817,23.9451],[72.8287,23.9272],[72.8033,23.913],[72.7889,23.8246],[72.8102,23.8006],[72.7988,23.7401],[72.8347,23.67],[72.8188,23.6339],[72.8418,23.6061],[72.807,23.5767],[72.8313,23.5407],[72.8203,23.5173],[72.8272,23.497],[72.8003,23.4955],[72.8183,23.4709],[72.7975,23.4233],[72.8032,23.403],[72.7747,23.4127],[72.7275,23.3865],[72.7493,23.3889],[72.7645,23.3532],[72.8084,23.3518],[72.8042,23.3175],[72.8337,23.3276],[72.8625,23.3129],[72.9136,23.3193],[72.9126,23.2956],[72.8854,23.291],[72.9006,23.2805],[72.921,23.287],[72.9219,23.2645],[72.9429,23.2392],[72.9794,23.2615],[72.974,23.2801],[73.0011,23.2967],[73.0205,23.2747],[73.0622,23.2871],[73.0474,23.2697],[73.0606,23.2547],[73.0922,23.2748],[73.0791,23.2917],[73.1043,23.3233],[73.1033,23.3471],[73.0732,23.3714],[73.0935,23.3832],[73.112,23.3712],[73.1334,23.3783],[73.1289,23.4056],[73.1445,23.416],[73.1188,23.418],[73.1196,23.4629],[73.1377,23.4801],[73.1549,23.4761],[73.1724,23.4993],[73.1606,23.5387],[73.197,23.5536],[73.2104,23.6095],[73.1869,23.6334],[73.1997,23.6484],[73.1606,23.6492],[73.1479,23.6907],[73.1268,23.7064],[73.1138,23.6979],[73.1507,23.7376],[73.1338,23.7418],[73.1417,23.776],[73.1608,23.7808],[73.1773,23.8181],[73.2039,23.8224],[73.2231,23.8482],[73.2327,23.8773],[73.2181,23.8962],[73.2461,23.9026],[73.2778,23.8433],[73.2906,23.8631],[73.28,23.8807],[73.2888,23.8915],[73.3423,23.8816],[73.3583,23.9085],[73.3838,23.9052]]]}},{"type":"Feature","properties":{"name":"Surat","state":"Gujarat","level":"district"},"geometry":{"type":"Polygon","coordinates":[[[73.4523,21.5231],[73.4024,21.5072],[73.3488,21.5108],[73.3323,21.4877],[73.308,21.5049],[73.2427,21.4916],[73.1967,21.5045],[73.1222,21.4824],[73.1054,21.5054],[73.0813,21.5037],[73.0813,21.5412],[73.0567,21.5652],[73.0402,21.5328],[73.0574,21.5018],[73.0547,21.4812],[73.0276,21.4806],[73.0203,21.5231],[72.9905,21.5373],[72.9858,21.52],[72.9437,21.5111],[72.9555,21.4843],[72.9379,21.4714],[72.9258,21.4216],[72.8852,21.4408],[72.8735,21.4323],[72.8779,21.4507],[72.8559,21.4502],[72.8514,21.4111],[72.8174,21.4022],[72.8156,21.4203],[72.7878,21.4239],[72.7887,21.4538],[72.7629,21.4489],[72.74,21.4705],[72.7113,21.4319],[72.6965,21.4355],[72.7035,21.4757],[72.6847,21.4386],[72.6278,21.3798],[72.6282,21.3702],[72.6485,21.3759],[72.6493,21.3674],[72.599,21.307],[72.5967,21.2474],[72.6205,21.2302],[72.6139,21.0899],[72.6563,21.0603],[72.6576,21.0914],[72.7007,21.0805],[72.7235,21.0585],[72.7703,21.0625],[72.7565,21.0538],[72.7765,21.0245],[72.8015,21.0451],[72.8149,21.0245],[72.8381,21.0266],[72.8744,21.0561],[72.8905,21.0497],[72.8948,21.0622],[72.92,21.0431],[72.9656,21.0702],[72.9663,21.0572],[72.9974,21.0548],[72.9942,21.0704],[73.0107,21.0674],[73.0195,21.0524],[73.0084,21.023],[73.0866,20.9674],[73.0951,20.9369],[73.1278,20.9211],[73.1267,20.8976],[73.1686,20.9004],[73.1991,20.8606],[73.2506,20.849],[73.2587,20.818],[73.3038,20.8174],[73.3175,20.9008],[73.2913,20.9298],[73.2642,20.9215],[73.2575,20.9456],[73.2131,20.9571],[73.2433,20.9921],[73.2115,21.0124],[73.2183,21.0393],[73.2036,21.0536],[73.2049,21.0744],[73.2552,21.0918],[73.2278,21.1343],[73.2536,21.1166],[73.2739,21.1313],[73.2863,21.1556],[73.2844,21.1939],[73.3669,21.2209],[73.3738,21.2702],[73.404,21.2797],[73.4453,21.2686],[73.4489,21.3251],[73.4382,21.3389],[73.4572,21.384],[73.5084,21.3782],[73.5267,21.3497],[73.5389,21.3684],[73.5905,21.3655],[73.7009,21.3957],[73.6776,21.4732],[73.6169,21.4713],[73.5968,21.4832],[73.5572,21.4717],[73.4807,21.4935],[73.4923,21.5123],[73.4725,21.5082],[73.4523,21.5231]]]}},{"type":"Feature","properties":{"name":"Surendranagar","state":"Gujarat","level":"district"},"geometry":{"type":"Polygon","coordinates":[[[72.001,23.504],[71.9709,23.5319],[71.9528,23.5259],[71.9313,23.5001],[71.8649,23.4754],[71.8449,23.4311],[71.7996,23.4006],[71.7643,23.4097],[71.7621,23.4303],[71.7796,23.458],[71.7691,23.4709],[71.7315,23.4762],[71.7288,23.4955],[71.699,23.4888],[71.5962,23.5047],[71.534,23.4819],[71.5297,23.4688],[71.5651,23.4667],[71.5961,23.4375],[71.5859,23.3634],[71.6261,23.3579],[71.6461,23.3327],[71.6348,23.3085],[71.6499,23.2915],[71.6706,23.2941],[71.6195,23.2298],[71.6273,23.2049],[71.6775,23.1729],[71.7018,23.1858],[71.7158,23.1774],[71.7111,23.1507],[71.6439,23.1745],[71.6222,23.1626],[71.6263,23.1454],[71.5952,23.1378],[71.5352,23.1663],[71.4541,23.1454],[71.394,23.1549],[71.3606,23.1793],[71.3372,23.167],[71.3225,23.1878],[71.3137,23.1692],[71.3042,23.1722],[71.3147,23.1446],[71.3417,23.1458],[71.3585,23.1221],[71.3417,23.1171],[71.3393,23.0946],[71.291,23.0707],[71.3011,23.0488],[71.2946,23.0208],[71.3138,23.0162],[71.3156,22.9897],[71.2935,22.9772],[71.3018,22.9502],[71.2908,22.9209],[71.2696,22.9084],[71.2617,22.8751],[71.2443,22.8649],[71.2541,22.8393],[71.2243,22.8243],[71.1844,22.8322],[71.1464,22.869],[71.1379,22.8393],[71.0989,22.8265],[71.124,22.8006],[71.1322,22.7646],[71.1222,22.7573],[71.1683,22.7006],[71.1634,22.6811],[71.1293,22.6526],[71.1305,22.6337],[71.1115,22.6397],[71.1024,22.6267],[71.098,22.5675],[71.0631,22.5379],[71.0959,22.512],[71.1158,22.5463],[71.1324,22.5451],[71.1646,22.5012],[71.1642,22.4825],[71.1325,22.4787],[71.1149,22.4518],[71.1242,22.4372],[71.1027,22.4333],[71.0964,22.4008],[71.078,22.4044],[71.0578,22.4359],[71.0367,22.4398],[70.9836,22.4124],[71.0352,22.3946],[71.0412,22.3866],[71.0207,22.3789],[71.0135,22.3541],[71.0236,22.3298],[71.0592,22.3101],[71.0618,22.2778],[71.0821,22.2569],[71.1141,22.255],[71.1145,22.2286],[71.1596,22.1821],[71.157,22.1668],[71.1144,22.1331],[71.1251,22.1229],[71.1766,22.1452],[71.1725,22.1599],[71.1945,22.1633],[71.1897,22.1738],[71.212,22.1863],[71.2332,22.1648],[71.2908,22.1641],[71.2985,22.1817],[71.2778,22.2177],[71.2153,22.223],[71.211,22.243],[71.2279,22.2507],[71.2334,22.2772],[71.2785,22.2724],[71.3033,22.2526],[71.3081,22.2815],[71.3433,22.2597],[71.3674,22.2945],[71.3715,22.2749],[71.389,22.2758],[71.3873,22.2255],[71.4015,22.2242],[71.4223,22.2329],[71.4407,22.2895],[71.4885,22.3026],[71.531,22.3437],[71.5588,22.3407],[71.5711,22.3205],[71.5886,22.3521],[71.6005,22.3393],[71.6224,22.3436],[71.6213,22.381],[71.6442,22.3998],[71.6661,22.3825],[71.7042,22.3966],[71.7306,22.3795],[71.7354,22.3611],[71.7846,22.3618],[71.7895,22.3947],[71.8284,22.3934],[71.8331,22.3562],[71.855,22.3709],[71.8593,22.3981],[71.8919,22.4193],[71.9136,22.3774],[71.9348,22.3813],[71.9243,22.4498],[71.9625,22.4699],[71.9586,22.4899],[71.9281,22.4778],[71.9081,22.4835],[71.921,22.4997],[71.9101,22.5177],[71.9356,22.538],[71.966,22.5334],[71.9681,22.5096],[72.0324,22.5068],[72.0551,22.4428],[72.0857,22.4377],[72.1625,22.4799],[72.1441,22.5146],[72.1873,22.5504],[72.1176,22.5992],[72.0974,22.6056],[72.0664,22.5943],[72.0624,22.6513],[72.0281,22.6796],[72.0576,22.694],[72.0673,22.6767],[72.0911,22.676],[72.1077,22.7209],[72.0842,22.7287],[72.0458,22.7117],[72.0279,22.7298],[72.0123,22.6926],[72.0022,22.7061],[72.01,22.7467],[72.0012,22.7492],[72.0042,22.7894],[71.9837,22.8174],[71.9847,22.8701],[72.0041,22.9238],[71.9907,22.9497],[72.0215,22.9925],[72.0102,22.9995],[72.0171,23.0566],[71.9826,23.0691],[71.9592,23.0487],[71.9631,23.0395],[71.951,23.04],[71.9498,23.0667],[71.9204,23.0752],[71.9021,23.1109],[71.9113,23.1812],[71.9917,23.2161],[72.0003,23.2498],[71.9747,23.2548],[71.9489,23.2425],[71.9293,23.2699],[71.9094,23.2654],[71.9013,23.2259],[71.876,23.2279],[71.8814,23.3159],[71.8968,23.3332],[71.8757,23.3838],[71.9605,23.3937],[71.9707,23.4672],[72.001,23.504]]]}},{"type":"Feature","properties":{"name":"Tapi","state":"Gujarat","level":"district"},"geometry":{"type":"Polygon","coordinates":[[[73.7835,21.412],[73.5905,21.3655],[73.5389,21.3684],[73.5267,21.3497],[73.5084,21.3782],[73.4572,21.384],[73.4382,21.3389],[73.4489,21.3251],[73.4453,21.2686],[73.404,21.2797],[73.3738,21.2702],[73.3669,21.2209],[73.2844,21.1939],[73.2863,21.1556],[73.2739,21.1313],[73.2536,21.1166],[73.2278,21.1343],[73.2552,21.0918],[73.2049,21.0744],[73.2036,21.0536],[73.2183,21.0393],[73.2115,21.0124],[73.2433,20.9921],[73.2131,20.9571],[73.2575,20.9456],[73.2642,20.9215],[73.2913,20.9298],[73.3363,20.8581],[73.3457,20.8625],[73.3724,20.8324],[73.4558,20.8133],[73.5003,20.8188],[73.4943,20.9129],[73.5126,20.9348],[73.5323,20.9366],[73.5576,21.0117],[73.5947,20.9977],[73.5872,20.9692],[73.5975,20.9597],[73.612,20.9942],[73.6431,20.972],[73.661,21.0062],[73.7156,21.0076],[73.789,20.987],[73.7971,20.9582],[73.816,20.9501],[73.8911,20.9326],[73.906,20.975],[73.8448,21.001],[73.7973,21.0455],[73.8136,21.0603],[73.8124,21.0843],[73.7928,21.0679],[73.7648,21.0679],[73.7349,21.0846],[73.7471,21.1137],[73.7333,21.101],[73.7049,21.1187],[73.6877,21.1007],[73.6541,21.1081],[73.6519,21.1208],[73.6228,21.1199],[73.6232,21.1414],[73.5828,21.154],[73.5823,21.1677],[73.6073,21.1759],[73.6138,21.1577],[73.6316,21.1529],[73.6305,21.1324],[73.6756,21.1518],[73.7312,21.138],[73.7425,21.1512],[73.7361,21.1668],[73.7783,21.1647],[73.791,21.1813],[73.8174,21.1715],[73.8308,21.1947],[73.8136,21.2034],[73.8313,21.2418],[73.8271,21.267],[73.8871,21.2618],[73.9438,21.2969],[73.9483,21.4017],[73.9642,21.3913],[74.0115,21.4172],[74.0443,21.4186],[74.0631,21.4811],[74.0741,21.4569],[74.105,21.4471],[74.125,21.4626],[74.1526,21.4522],[74.1818,21.466],[74.219,21.458],[74.2255,21.4786],[74.2462,21.4618],[74.3026,21.4783],[74.3245,21.4946],[74.3324,21.5391],[74.3126,21.542],[74.3068,21.5662],[74.2667,21.5345],[74.2357,21.5492],[74.2017,21.5282],[74.1793,21.5605],[74.1421,21.5494],[74.0202,21.5514],[73.9775,21.539],[73.9863,21.5216],[73.974,21.4873],[73.9872,21.477],[73.9725,21.4609],[73.8859,21.4508],[73.8192,21.4003],[73.7835,21.412]]]}},{"type":"Feature","properties":{"name":"The Dangs","state":"Gujarat","level":"district"},"geometry":{"type":"Polygon","coordinates":[[[73.5003,20.8188],[73.4876,20.7979],[73.4933,20.7584],[73.4608,20.7564],[73.4915,20.6536],[73.5079,20.6664],[73.5846,20.6452],[73.6195,20.6211],[73.6303,20.5794],[73.6595,20.5628],[73.6948,20.5784],[73.7421,20.5673],[73.7803,20.6011],[73.8326,20.6156],[73.8397,20.6669],[73.8197,20.6734],[73.817,20.6936],[73.8371,20.7019],[73.858,20.6941],[73.8801,20.7293],[73.9156,20.7232],[73.9443,20.7419],[73.9331,20.7604],[73.94,20.8397],[73.9259,20.848],[73.9152,20.9108],[73.8911,20.9326],[73.8772,20.9277],[73.8668,20.945],[73.7971,20.9582],[73.789,20.987],[73.7517,21.0043],[73.661,21.0062],[73.6431,20.972],[73.612,20.9942],[73.5975,20.9597],[73.5872,20.9692],[73.5947,20.9977],[73.571,21.0119],[73.5496,21.0088],[73.5323,20.9366],[73.5126,20.9348],[73.4943,20.9129],[73.5003,20.8188]]]}},{"type":"Feature","properties":{"name":"Vadodara","state":"Gujarat","level":"district"},"geometry":{"type":"Polygon","coordinates":[[[73.567,22.3271],[73.5514,22.342],[73.5221,22.3393],[73.4672,22.3579],[73.4738,22.378],[73.4412,22.398],[73.4459,22.4221],[73.4237,22.427],[73.4305,22.4761],[73.4081,22.5041],[73.4217,22.5479],[73.3746,22.5535],[73.3905,22.614],[73.3666,22.6249],[73.3708,22.6446],[73.3979,22.6425],[73.4172,22.6595],[73.4058,22.6848],[73.3928,22.6867],[73.3876,22.7388],[73.4284,22.7587],[73.4232,22.7829],[73.4071,22.7903],[73.4085,22.8094],[73.3876,22.8072],[73.3814,22.7571],[73.3523,22.7897],[73.262,22.7675],[73.2547,22.7158],[73.2691,22.6641],[73.1607,22.5875],[73.1405,22.5275],[73.0936,22.5072],[73.095,22.4548],[73.0688,22.4265],[73.074,22.3911],[73.0508,22.3651],[73.0617,22.3093],[72.9796,22.2482],[72.9522,22.2631],[72.9532,22.2887],[72.9267,22.305],[72.9093,22.2599],[72.8424,22.2735],[72.7881,22.2492],[72.7714,22.2384],[72.7825,22.2353],[72.7838,22.2158],[72.7588,22.1733],[72.8025,22.1545],[72.8466,22.1748],[72.8695,22.2194],[72.8881,22.1734],[72.925,22.1894],[72.9283,22.1673],[72.8865,22.1666],[72.8673,22.1509],[72.8852,22.0964],[72.9236,22.0586],[72.9137,22.0452],[72.982,22.0477],[73.0266,21.9974],[73.0586,22.0111],[73.0769,22.0015],[73.0655,22.0015],[73.0716,21.984],[73.0529,21.9763],[73.0526,21.939],[73.0192,21.9412],[72.9982,21.9291],[73.0012,21.913],[73.0383,21.92],[73.0512,21.9342],[73.0581,21.9217],[73.0924,21.929],[73.094,21.9188],[73.0673,21.9126],[73.0644,21.8812],[73.1295,21.8762],[73.2116,21.8203],[73.2499,21.842],[73.2532,21.8629],[73.2259,21.9105],[73.2447,21.9304],[73.2688,21.9303],[73.285,21.9017],[73.3384,21.8727],[73.3547,21.8827],[73.3555,21.9223],[73.3771,21.9266],[73.4258,21.9098],[73.4472,21.9358],[73.4527,21.9765],[73.5016,21.9653],[73.5122,22.0008],[73.4971,22.0143],[73.502,22.038],[73.5249,22.0428],[73.5419,22.0892],[73.5149,22.0899],[73.4894,22.0694],[73.4805,22.0789],[73.4809,22.1017],[73.5015,22.1097],[73.5199,22.1421],[73.5071,22.1424],[73.4974,22.165],[73.5058,22.1973],[73.4817,22.2179],[73.5447,22.2684],[73.5458,22.3293],[73.567,22.3271]]]}},{"type":"Feature","properties":{"name":"Valsad","state":"Gujarat","level":"district"},"geometry":{"type":"MultiPolygon","coordinates":[[[[72.7782,20.3377],[72.7395,20.2436],[72.7451,20.2133],[72.7278,20.1295],[72.7915,20.1264],[72.7918,20.1498],[72.8252,20.1459],[72.8254,20.1889],[72.8396,20.1905],[72.8403,20.2092],[72.8621,20.2095],[72.8646,20.227],[72.9597,20.212],[72.9601,20.235],[72.9313,20.2479],[72.915,20.2798],[72.9365,20.2945],[72.9747,20.2727],[72.9811,20.2931],[73.0113,20.2919],[73.0106,20.3183],[73.0173,20.2951],[73.035,20.292],[73.0414,20.3239],[73.082,20.3277],[73.0986,20.3615],[73.1132,20.3337],[73.1041,20.3058],[73.1528,20.3179],[73.1686,20.3131],[73.171,20.2906],[73.1376,20.2813],[73.1016,20.233],[73.0678,20.2307],[73.0551,20.2042],[73.0633,20.1644],[73.0774,20.1579],[73.0871,20.1751],[73.0961,20.1609],[73.1191,20.158],[73.1436,20.1769],[73.1334,20.2052],[73.1715,20.2094],[73.2207,20.185],[73.1875,20.1569],[73.192,20.1305],[73.2129,20.1215],[73.227,20.1417],[73.2296,20.1289],[73.2511,20.1254],[73.2854,20.1545],[73.2859,20.1945],[73.303,20.2078],[73.3449,20.199],[73.3596,20.2139],[73.3664,20.1932],[73.3684,20.2059],[73.3875,20.2097],[73.395,20.1955],[73.4223,20.2067],[73.4128,20.2575],[73.4294,20.2826],[73.4159,20.3525],[73.4072,20.382],[73.3839,20.3733],[73.3837,20.3906],[73.4223,20.4148],[73.4417,20.467],[73.4688,20.4953],[73.4651,20.5143],[73.4937,20.5405],[73.4747,20.5436],[73.4738,20.5838],[73.4332,20.5954],[73.4236,20.6208],[73.4087,20.6265],[73.2716,20.5825],[73.2168,20.6042],[73.2019,20.5913],[73.1519,20.6074],[73.0756,20.6005],[73.0677,20.631],[73.0762,20.6521],[73.0366,20.6675],[73.0299,20.6758],[73.0478,20.7029],[73.0146,20.7231],[72.9735,20.7433],[72.9565,20.7199],[72.9321,20.7349],[72.8995,20.7362],[72.8699,20.7215],[72.8516,20.7323],[72.8971,20.5785],[72.8834,20.5023],[72.8518,20.4645],[72.8923,20.4698],[72.9035,20.4322],[72.9182,20.4229],[72.8846,20.3656],[72.8241,20.3608],[72.7782,20.3377]]],[[[72.9986,20.2375],[72.978,20.2321],[72.9829,20.2157],[73.0031,20.2193],[72.9986,20.2375]]]]}},{"type":"Feature","properties":{"name":"Bagalkot","state":"Karnataka","level":"district"},"geometry":{"type":"Polygon","coordinates":[[[76.2417,16.1662],[76.1423,16.1813],[76.0675,16.2088],[76.0677,16.2597],[76.0291,16.2993],[75.96,16.2984],[75.7832,16.3807],[75.7253,16.3912],[75.6443,16.441],[75.615,16.4464],[75.6218,16.4764],[75.6052,16.489],[75.5711,16.4884],[75.552,16.4655],[75.5323,16.4673],[75.4793,16.5029],[75.4931,16.5246],[75.475,16.5659],[75.4935,16.5935],[75.4624,16.6223],[75.4401,16.6977],[75.4918,16.6989],[75.4949,16.7405],[75.4285,16.7676],[75.3685,16.759],[75.3645,16.7148],[75.2914,16.7138],[75.2666,16.6883],[75.2569,16.6055],[75.2297,16.6176],[75.1707,16.602],[75.1588,16.586],[75.1629,16.5354],[75.1246,16.5094],[75.1092,16.5099],[75.0712,16.5686],[75.0665,16.541],[75.009,16.5388],[74.9939,16.5087],[74.9966,16.459],[75.0176,16.4574],[75.0255,16.4334],[75.0784,16.4366],[75.0737,16.4039],[75.035,16.3873],[75.0447,16.3179],[75.072,16.3313],[75.1275,16.3298],[75.1371,16.3233],[75.1275,16.2887],[75.2328,16.2603],[75.2329,16.2111],[75.2877,16.2016],[75.2921,16.1705],[75.2769,16.119],[75.3252,16.1142],[75.354,16.1277],[75.3582,16.1147],[75.3946,16.1133],[75.412,16.1308],[75.4314,16.0817],[75.4177,16.0338],[75.4406,16.0013],[75.4318,15.938],[75.4478,15.9293],[75.4398,15.8948],[75.4959,15.8749],[75.5053,15.8565],[75.5221,15.8584],[75.5227,15.8428],[75.5567,15.8256],[75.588,15.8344],[75.6215,15.8231],[75.6214,15.8362],[75.6461,15.8419],[75.6579,15.8281],[75.6643,15.8375],[75.6774,15.8244],[75.7121,15.8295],[75.7464,15.8144],[75.7806,15.8183],[75.7791,15.8513],[75.8465,15.8386],[75.849,15.8695],[75.8263,15.8653],[75.8293,15.9001],[75.7729,15.9017],[75.7779,15.9183],[75.8538,15.9365],[75.9042,15.9235],[75.9303,15.8753],[75.9727,15.8615],[75.9765,15.9826],[75.9952,16.0046],[76.0232,16.0086],[76.083,16.0093],[76.0609,15.9056],[76.1188,15.8858],[76.147,15.8935],[76.1746,15.9295],[76.2038,15.9417],[76.2292,15.9401],[76.2323,15.9216],[76.2585,15.9217],[76.2622,15.9054],[76.2864,15.9022],[76.2865,15.9265],[76.3289,15.9317],[76.298,15.9928],[76.3141,16.0015],[76.3086,16.0656],[76.2599,16.0829],[76.295,16.0882],[76.3304,16.0772],[76.3354,16.0912],[76.2717,16.1087],[76.2561,16.0988],[76.2367,16.1343],[76.2417,16.1662]]]}},{"type":"Feature","properties":{"name":"Bangalore","state":"Karnataka","level":"district"},"geometry":{"type":"Polygon","coordinates":[[[77.3276,12.9958],[77.3432,12.9292],[77.3462,12.8879],[77.3357,12.8849],[77.379,12.8545],[77.4315,12.878],[77.4224,12.8695],[77.4392,12.8405],[77.4242,12.8269],[77.4458,12.8084],[77.4543,12.8191],[77.4827,12.8088],[77.4756,12.7671],[77.491,12.7439],[77.5216,12.7448],[77.5223,12.7331],[77.546,12.7541],[77.5532,12.7744],[77.5427,12.7996],[77.5598,12.8008],[77.5694,12.7598],[77.5743,12.7806],[77.5952,12.7832],[77.5989,12.7571],[77.5784,12.7527],[77.5601,12.7226],[77.5711,12.6998],[77.598,12.7185],[77.6189,12.7067],[77.5957,12.6654],[77.5995,12.6582],[77.6006,12.6675],[77.6647,12.6842],[77.6807,12.6813],[77.6783,12.6607],[77.6889,12.6591],[77.706,12.6614],[77.716,12.682],[77.742,12.6742],[77.7378,12.693],[77.7608,12.6975],[77.7721,12.7179],[77.7636,12.7353],[77.7931,12.7484],[77.7821,12.77],[77.8084,12.7932],[77.8019,12.8065],[77.8112,12.8158],[77.7953,12.844],[77.8203,12.8531],[77.7709,12.9042],[77.7178,12.9333],[77.7376,12.9489],[77.7439,12.9791],[77.7246,13.0093],[77.7298,13.0472],[77.7085,13.0743],[77.7123,13.0966],[77.7236,13.0929],[77.7245,13.1113],[77.7421,13.1229],[77.7299,13.1888],[77.6911,13.1981],[77.6591,13.1872],[77.6544,13.2017],[77.621,13.2058],[77.5995,13.19],[77.558,13.2153],[77.56,13.2326],[77.5225,13.2103],[77.5131,13.225],[77.4805,13.2221],[77.469,13.1635],[77.4338,13.1649],[77.4064,13.1262],[77.431,13.0689],[77.3856,13.0657],[77.388,13.0523],[77.3993,13.055],[77.3946,13.0294],[77.3794,13.0302],[77.3764,13.0095],[77.3276,12.9958]]]}},{"type":"Feature","properties":{"name":"Bangalore Rural","state":"Karnataka","level":"district"},"geometry":{"type":"Polygon","coordinates":[[[77.3876,13.5011],[77.3512,13.4537],[77.3659,13.4266],[77.3501,13.4184],[77.3404,13.3307],[77.2833,13.3108],[77.2843,13.2985],[77.2722,13.3112],[77.2472,13.3033],[77.2317,13.3118],[77.2202,13.264],[77.1898,13.2727],[77.1834,13.2282],[77.2085,13.1944],[77.2188,13.145],[77.2759,13.1529],[77.2696,13.1194],[77.2857,13.1348],[77.2941,13.1102],[77.3152,13.1064],[77.3124,13.0462],[77.3305,13.0497],[77.3236,13.0083],[77.3276,12.9958],[77.3429,12.9957],[77.3764,13.0095],[77.3794,13.0302],[77.3946,13.0294],[77.3993,13.055],[77.388,13.0523],[77.3856,13.0657],[77.431,13.0689],[77.4064,13.1262],[77.4338,13.1649],[77.469,13.1635],[77.4805,13.2221],[77.5131,13.225],[77.5225,13.2103],[77.56,13.2326],[77.558,13.2153],[77.5995,13.19],[77.621,13.2058],[77.6544,13.2017],[77.6591,13.1872],[77.6911,13.1981],[77.7299,13.1888],[77.7421,13.1229],[77.7245,13.1113],[77.7236,13.0929],[77.7123,13.0966],[77.7085,13.0743],[77.7298,13.0472],[77.7246,13.0093],[77.7439,12.9791],[77.7376,12.9489],[77.7178,12.9333],[77.7709,12.9042],[77.8241,12.8542],[77.8361,12.8692],[77.8346,12.943],[77.87,13.0631],[77.9038,13.0896],[77.8965,13.125],[77.9069,13.1385],[77.9365,13.1489],[77.9277,13.2072],[77.9406,13.275],[77.9172,13.2883],[77.8966,13.2612],[77.8676,13.2643],[77.8488,13.2446],[77.8351,13.2484],[77.8118,13.2624],[77.8197,13.2954],[77.8317,13.2918],[77.8141,13.31],[77.829,13.3269],[77.7931,13.3521],[77.7551,13.3624],[77.718,13.3515],[77.7165,13.366],[77.7038,13.3597],[77.7004,13.3362],[77.687,13.3524],[77.6606,13.3563],[77.6599,13.3979],[77.6415,13.3936],[77.6352,13.3758],[77.6163,13.3863],[77.6192,13.4023],[77.6033,13.3976],[77.6019,13.4152],[77.6158,13.4215],[77.6046,13.4419],[77.5927,13.4219],[77.5562,13.4183],[77.5508,13.4356],[77.5237,13.4343],[77.4877,13.4675],[77.4381,13.465],[77.416,13.4958],[77.3876,13.5011]]]}},{"type":"Feature","properties":{"name":"Belgaum","state":"Karnataka","level":"district"},"geometry":{"type":"Polygon","coordinates":[[[74.2783,15.5227],[74.3413,15.5198],[74.3765,15.4829],[74.4125,15.4765],[74.4275,15.398],[74.4686,15.4147],[74.4808,15.3968],[74.5355,15.4201],[74.577,15.3933],[74.6039,15.4004],[74.6207,15.3864],[74.6168,15.3703],[74.6302,15.368],[74.6526,15.3958],[74.7483,15.4136],[74.7647,15.443],[74.7623,15.4705],[74.7779,15.4605],[74.7881,15.4855],[74.8144,15.5041],[74.7989,15.5468],[74.8415,15.5752],[74.8316,15.6103],[74.8795,15.6177],[74.8913,15.6307],[74.9647,15.6263],[74.9684,15.6524],[75.0212,15.6458],[75.0508,15.6829],[75.0652,15.6709],[75.0578,15.6323],[75.0935,15.6096],[75.108,15.6726],[75.204,15.6508],[75.2035,15.6826],[75.2194,15.6828],[75.2376,15.6803],[75.2516,15.6473],[75.2741,15.6514],[75.2763,15.7402],[75.3035,15.7292],[75.3194,15.7454],[75.3184,15.7659],[75.3058,15.7677],[75.3048,15.8117],[75.3228,15.81],[75.3418,15.8272],[75.3432,15.8047],[75.3662,15.8056],[75.3784,15.8439],[75.4286,15.8433],[75.417,15.7845],[75.4389,15.7806],[75.4499,15.7948],[75.467,15.8421],[75.4563,15.8874],[75.4398,15.8948],[75.4478,15.9293],[75.4318,15.938],[75.4406,16.0013],[75.4177,16.0338],[75.4314,16.0817],[75.412,16.1308],[75.3946,16.1133],[75.3582,16.1147],[75.354,16.1277],[75.3252,16.1142],[75.2769,16.119],[75.2921,16.1705],[75.2877,16.2016],[75.2329,16.2111],[75.2366,16.2499],[75.2174,16.2691],[75.1275,16.2887],[75.1349,16.3273],[75.072,16.3313],[75.0447,16.3179],[75.035,16.3873],[75.0737,16.4039],[75.0784,16.4366],[75.0255,16.4334],[75.0176,16.4574],[74.994,16.4661],[74.9939,16.5087],[75.009,16.5388],[75.0665,16.541],[75.0712,16.5686],[75.1092,16.5099],[75.1246,16.5094],[75.1629,16.5354],[75.1588,16.586],[75.1707,16.602],[75.2297,16.6176],[75.2569,16.6055],[75.2666,16.6883],[75.2914,16.7138],[75.3645,16.7148],[75.3685,16.759],[75.3887,16.7628],[75.3788,16.8091],[75.3953,16.8614],[75.3354,16.869],[75.3438,16.955],[75.2829,16.956],[75.2839,16.8813],[75.2139,16.8428],[75.1811,16.8445],[75.1876,16.876],[75.1696,16.8673],[75.1389,16.876],[75.1361,16.8953],[75.0955,16.9163],[75.0879,16.951],[75.0292,16.928],[75.0276,16.9439],[75.0009,16.9481],[74.9829,16.9313],[74.9353,16.9433],[74.9239,16.9279],[74.9643,16.9077],[74.9611,16.8802],[74.9366,16.8789],[74.9088,16.8583],[74.9207,16.7724],[74.8516,16.7732],[74.7968,16.7481],[74.7753,16.751],[74.7328,16.7183],[74.6942,16.7176],[74.6833,16.6815],[74.6921,16.6774],[74.6677,16.666],[74.6564,16.64],[74.6903,16.6177],[74.6864,16.607],[74.6386,16.6093],[74.6324,16.5783],[74.6197,16.5844],[74.6127,16.5705],[74.5699,16.5543],[74.5551,16.5623],[74.561,16.5929],[74.5453,16.5947],[74.5469,16.6357],[74.4932,16.6291],[74.4725,16.6632],[74.4579,16.6469],[74.4675,16.6075],[74.3983,16.5811],[74.3847,16.5304],[74.357,16.5413],[74.3602,16.5596],[74.3407,16.5489],[74.3239,16.5559],[74.3183,16.5088],[74.3085,16.5046],[74.3013,16.5317],[74.2839,16.5251],[74.2786,16.5456],[74.2658,16.5411],[74.28,16.5059],[74.2473,16.4974],[74.263,16.4785],[74.2832,16.5063],[74.2942,16.5051],[74.2906,16.4616],[74.3334,16.4547],[74.3372,16.4031],[74.3638,16.3969],[74.3563,16.3674],[74.3376,16.3933],[74.3199,16.3819],[74.3289,16.3432],[74.3179,16.3425],[74.3175,16.3278],[74.3318,16.326],[74.3266,16.3134],[74.3433,16.2941],[74.3263,16.2889],[74.3284,16.2708],[74.3545,16.2823],[74.3479,16.2945],[74.3852,16.2929],[74.3861,16.2783],[74.4162,16.2833],[74.4175,16.2602],[74.4684,16.2413],[74.4793,16.2495],[74.5087,16.204],[74.4811,16.1498],[74.4924,16.1152],[74.4844,16.0902],[74.4296,16.1135],[74.3921,16.0813],[74.3758,16.0811],[74.3629,16.0558],[74.3766,16.0564],[74.3734,16.0395],[74.3849,16.038],[74.4356,16.0599],[74.4655,16.0434],[74.4303,15.9541],[74.3868,15.9041],[74.4066,15.8556],[74.3836,15.8495],[74.369,15.8946],[74.3393,15.8551],[74.3834,15.8435],[74.3612,15.8185],[74.3707,15.8042],[74.3597,15.7767],[74.3457,15.7664],[74.3244,15.7735],[74.2867,15.7424],[74.2684,15.7562],[74.2444,15.7443],[74.2295,15.757],[74.2332,15.7876],[74.2215,15.7887],[74.1985,15.7564],[74.1616,15.7523],[74.1244,15.721],[74.1354,15.7034],[74.1274,15.6815],[74.0901,15.6739],[74.1369,15.6505],[74.1674,15.6552],[74.1842,15.6841],[74.2074,15.6522],[74.2394,15.6687],[74.2497,15.6573],[74.2469,15.627],[74.263,15.6128],[74.2487,15.569],[74.2735,15.5519],[74.2783,15.5227]]]}},{"type":"Feature","properties":{"name":"Bellary","state":"Karnataka","level":"district"},"geometry":{"type":"Polygon","coordinates":[[[77.0288,15.8347],[76.9394,15.7522],[76.9126,15.6913],[76.84,15.6306],[76.8364,15.5622],[76.8147,15.5475],[76.8134,15.516],[76.7979,15.5004],[76.7115,15.489],[76.6701,15.4512],[76.6124,15.4423],[76.5925,15.4133],[76.4917,15.3433],[76.3637,15.3264],[76.3416,15.2762],[76.3602,15.2386],[76.3842,15.2215],[76.3332,15.2181],[76.3182,15.2327],[76.3253,15.1996],[76.2793,15.1928],[76.2861,15.161],[76.2479,15.1601],[76.2214,15.2014],[76.2277,15.2168],[76.1715,15.2237],[76.1597,15.1984],[76.1189,15.2021],[76.1009,15.1662],[76.0463,15.1468],[75.9792,15.154],[75.9574,15.1385],[75.9062,15.1324],[75.8847,15.1023],[75.9063,15.0825],[75.8836,15.0735],[75.8937,15.0545],[75.8755,15.0362],[75.8452,15.0435],[75.8127,15.0247],[75.8177,15.018],[75.7864,15.0007],[75.7817,14.9779],[75.7443,14.9454],[75.6856,14.9399],[75.698,14.8929],[75.7299,14.8981],[75.7399,14.8883],[75.7348,14.8647],[75.7158,14.8529],[75.6951,14.8589],[75.6667,14.8091],[75.7249,14.769],[75.7071,14.7226],[75.7579,14.7393],[75.7737,14.7937],[75.8015,14.7702],[75.8293,14.7833],[75.8379,14.8069],[75.8081,14.8435],[75.8046,14.875],[75.8213,14.901],[75.8342,14.8838],[75.8582,14.8829],[75.8563,14.8647],[75.8716,14.8553],[75.8754,14.8696],[75.9428,14.901],[76.0136,14.8998],[76.0497,14.9296],[76.0825,14.911],[76.0683,14.8842],[76.0754,14.8692],[76.1285,14.8706],[76.1575,14.8613],[76.1587,14.8489],[76.1915,14.8478],[76.1972,14.8208],[76.1601,14.831],[76.1468,14.8041],[76.1549,14.7865],[76.1955,14.767],[76.2052,14.7409],[76.1877,14.7016],[76.2322,14.6498],[76.2545,14.6986],[76.2788,14.6878],[76.3245,14.6933],[76.3455,14.6674],[76.3822,14.6621],[76.3765,14.6505],[76.3923,14.6501],[76.3953,14.6288],[76.4333,14.6199],[76.4258,14.5823],[76.5385,14.5668],[76.6042,14.6252],[76.6138,14.6503],[76.6002,14.667],[76.6499,14.7193],[76.6512,14.7577],[76.6724,14.7939],[76.7031,14.8168],[76.7411,14.8154],[76.7154,14.8406],[76.699,14.8899],[76.6833,14.8892],[76.6789,14.9121],[76.6663,14.9168],[76.6623,14.9427],[76.7067,14.9312],[76.7194,14.9648],[76.6897,14.981],[76.6738,15.0199],[76.6901,15.0279],[76.6869,15.0195],[76.7035,15.0176],[76.7041,15.032],[76.7347,15.034],[76.737,14.9879],[76.7615,14.989],[76.7891,15.0227],[76.7787,15.0773],[76.8015,15.0967],[76.8653,15.0628],[76.8815,15.0348],[76.9478,15.0332],[76.9869,15.0167],[77.0059,15.0359],[77.0508,15.0353],[77.0463,15.0119],[77.0842,15.0065],[77.0875,15.0287],[77.1151,15.035],[77.1331,15.1],[77.1595,15.1269],[77.1375,15.149],[77.1687,15.1677],[77.1636,15.2002],[77.1467,15.2244],[77.1262,15.2275],[77.1288,15.2395],[77.1456,15.2578],[77.1707,15.2571],[77.1505,15.2723],[77.1532,15.2919],[77.1206,15.296],[77.1149,15.3334],[77.0666,15.3279],[77.0679,15.3439],[77.043,15.3647],[77.0487,15.3897],[77.0334,15.4072],[77.0322,15.441],[76.975,15.4966],[76.9765,15.512],[77.0314,15.5057],[77.0339,15.6394],[77.0862,15.6585],[77.121,15.6309],[77.1299,15.6647],[77.0807,15.6964],[77.0891,15.7145],[77.0809,15.727],[77.0518,15.7305],[77.0685,15.8285],[77.0288,15.8347]]]}},{"type":"Feature","properties":{"name":"Bidar","state":"Karnataka","level":"district"},"geometry":{"type":"Polygon","coordinates":[[[77.3169,18.4415],[77.2437,18.4108],[77.2363,18.3883],[77.2485,18.3727],[77.2343,18.3678],[77.2134,18.316],[77.1988,18.3149],[77.2096,18.2802],[77.1739,18.2831],[77.1511,18.2399],[77.1533,18.2188],[77.0987,18.1974],[77.1196,18.1699],[77.1121,18.155],[77.0608,18.1547],[77.0359,18.186],[77.0247,18.1805],[77.027,18.1649],[77.0007,18.1691],[76.9835,18.1916],[76.957,18.1871],[76.9466,18.1569],[76.9362,18.1601],[76.9254,18.1183],[76.9712,18.0994],[76.9499,18.0761],[76.9576,18.042],[76.9206,18.0356],[76.9193,17.9176],[76.9031,17.9172],[76.884,17.8955],[76.8566,17.9003],[76.8109,17.8855],[76.8054,17.8708],[76.7771,17.8794],[76.7685,17.9008],[76.7431,17.9004],[76.7399,17.8595],[76.7682,17.8532],[76.7908,17.8289],[76.7653,17.7896],[76.7181,17.7844],[76.7301,17.7396],[76.7005,17.7286],[76.6929,17.6825],[76.7116,17.6616],[76.6995,17.6465],[76.7182,17.6404],[76.7462,17.6687],[76.7706,17.6668],[76.7842,17.6366],[76.7967,17.6518],[76.9023,17.6469],[76.9296,17.6356],[76.9208,17.6179],[76.9406,17.6086],[76.9869,17.6569],[76.9792,17.6792],[76.9959,17.6962],[77.039,17.6688],[77.0894,17.6606],[77.1172,17.6855],[77.1356,17.6809],[77.1522,17.6323],[77.1915,17.6164],[77.2018,17.6315],[77.2779,17.6276],[77.3094,17.5965],[77.3418,17.5907],[77.3617,17.6021],[77.3791,17.5972],[77.3795,17.5842],[77.4442,17.5849],[77.4575,17.6342],[77.4546,17.6946],[77.5437,17.7288],[77.5665,17.7505],[77.5704,17.7675],[77.5088,17.7858],[77.5152,17.8047],[77.5303,17.83],[77.5541,17.8213],[77.5771,17.876],[77.6011,17.8737],[77.5896,17.9114],[77.6211,17.9061],[77.6282,17.9609],[77.6485,17.9495],[77.6579,17.9725],[77.6499,17.9969],[77.6333,17.9956],[77.6111,18.021],[77.5966,18.0132],[77.5893,18.0278],[77.5574,18.0376],[77.55,18.0567],[77.5716,18.0792],[77.6018,18.0872],[77.6021,18.1547],[77.5836,18.1649],[77.5685,18.2033],[77.5892,18.2195],[77.5768,18.2432],[77.6073,18.2806],[77.5136,18.3092],[77.5167,18.2845],[77.4963,18.2685],[77.4548,18.2685],[77.4403,18.3089],[77.4117,18.302],[77.3626,18.313],[77.3592,18.3209],[77.4022,18.3498],[77.3956,18.3682],[77.4139,18.3908],[77.3735,18.403],[77.3734,18.4498],[77.3578,18.4509],[77.3457,18.4325],[77.321,18.4559],[77.3169,18.4415]]]}},{"type":"Feature","properties":{"name":"Bijapur","state":"Karnataka","level":"district"},"geometry":{"type":"Polygon","coordinates":[[[76.4614,16.711],[76.4596,16.7221],[76.4213,16.7162],[76.4417,16.7424],[76.4362,16.7637],[76.3727,16.7683],[76.3795,16.8017],[76.4122,16.7984],[76.4147,16.8134],[76.3555,16.8196],[76.3756,16.8594],[76.4303,16.8487],[76.4319,16.8384],[76.471,16.8401],[76.4601,16.8666],[76.4388,16.8681],[76.4352,16.8819],[76.436,16.8986],[76.4661,16.9012],[76.46,16.9251],[76.4469,16.9415],[76.4198,16.9272],[76.4019,16.9354],[76.4014,16.9766],[76.4361,16.981],[76.4306,17.1001],[76.3904,17.0694],[76.3855,17.0997],[76.3641,17.1137],[76.3945,17.1411],[76.3615,17.1388],[76.3694,17.1645],[76.3609,17.1847],[76.249,17.1479],[76.2207,17.1849],[76.188,17.1872],[76.1311,17.2413],[76.0912,17.2568],[76.0981,17.292],[76.0674,17.311],[76.0742,17.3348],[76.0605,17.3564],[75.9315,17.3265],[75.8939,17.356],[75.8874,17.4196],[75.862,17.3882],[75.856,17.4099],[75.8247,17.4251],[75.815,17.3761],[75.8022,17.3724],[75.7821,17.3811],[75.7695,17.4091],[75.7367,17.4241],[75.7148,17.4111],[75.6907,17.4148],[75.677,17.4601],[75.6349,17.4796],[75.6094,17.4217],[75.6151,17.394],[75.5777,17.3851],[75.584,17.352],[75.6124,17.3445],[75.6052,17.3055],[75.624,17.2961],[75.6317,17.2745],[75.6543,17.2756],[75.6594,17.2638],[75.6616,17.2107],[75.6301,17.1885],[75.6274,17.1725],[75.6531,17.1156],[75.6736,17.116],[75.678,17.0654],[75.6451,17.0431],[75.6535,17.0332],[75.6718,17.0383],[75.6684,16.9804],[75.678,16.9666],[75.6445,16.9537],[75.6358,16.9684],[75.61,16.9722],[75.6089,17.0057],[75.5751,17.0103],[75.5696,16.9662],[75.532,16.9692],[75.4915,16.9454],[75.4887,16.9679],[75.4668,16.9878],[75.4298,16.9659],[75.3934,16.9788],[75.3438,16.955],[75.3356,16.9223],[75.3354,16.869],[75.3953,16.8614],[75.3788,16.8091],[75.3887,16.7628],[75.4285,16.7676],[75.4932,16.746],[75.4918,16.6989],[75.4401,16.6977],[75.4624,16.6223],[75.4935,16.5935],[75.475,16.5659],[75.4931,16.5246],[75.4793,16.5029],[75.5323,16.4673],[75.552,16.4655],[75.5711,16.4884],[75.6052,16.489],[75.6218,16.4764],[75.615,16.4464],[75.6443,16.441],[75.7253,16.3912],[75.7832,16.3807],[75.96,16.2984],[76.0291,16.2993],[76.0677,16.2597],[76.0675,16.2088],[76.2823,16.1507],[76.2991,16.183],[76.3301,16.1919],[76.3553,16.227],[76.349,16.2749],[76.303,16.2843],[76.306,16.3164],[76.2949,16.3254],[76.3168,16.3456],[76.3113,16.3956],[76.3348,16.3905],[76.3346,16.4248],[76.4381,16.4358],[76.4367,16.5121],[76.4058,16.6486],[76.4275,16.6962],[76.4614,16.711]]]}},{"type":"Feature","properties":{"name":"Chamarajanagar","state":"Karnataka","level":"district"},"geometry":{"type":"Polygon","coordinates":[[[76.4188,11.6727],[76.4601,11.6634],[76.4686,11.673],[76.4669,11.6152],[76.4855,11.5981],[76.5597,11.6337],[76.5693,11.6186],[76.6173,11.609],[76.7561,11.6194],[76.8266,11.6062],[76.8475,11.5836],[76.8611,11.611],[76.8385,11.6532],[76.8636,11.7079],[76.8909,11.7337],[76.9097,11.7924],[76.9546,11.7906],[76.9698,11.7745],[76.983,11.8103],[77.0147,11.8124],[77.0421,11.7934],[77.0327,11.7741],[77.067,11.7866],[77.0606,11.7672],[77.0823,11.7345],[77.1201,11.7224],[77.1135,11.7727],[77.238,11.7936],[77.2527,11.8123],[77.2894,11.7997],[77.2959,11.8083],[77.3374,11.769],[77.3709,11.7889],[77.4308,11.7609],[77.4678,11.8494],[77.4642,11.8988],[77.4884,11.8863],[77.4958,11.9427],[77.5356,11.9323],[77.6765,11.9504],[77.698,12.017],[77.7807,12.116],[77.7519,12.14],[77.731,12.1821],[77.6076,12.2065],[77.5223,12.1941],[77.4801,12.2066],[77.4844,12.235],[77.4495,12.2515],[77.4309,12.2878],[77.348,12.2799],[77.3235,12.3082],[77.3038,12.2993],[77.2727,12.3138],[77.1665,12.3102],[77.1705,12.2606],[77.1138,12.2435],[77.1356,12.2286],[77.1326,12.206],[77.047,12.1701],[77.0431,12.1301],[77.0366,12.1416],[77.0153,12.1407],[77.0149,12.1651],[76.9946,12.1767],[76.9735,12.1166],[76.9418,12.1001],[76.8787,12.1347],[76.8582,12.1859],[76.8337,12.1319],[76.8478,12.1157],[76.8756,12.1168],[76.8843,12.0852],[76.8581,12.0614],[76.8932,12.0596],[76.9197,12.0279],[76.9402,12.0278],[76.9057,11.9969],[76.8898,11.998],[76.8856,12.0156],[76.8615,11.9977],[76.8414,11.9991],[76.8144,12.0304],[76.7936,12.0103],[76.8006,11.9888],[76.7901,11.9842],[76.7456,12.012],[76.7173,11.9831],[76.6586,12.0101],[76.6446,11.9835],[76.5791,11.9857],[76.5609,11.9466],[76.5773,11.9223],[76.5585,11.891],[76.5561,11.8571],[76.5348,11.8719],[76.4917,11.8596],[76.4929,11.822],[76.4708,11.818],[76.4627,11.7915],[76.4116,11.811],[76.4292,11.7968],[76.4159,11.7885],[76.4241,11.7756],[76.414,11.7415],[76.4275,11.7297],[76.4049,11.7092],[76.4188,11.6727]]]}},{"type":"Feature","properties":{"name":"Chikkaballapura","state":"Karnataka","level":"district"},"geometry":{"type":"Polygon","coordinates":[[[78.1278,13.7867],[78.1155,13.8632],[78.0843,13.8645],[78.0803,13.8815],[78.0504,13.8962],[78.0471,13.8624],[77.9943,13.8711],[77.975,13.8296],[77.9538,13.8293],[77.9515,13.8895],[77.9871,13.9027],[77.9876,13.9569],[77.9703,13.9592],[77.9206,13.9065],[77.8986,13.9205],[77.8959,13.9403],[77.827,13.9439],[77.8151,13.9177],[77.8366,13.8697],[77.7848,13.845],[77.7873,13.822],[77.7215,13.7995],[77.7175,13.7418],[77.7042,13.7704],[77.6723,13.7612],[77.6788,13.7864],[77.6576,13.7847],[77.6189,13.7643],[77.6423,13.7502],[77.6371,13.7388],[77.6041,13.7524],[77.5645,13.7252],[77.5478,13.7524],[77.5279,13.7525],[77.5299,13.6966],[77.4956,13.7154],[77.4912,13.6884],[77.3845,13.6615],[77.3633,13.6139],[77.3938,13.5332],[77.3876,13.5011],[77.416,13.4958],[77.4381,13.465],[77.4877,13.4675],[77.5237,13.4343],[77.5508,13.4356],[77.5562,13.4183],[77.5927,13.4219],[77.6046,13.4419],[77.6158,13.4215],[77.6019,13.4152],[77.6033,13.3976],[77.6192,13.4023],[77.6163,13.3863],[77.6352,13.3758],[77.6415,13.3936],[77.6599,13.3979],[77.6606,13.3563],[77.687,13.3524],[77.7004,13.3362],[77.7038,13.3597],[77.7165,13.366],[77.718,13.3515],[77.7551,13.3624],[77.7931,13.3521],[77.829,13.3269],[77.8141,13.31],[77.8317,13.2918],[77.8197,13.2954],[77.8118,13.2624],[77.8351,13.2484],[77.8488,13.2446],[77.8676,13.2643],[77.8966,13.2612],[77.9223,13.2893],[77.94,13.2678],[77.9569,13.2695],[77.9629,13.2843],[77.9863,13.286],[77.9908,13.3044],[78.0135,13.3009],[78.0166,13.2823],[78.0492,13.2797],[78.0626,13.3013],[78.094,13.3099],[78.1366,13.2874],[78.136,13.3056],[78.1124,13.3244],[78.1377,13.3323],[78.1337,13.3521],[78.1517,13.3507],[78.1498,13.3668],[78.1444,13.3773],[78.1223,13.3763],[78.1382,13.4055],[78.1827,13.4191],[78.2109,13.4705],[78.2005,13.5127],[78.1889,13.5135],[78.2054,13.5242],[78.1894,13.5891],[78.204,13.6263],[78.1705,13.6335],[78.1656,13.6587],[78.0905,13.6452],[78.0897,13.6602],[78.068,13.6768],[78.0737,13.698],[78.1151,13.6943],[78.1191,13.7201],[78.0945,13.7432],[78.1278,13.7867]]]}},{"type":"Feature","properties":{"name":"Chikmagalur","state":"Karnataka","level":"district"},"geometry":{"type":"Polygon","coordinates":[[[75.604,12.9562],[75.6469,13.033],[75.6607,13.0265],[75.6937,13.0456],[75.6986,13.0359],[75.7208,13.0411],[75.7283,13.0248],[75.7408,13.032],[75.7438,13.0704],[75.7287,13.0981],[75.7542,13.1402],[75.7372,13.1536],[75.7312,13.1823],[75.7443,13.2071],[75.8073,13.2161],[75.8102,13.2544],[75.8199,13.257],[75.8583,13.2584],[75.8646,13.2413],[75.897,13.2651],[76.0154,13.2605],[76.0398,13.2476],[76.0451,13.3219],[76.0284,13.3236],[76.0444,13.3755],[76.09,13.3727],[76.0916,13.3937],[76.1416,13.4083],[76.1395,13.4425],[76.1631,13.4709],[76.1955,13.4694],[76.1901,13.4528],[76.2018,13.4509],[76.2007,13.4685],[76.2318,13.4683],[76.238,13.5082],[76.2918,13.5051],[76.2945,13.5268],[76.3178,13.5375],[76.3407,13.5138],[76.3635,13.531],[76.3549,13.5788],[76.3424,13.5766],[76.3353,13.5953],[76.3047,13.589],[76.2749,13.6061],[76.2876,13.6471],[76.2235,13.6798],[76.2214,13.7125],[76.1748,13.715],[76.1523,13.7307],[76.1316,13.8135],[76.117,13.8126],[76.0993,13.8647],[76.0581,13.8818],[76.0513,13.9006],[76.0349,13.8969],[76.022,13.8639],[76.0101,13.8681],[75.9906,13.8484],[75.9724,13.856],[75.9512,13.8339],[75.9514,13.816],[75.8968,13.8069],[75.8258,13.8185],[75.8079,13.7953],[75.7666,13.7959],[75.7635,13.7815],[75.7341,13.7703],[75.6896,13.7676],[75.6872,13.7505],[75.6714,13.7645],[75.6578,13.7489],[75.6673,13.7392],[75.6515,13.7421],[75.6333,13.7709],[75.5785,13.7251],[75.5637,13.7275],[75.5326,13.763],[75.5013,13.729],[75.4209,13.695],[75.4548,13.6651],[75.4446,13.6274],[75.419,13.609],[75.414,13.5754],[75.3748,13.5934],[75.3311,13.561],[75.2969,13.5858],[75.2819,13.57],[75.2727,13.52],[75.2317,13.4892],[75.1957,13.5136],[75.1712,13.5075],[75.1384,13.4757],[75.1556,13.4501],[75.1479,13.3988],[75.1291,13.3887],[75.128,13.3703],[75.1136,13.3592],[75.0922,13.3633],[75.081,13.3456],[75.116,13.2856],[75.1394,13.291],[75.1524,13.27],[75.1696,13.2009],[75.2548,13.1298],[75.3151,13.1351],[75.3302,13.1714],[75.353,13.1844],[75.4435,13.1662],[75.4557,13.1143],[75.4862,13.1094],[75.515,13.0758],[75.5211,13.0929],[75.5516,13.096],[75.5773,13.0813],[75.5798,13.0019],[75.604,12.9562]]]}},{"type":"Feature","properties":{"name":"Chitradurga","state":"Karnataka","level":"district"},"geometry":{"type":"Polygon","coordinates":[[[77.0261,14.18],[77.0047,14.1993],[77.0103,14.2388],[76.9438,14.2472],[76.9307,14.2792],[76.9547,14.2938],[76.9526,14.3075],[76.9047,14.3262],[76.8847,14.3533],[76.8887,14.3971],[76.9188,14.4204],[76.9473,14.4065],[76.9495,14.452],[76.9701,14.4586],[76.9792,14.4852],[76.9121,14.4909],[76.8757,14.4752],[76.8328,14.5297],[76.8049,14.5343],[76.7813,14.5968],[76.7659,14.6027],[76.7762,14.6802],[76.803,14.7409],[76.7852,14.7855],[76.8388,14.7912],[76.8422,14.8105],[76.8538,14.8104],[76.845,14.8363],[76.8591,14.8676],[76.8482,14.8877],[76.8652,14.8974],[76.8693,14.9702],[76.8327,14.9572],[76.8202,14.9699],[76.7683,14.9759],[76.7615,14.989],[76.737,14.9879],[76.7347,15.034],[76.7041,15.032],[76.7035,15.0176],[76.6869,15.0195],[76.6901,15.0279],[76.6738,15.0199],[76.6897,14.981],[76.7186,14.9735],[76.7161,14.9438],[76.7003,14.9302],[76.6623,14.9427],[76.6642,14.9242],[76.6833,14.8892],[76.699,14.8899],[76.7154,14.8406],[76.7411,14.8154],[76.7031,14.8168],[76.6724,14.7939],[76.6512,14.7577],[76.6499,14.7193],[76.6002,14.667],[76.6138,14.6503],[76.6042,14.6252],[76.5385,14.5668],[76.509,14.5648],[76.5341,14.5364],[76.4859,14.505],[76.4608,14.5023],[76.4608,14.452],[76.3338,14.4077],[76.2794,14.4067],[76.2623,14.4427],[76.2191,14.4431],[76.2056,14.4577],[76.1763,14.458],[76.1386,14.4267],[76.1576,14.3848],[76.1577,14.3206],[76.1116,14.3164],[76.1327,14.2558],[76.0807,14.2446],[76.0629,14.2207],[76.0623,14.1599],[76.0473,14.1547],[76.0263,14.1144],[76.0336,14.0929],[76.05,14.0984],[76.0548,14.0851],[76.0456,13.9871],[76.0541,13.9768],[76.0732,13.981],[76.0687,13.9425],[76.0473,13.9412],[76.0322,13.8984],[76.0513,13.9006],[76.0581,13.8818],[76.0993,13.8647],[76.117,13.8126],[76.1316,13.8135],[76.1523,13.7307],[76.1748,13.715],[76.2214,13.7125],[76.2235,13.6798],[76.2876,13.6471],[76.277,13.6034],[76.3047,13.589],[76.3353,13.5953],[76.3424,13.5766],[76.3772,13.5923],[76.3844,13.5781],[76.4019,13.5938],[76.4224,13.5797],[76.4358,13.5941],[76.4561,13.5905],[76.4619,13.6178],[76.5189,13.6338],[76.5307,13.6641],[76.58,13.6888],[76.5741,13.7142],[76.6219,13.7345],[76.6316,13.7152],[76.6756,13.719],[76.6875,13.6896],[76.6993,13.7704],[76.7262,13.7972],[76.7646,13.7804],[76.7706,13.8006],[76.768,13.8366],[76.724,13.8958],[76.7689,13.924],[76.8156,13.9171],[76.8243,13.9492],[76.8502,13.9634],[76.8498,13.9792],[76.8259,13.995],[76.8386,14.0159],[76.8765,14.013],[76.8964,14.0523],[76.9279,14.0594],[76.9525,14.0925],[76.9491,14.1191],[76.9331,14.1344],[76.8896,14.1382],[76.8974,14.1661],[76.943,14.1731],[76.9477,14.1965],[76.9646,14.1827],[77.0261,14.18]]]}},{"type":"Feature","properties":{"name":"Dakshina Kannada","state":"Karnataka","level":"district"},"geometry":{"type":"Polygon","coordinates":[[[75.4175,12.5028],[75.437,12.5293],[75.473,12.4989],[75.4661,12.473],[75.4924,12.4612],[75.4972,12.4834],[75.53,12.4987],[75.5671,12.4878],[75.5584,12.5022],[75.5894,12.5363],[75.6188,12.5115],[75.6735,12.5561],[75.6438,12.6307],[75.6496,12.6677],[75.6736,12.7016],[75.6345,12.693],[75.6283,12.7086],[75.652,12.7213],[75.6606,12.7516],[75.638,12.7631],[75.685,12.8453],[75.6172,12.8326],[75.6241,12.8583],[75.6042,12.8773],[75.5638,12.8689],[75.5578,12.9161],[75.604,12.9562],[75.5798,13.0019],[75.5773,13.0813],[75.5516,13.096],[75.5211,13.0929],[75.515,13.0758],[75.4862,13.1094],[75.4557,13.1143],[75.4435,13.1662],[75.3714,13.1839],[75.3445,13.1824],[75.3151,13.1351],[75.2964,13.127],[75.2374,13.1396],[75.2028,13.1825],[75.1677,13.1405],[75.1179,13.1824],[75.0945,13.1759],[75.0926,13.1599],[75.0269,13.1762],[75.0078,13.1582],[74.9684,13.1731],[74.9137,13.1506],[74.8681,13.1754],[74.8472,13.1743],[74.7603,13.1391],[74.8226,12.8514],[74.8706,12.7439],[74.8891,12.7408],[74.9017,12.7648],[74.9297,12.7767],[74.9825,12.7806],[74.9901,12.7962],[75.006,12.7909],[75.0087,12.7673],[74.9855,12.7353],[75.013,12.7283],[75.0079,12.7147],[75.0507,12.7202],[75.0579,12.6922],[75.0457,12.6929],[75.049,12.6674],[75.0843,12.672],[75.0873,12.7033],[75.114,12.6815],[75.1522,12.682],[75.1629,12.6697],[75.1445,12.639],[75.1609,12.6227],[75.2033,12.6309],[75.2054,12.5863],[75.225,12.5684],[75.2384,12.5676],[75.279,12.6175],[75.3304,12.5911],[75.3179,12.575],[75.2938,12.5808],[75.2732,12.5594],[75.2835,12.524],[75.3072,12.5232],[75.3075,12.5027],[75.3375,12.4962],[75.3395,12.4638],[75.3749,12.4748],[75.3729,12.4895],[75.386,12.4987],[75.4175,12.5028]]]}},{"type":"Feature","properties":{"name":"Davanagere","state":"Karnataka","level":"district"},"geometry":{"type":"Polygon","coordinates":[[[76.0319,13.8705],[76.0321,13.917],[76.0473,13.9412],[76.0687,13.9425],[76.0732,13.981],[76.0541,13.9768],[76.0456,13.9871],[76.0548,14.0851],[76.05,14.0984],[76.0336,14.0929],[76.0263,14.1144],[76.0473,14.1547],[76.0623,14.1599],[76.0629,14.2207],[76.0807,14.2446],[76.1327,14.2558],[76.1116,14.3164],[76.1577,14.3206],[76.1576,14.3848],[76.1386,14.4267],[76.186,14.4592],[76.2191,14.4431],[76.2623,14.4427],[76.2794,14.4067],[76.3846,14.4214],[76.4284,14.4488],[76.4608,14.452],[76.4608,14.5023],[76.4859,14.505],[76.5348,14.5404],[76.509,14.5648],[76.4258,14.5823],[76.4333,14.6199],[76.3953,14.6288],[76.3923,14.6501],[76.3765,14.6505],[76.3822,14.6621],[76.3455,14.6674],[76.3245,14.6933],[76.2788,14.6878],[76.2545,14.6986],[76.2322,14.6498],[76.1877,14.7016],[76.2052,14.7409],[76.1955,14.767],[76.1549,14.7865],[76.1468,14.8041],[76.1601,14.831],[76.1972,14.8208],[76.1915,14.8478],[76.1587,14.8489],[76.1575,14.8613],[76.1285,14.8706],[76.0754,14.8692],[76.0683,14.8842],[76.0825,14.911],[76.0497,14.9296],[76.0136,14.8998],[75.9428,14.901],[75.8754,14.8696],[75.8716,14.8553],[75.8485,14.8892],[75.8342,14.8838],[75.8213,14.901],[75.8135,14.8912],[75.8081,14.8435],[75.8369,14.7991],[75.8015,14.7702],[75.7737,14.7937],[75.7593,14.7641],[75.7652,14.7241],[75.7402,14.6871],[75.7722,14.6751],[75.7997,14.6815],[75.8121,14.6545],[75.8062,14.6002],[75.821,14.5675],[75.801,14.5407],[75.7992,14.5113],[75.7554,14.5146],[75.7159,14.4725],[75.6888,14.4906],[75.6609,14.4514],[75.637,14.465],[75.631,14.4437],[75.6415,14.4197],[75.6225,14.3439],[75.6336,14.3147],[75.6105,14.3151],[75.5804,14.2775],[75.5308,14.2779],[75.5273,14.2032],[75.5089,14.2176],[75.454,14.2048],[75.4862,14.1751],[75.4444,14.1627],[75.4011,14.1154],[75.4547,14.0967],[75.4644,14.0744],[75.4681,14.101],[75.4945,14.1035],[75.5871,14.0582],[75.6075,14.0577],[75.6189,14.0768],[75.6368,14.0796],[75.6683,14.0666],[75.7238,14.0756],[75.7583,14.1089],[75.818,14.1018],[75.8226,14.0644],[75.7989,14.0327],[75.8239,14.018],[75.8279,13.9731],[75.8586,13.9149],[75.8557,13.8736],[75.8807,13.8113],[75.9514,13.816],[75.9512,13.8339],[75.9724,13.856],[75.9906,13.8484],[76.0101,13.8681],[76.0319,13.8705]]]}},{"type":"Feature","properties":{"name":"Dharwad","state":"Karnataka","level":"district"},"geometry":{"type":"Polygon","coordinates":[[[75.4204,15.0626],[75.4194,15.0872],[75.4363,15.1069],[75.4155,15.1639],[75.3988,15.1662],[75.4025,15.1995],[75.4354,15.1994],[75.4499,15.2165],[75.4264,15.2257],[75.4054,15.2735],[75.4206,15.2766],[75.4102,15.2789],[75.4159,15.3015],[75.4521,15.3027],[75.4596,15.3496],[75.4468,15.3862],[75.4704,15.3872],[75.4727,15.3976],[75.4939,15.3731],[75.4959,15.4718],[75.4738,15.4941],[75.4774,15.5216],[75.5327,15.5394],[75.536,15.5913],[75.5572,15.6484],[75.5048,15.6492],[75.4902,15.7031],[75.4714,15.7025],[75.4753,15.6889],[75.4145,15.6566],[75.3655,15.6698],[75.3618,15.6469],[75.3377,15.649],[75.3379,15.6752],[75.2965,15.6922],[75.2797,15.6899],[75.2741,15.6514],[75.2516,15.6473],[75.2376,15.6803],[75.2035,15.6826],[75.204,15.6508],[75.108,15.6726],[75.0935,15.6096],[75.0578,15.6323],[75.0652,15.6709],[75.0508,15.6829],[75.0212,15.6458],[74.9684,15.6524],[74.9647,15.6263],[74.8913,15.6307],[74.8795,15.6177],[74.8316,15.6103],[74.8415,15.5752],[74.7989,15.5468],[74.8144,15.5041],[74.7881,15.4855],[74.7779,15.4605],[74.7623,15.4705],[74.7647,15.443],[74.7478,15.4219],[74.8124,15.4069],[74.8215,15.3661],[74.8481,15.3665],[74.8676,15.3222],[74.9063,15.3072],[74.91,15.2517],[74.8742,15.214],[74.878,15.1942],[74.8297,15.1343],[74.8544,15.1219],[74.8596,15.1046],[74.8929,15.0991],[74.8811,15.0733],[74.8941,15.0458],[74.9082,15.0504],[74.9124,15.0387],[74.9408,15.0529],[74.9414,15.0672],[75.0571,15.0818],[75.0822,15.0736],[75.0811,15.1107],[75.1157,15.1169],[75.109,15.1393],[75.1335,15.1424],[75.1398,15.1598],[75.1565,15.1461],[75.1391,15.118],[75.1434,15.1008],[75.2431,15.1082],[75.2593,15.0974],[75.2646,15.1165],[75.3117,15.1409],[75.3107,15.1556],[75.3393,15.1604],[75.3409,15.1114],[75.3531,15.1033],[75.3318,15.0819],[75.3409,15.0696],[75.3697,15.0483],[75.4204,15.0626]]]}},{"type":"Feature","properties":{"name":"Gadag","state":"Karnataka","level":"district"},"geometry":{"type":"Polygon","coordinates":[[[75.7028,14.9489],[75.7443,14.9454],[75.7817,14.9779],[75.7864,15.0007],[75.8177,15.018],[75.8127,15.0247],[75.8452,15.0435],[75.8755,15.0362],[75.8937,15.0545],[75.8836,15.0735],[75.9063,15.0825],[75.888,15.1094],[75.9094,15.1339],[75.9513,15.138],[75.9497,15.1661],[75.9267,15.1822],[75.8908,15.2889],[75.8882,15.3523],[75.9029,15.3543],[75.9042,15.4032],[75.8666,15.4085],[75.8604,15.4454],[75.8239,15.4531],[75.8111,15.4882],[75.824,15.4963],[75.8191,15.509],[75.8608,15.5146],[75.8689,15.5958],[75.9001,15.6078],[75.8874,15.6719],[75.8732,15.6743],[75.8723,15.7163],[75.8888,15.7198],[75.8861,15.7379],[75.9089,15.7464],[75.9214,15.7287],[75.9166,15.702],[75.9414,15.6938],[75.9458,15.6787],[75.9674,15.6791],[75.9737,15.6643],[76.0125,15.6645],[76.014,15.6825],[75.9838,15.6676],[75.9837,15.6918],[76.008,15.7177],[76.0432,15.7204],[76.0427,15.7649],[75.9969,15.7814],[75.9904,15.8031],[75.9643,15.7851],[75.9408,15.7897],[75.8089,15.8512],[75.7791,15.8513],[75.7806,15.8183],[75.7464,15.8144],[75.7121,15.8295],[75.6774,15.8244],[75.6643,15.8375],[75.6579,15.8281],[75.6461,15.8419],[75.6214,15.8362],[75.6215,15.8231],[75.588,15.8344],[75.5567,15.8256],[75.5227,15.8428],[75.5221,15.8584],[75.5053,15.8565],[75.4959,15.8749],[75.4563,15.8874],[75.4673,15.8295],[75.4389,15.7806],[75.417,15.7845],[75.4286,15.8433],[75.3784,15.8439],[75.3662,15.8056],[75.3432,15.8047],[75.3418,15.8272],[75.3228,15.81],[75.3048,15.8117],[75.3149,15.7321],[75.2763,15.7402],[75.2751,15.7246],[75.2797,15.6899],[75.3379,15.6752],[75.3377,15.649],[75.3618,15.6469],[75.3655,15.6698],[75.4145,15.6566],[75.4753,15.6889],[75.4714,15.7025],[75.4902,15.7031],[75.5048,15.6492],[75.5572,15.6484],[75.536,15.5913],[75.5327,15.5394],[75.4774,15.5216],[75.4738,15.4941],[75.4959,15.4718],[75.4939,15.3731],[75.4727,15.3976],[75.4704,15.3872],[75.4468,15.3862],[75.4596,15.3496],[75.4521,15.3027],[75.4159,15.3015],[75.4102,15.2789],[75.4206,15.2766],[75.4054,15.2735],[75.4264,15.2257],[75.4499,15.2165],[75.4354,15.1994],[75.4025,15.1995],[75.3988,15.1662],[75.4155,15.1639],[75.4363,15.1069],[75.4194,15.0872],[75.4204,15.0626],[75.5359,15.0317],[75.5451,14.9792],[75.5698,14.9788],[75.5966,14.9575],[75.6145,14.9599],[75.6122,14.973],[75.6355,14.9955],[75.6924,14.975],[75.7028,14.9489]]]}},{"type":"Feature","properties":{"name":"Gulbarga","state":"Karnataka","level":"district"},"geometry":{"type":"Polygon","coordinates":[[[77.4569,16.8861],[77.4581,16.9132],[77.4724,16.9215],[77.4687,16.9571],[77.4839,16.9724],[77.4879,17.003],[77.5041,17.0117],[77.4965,17.0431],[77.4672,17.1082],[77.3807,17.1419],[77.3643,17.1656],[77.375,17.194],[77.3958,17.1963],[77.4032,17.2127],[77.3846,17.2237],[77.4098,17.2413],[77.4193,17.2338],[77.427,17.2571],[77.4592,17.2797],[77.4572,17.2905],[77.4384,17.2919],[77.4595,17.3417],[77.456,17.3743],[77.4835,17.3733],[77.4789,17.363],[77.5036,17.3579],[77.5326,17.376],[77.5259,17.3902],[77.54,17.4079],[77.5152,17.4163],[77.5146,17.431],[77.538,17.4447],[77.5772,17.4333],[77.5778,17.458],[77.6153,17.4481],[77.6156,17.4737],[77.6452,17.4798],[77.6575,17.5071],[77.6528,17.485],[77.6888,17.4767],[77.6904,17.5095],[77.5963,17.5364],[77.5944,17.5664],[77.5529,17.5531],[77.5319,17.5768],[77.506,17.5445],[77.4944,17.5698],[77.4655,17.5805],[77.3795,17.5842],[77.3791,17.5972],[77.3617,17.6021],[77.3418,17.5907],[77.3094,17.5965],[77.2779,17.6276],[77.2018,17.6315],[77.1915,17.6164],[77.1554,17.6295],[77.1336,17.6629],[77.1356,17.6809],[77.1172,17.6855],[77.0894,17.6606],[77.039,17.6688],[76.9959,17.6962],[76.9792,17.6792],[76.9869,17.6569],[76.9406,17.6086],[76.9208,17.6179],[76.9296,17.6356],[76.9023,17.6469],[76.7967,17.6518],[76.7762,17.639],[76.7706,17.6668],[76.735,17.6669],[76.7136,17.6401],[76.6995,17.6465],[76.7116,17.6616],[76.6655,17.6904],[76.6575,17.7189],[76.6329,17.7315],[76.6166,17.7707],[76.5781,17.7054],[76.5666,17.756],[76.5754,17.7624],[76.5282,17.7617],[76.5256,17.7176],[76.4882,17.7159],[76.4911,17.6631],[76.4304,17.6468],[76.4173,17.6066],[76.3331,17.5973],[76.3415,17.545],[76.3677,17.5247],[76.3478,17.5139],[76.345,17.4969],[76.3765,17.4957],[76.3323,17.4714],[76.3352,17.4349],[76.3748,17.437],[76.3636,17.3778],[76.4098,17.372],[76.4124,17.3504],[76.3834,17.3146],[76.3539,17.3133],[76.3452,17.3526],[76.3145,17.3459],[76.3187,17.3321],[76.2772,17.3332],[76.2715,17.3592],[76.2513,17.3605],[76.2456,17.3773],[76.1734,17.3513],[76.1849,17.3137],[76.1768,17.2998],[76.1649,17.3029],[76.1642,17.3435],[76.1221,17.3688],[76.0968,17.3603],[76.0676,17.3165],[76.0981,17.292],[76.0912,17.2568],[76.1311,17.2413],[76.188,17.1872],[76.2207,17.1849],[76.249,17.1479],[76.3609,17.1847],[76.3694,17.1645],[76.3615,17.1388],[76.3945,17.1411],[76.3641,17.1137],[76.3855,17.0997],[76.3904,17.0694],[76.4306,17.1001],[76.4361,16.981],[76.4014,16.9766],[76.4019,16.9354],[76.4198,16.9272],[76.4469,16.9415],[76.46,16.9251],[76.4661,16.9012],[76.436,16.8986],[76.4352,16.8819],[76.4388,16.8681],[76.4601,16.8666],[76.471,16.8401],[76.4319,16.8384],[76.4303,16.8487],[76.3756,16.8594],[76.3555,16.8196],[76.4147,16.8134],[76.4122,16.7984],[76.3795,16.8017],[76.3727,16.7683],[76.4445,16.7571],[76.4213,16.7162],[76.4596,16.7221],[76.4614,16.711],[76.4814,16.712],[76.5048,16.7234],[76.5188,16.7509],[76.5487,16.7477],[76.6023,16.767],[76.6251,16.7652],[76.6354,16.7228],[76.6601,16.7122],[76.6548,16.7541],[76.6717,16.7894],[76.7164,16.795],[76.7467,16.7782],[76.7467,16.816],[76.7617,16.844],[76.7909,16.8369],[76.8182,16.8734],[76.8439,16.8664],[76.8728,16.8957],[76.9032,16.8924],[76.9032,16.8783],[76.9225,16.8694],[76.9032,16.8537],[76.9128,16.816],[76.9457,16.8308],[76.9924,16.812],[76.9972,16.837],[76.9855,16.8398],[76.9815,16.8608],[77.0433,16.87],[77.0357,16.893],[77.0195,16.8989],[77.0215,16.9272],[77.0432,16.923],[77.066,16.9539],[77.0878,16.9365],[77.0969,16.9057],[77.1623,16.9154],[77.168,16.9389],[77.1858,16.9423],[77.1984,16.9272],[77.2134,16.9451],[77.2648,16.9284],[77.3431,16.9338],[77.3528,16.9089],[77.3782,16.8944],[77.4083,16.9019],[77.4031,16.8832],[77.4129,16.8746],[77.4472,16.8858],[77.4441,16.8941],[77.4569,16.8861]]]}},{"type":"Feature","properties":{"name":"Hassan","state":"Karnataka","level":"district"},"geometry":{"type":"Polygon","coordinates":[[[76.6326,13.0067],[76.6092,13.0097],[76.6137,13.0688],[76.5341,13.0784],[76.5182,13.0696],[76.5005,13.0964],[76.4705,13.0916],[76.4761,13.148],[76.4582,13.1468],[76.4282,13.1854],[76.3731,13.1997],[76.3809,13.2302],[76.3572,13.2514],[76.3472,13.3609],[76.3884,13.3712],[76.4192,13.4484],[76.3992,13.5036],[76.4277,13.5245],[76.4025,13.5251],[76.372,13.5486],[76.3461,13.5147],[76.3205,13.5377],[76.2945,13.5268],[76.2918,13.5051],[76.238,13.5082],[76.2318,13.4683],[76.2007,13.4685],[76.2018,13.4509],[76.1901,13.4528],[76.1955,13.4694],[76.1631,13.4709],[76.1395,13.4425],[76.1416,13.4083],[76.0916,13.3937],[76.09,13.3727],[76.0444,13.3755],[76.0284,13.3236],[76.0451,13.3219],[76.0398,13.2476],[76.0154,13.2605],[75.897,13.2651],[75.8646,13.2413],[75.8583,13.2584],[75.8199,13.257],[75.8102,13.2544],[75.8073,13.2161],[75.7443,13.2071],[75.7312,13.1823],[75.7372,13.1536],[75.7542,13.1402],[75.7287,13.0981],[75.7438,13.0704],[75.7408,13.032],[75.7283,13.0248],[75.7208,13.0411],[75.6986,13.0359],[75.6937,13.0456],[75.6607,13.0265],[75.6469,13.033],[75.6098,12.9816],[75.5991,12.9451],[75.5782,12.9401],[75.5568,12.9106],[75.5638,12.8689],[75.6042,12.8773],[75.6241,12.8583],[75.6172,12.8326],[75.685,12.8453],[75.6447,12.7848],[75.638,12.7631],[75.6606,12.7516],[75.652,12.7213],[75.6283,12.7086],[75.6345,12.693],[75.708,12.7094],[75.7632,12.6761],[75.8128,12.7011],[75.8402,12.6697],[75.8803,12.6724],[75.8883,12.7061],[75.8578,12.7239],[75.8504,12.7496],[75.8755,12.771],[75.8661,12.8213],[75.8802,12.8342],[75.9108,12.8157],[75.9248,12.8283],[75.9314,12.8091],[75.9754,12.8055],[75.9741,12.7831],[75.94,12.7622],[75.9453,12.7175],[75.9687,12.7114],[75.9614,12.6822],[75.945,12.6776],[75.9392,12.6291],[75.9521,12.6202],[75.9437,12.6032],[75.9675,12.5597],[75.9798,12.5606],[75.9737,12.5748],[75.9927,12.571],[75.994,12.5839],[76.0216,12.5676],[76.0483,12.5758],[76.0532,12.5541],[76.0926,12.5448],[76.1172,12.5132],[76.1202,12.5277],[76.1543,12.5457],[76.1607,12.5768],[76.1975,12.5767],[76.223,12.6434],[76.2703,12.6199],[76.2796,12.6318],[76.2951,12.6189],[76.3016,12.6324],[76.3117,12.6111],[76.3321,12.6136],[76.3247,12.6342],[76.3416,12.647],[76.3662,12.708],[76.3454,12.7332],[76.3593,12.7514],[76.3472,12.7647],[76.3526,12.7869],[76.3384,12.789],[76.3323,12.8078],[76.3473,12.8175],[76.3741,12.8109],[76.3717,12.8274],[76.3911,12.8467],[76.4125,12.8469],[76.4106,12.8674],[76.4303,12.8527],[76.4287,12.8263],[76.4491,12.8196],[76.4407,12.7953],[76.4712,12.8032],[76.4589,12.7812],[76.4786,12.7734],[76.492,12.7862],[76.4998,12.7702],[76.4938,12.809],[76.5031,12.8223],[76.5234,12.8424],[76.5777,12.849],[76.5803,12.8704],[76.5973,12.8814],[76.5974,12.9213],[76.6193,12.9442],[76.6137,12.9666],[76.6331,12.973],[76.6167,12.9869],[76.6326,13.0067]]]}},{"type":"Feature","properties":{"name":"Haveri","state":"Karnataka","level":"district"},"geometry":{"type":"Polygon","coordinates":[[[75.0811,15.1107],[75.0705,15.0167],[75.0875,14.9574],[75.1019,14.956],[75.1069,14.9332],[75.0716,14.9191],[75.0711,14.837],[75.0955,14.8098],[75.059,14.8126],[75.0722,14.7808],[75.0434,14.7698],[75.0474,14.7388],[75.021,14.7203],[75.0332,14.7078],[75.0392,14.6578],[75.1023,14.6494],[75.1245,14.6312],[75.1442,14.6325],[75.1474,14.6187],[75.1641,14.6182],[75.1681,14.634],[75.195,14.6237],[75.2073,14.6364],[75.2065,14.5983],[75.1831,14.5991],[75.1858,14.5864],[75.2104,14.5749],[75.2299,14.5844],[75.2388,14.5578],[75.2488,14.5806],[75.2663,14.5802],[75.2977,14.5406],[75.2703,14.5265],[75.271,14.5137],[75.3214,14.5123],[75.3482,14.4839],[75.3449,14.4354],[75.3822,14.4326],[75.3792,14.4111],[75.3604,14.41],[75.3499,14.3886],[75.4782,14.318],[75.4776,14.346],[75.5005,14.3444],[75.5036,14.3077],[75.5371,14.2784],[75.5804,14.2775],[75.6105,14.3151],[75.6336,14.3147],[75.6225,14.3439],[75.6415,14.4197],[75.631,14.4437],[75.637,14.465],[75.6609,14.4514],[75.6888,14.4906],[75.7159,14.4725],[75.7554,14.5146],[75.7967,14.5096],[75.801,14.5407],[75.821,14.5675],[75.8062,14.6002],[75.8121,14.6545],[75.7997,14.6815],[75.7722,14.6751],[75.7402,14.6871],[75.7638,14.7358],[75.7071,14.7226],[75.7249,14.769],[75.6656,14.8035],[75.6951,14.8589],[75.7158,14.8529],[75.7348,14.8647],[75.7399,14.8883],[75.7299,14.8981],[75.698,14.8929],[75.6854,14.9309],[75.7028,14.9489],[75.6924,14.975],[75.6355,14.9955],[75.6122,14.973],[75.6145,14.9599],[75.5966,14.9575],[75.5698,14.9788],[75.5451,14.9792],[75.5397,15.0276],[75.5132,15.0444],[75.4639,15.0443],[75.4533,15.0613],[75.4209,15.0639],[75.3697,15.0483],[75.3318,15.0819],[75.3531,15.1033],[75.3409,15.1114],[75.3393,15.1604],[75.3107,15.1556],[75.3117,15.1409],[75.2646,15.1165],[75.2593,15.0974],[75.2431,15.1082],[75.1434,15.1008],[75.1391,15.118],[75.1565,15.1461],[75.1398,15.1598],[75.1335,15.1424],[75.109,15.1393],[75.1157,15.1169],[75.0811,15.1107]]]}},{"type":"Feature","properties":{"name":"Kodagu","state":"Karnataka","level":"district"},"geometry":{"type":"Polygon","coordinates":[[[75.8828,11.9478],[76.0047,11.9309],[76.0362,11.9401],[76.1297,11.9851],[76.1568,12.0201],[76.1849,12.0317],[76.1901,12.0534],[76.1333,12.1992],[76.1013,12.2242],[76.1105,12.2368],[76.0837,12.2601],[76.0526,12.2481],[76.0239,12.2529],[76.0008,12.3262],[75.9167,12.3858],[75.9121,12.4029],[75.9286,12.4365],[75.9758,12.449],[75.9649,12.5046],[75.9986,12.5248],[75.9946,12.5579],[76.0156,12.5543],[76.0216,12.5676],[75.994,12.5839],[75.9927,12.571],[75.9737,12.5748],[75.9798,12.5606],[75.9675,12.5597],[75.9424,12.6071],[75.9521,12.6202],[75.9392,12.6291],[75.945,12.6776],[75.9614,12.6822],[75.9687,12.7114],[75.9453,12.7175],[75.94,12.7622],[75.9741,12.7831],[75.9754,12.8055],[75.9314,12.8091],[75.9248,12.8283],[75.9108,12.8157],[75.8802,12.8342],[75.8661,12.8213],[75.8755,12.771],[75.8504,12.7508],[75.8578,12.7239],[75.8883,12.7061],[75.8854,12.6743],[75.8402,12.6697],[75.8128,12.7011],[75.7632,12.6761],[75.708,12.7094],[75.6736,12.7016],[75.6496,12.6677],[75.6438,12.6307],[75.6652,12.5958],[75.672,12.5511],[75.6188,12.5115],[75.5894,12.5363],[75.5584,12.5022],[75.5671,12.4878],[75.53,12.4987],[75.4972,12.4834],[75.4924,12.4612],[75.4661,12.473],[75.473,12.4989],[75.437,12.5293],[75.4175,12.5028],[75.4256,12.4662],[75.3949,12.4512],[75.3695,12.4577],[75.3686,12.4131],[75.3816,12.3927],[75.4247,12.3729],[75.4133,12.3475],[75.4338,12.3057],[75.4161,12.2906],[75.4708,12.3016],[75.4868,12.2923],[75.542,12.2174],[75.5378,12.2025],[75.5812,12.1572],[75.6397,12.149],[75.663,12.1009],[75.7066,12.107],[75.7222,12.0688],[75.7571,12.0842],[75.8007,12.0811],[75.7987,12.0544],[75.8323,12.0127],[75.8327,11.9849],[75.8828,11.9478]]]}},{"type":"Feature","properties":{"name":"Kolar","state":"Karnataka","level":"district"},"geometry":{"type":"Polygon","coordinates":[[[78.1991,13.5666],[78.2054,13.5242],[78.1889,13.5135],[78.2005,13.5127],[78.2109,13.4705],[78.2032,13.4493],[78.1883,13.4427],[78.1827,13.4191],[78.1382,13.4055],[78.1223,13.3763],[78.1444,13.3773],[78.1498,13.3668],[78.1517,13.3507],[78.1337,13.3521],[78.1377,13.3323],[78.1124,13.3244],[78.136,13.3056],[78.1366,13.2874],[78.094,13.3099],[78.0626,13.3013],[78.0492,13.2797],[78.0166,13.2823],[78.0135,13.3009],[77.9908,13.3044],[77.9863,13.286],[77.94,13.2678],[77.9277,13.2072],[77.9365,13.1489],[77.9069,13.1385],[77.8965,13.125],[77.9038,13.0896],[77.87,13.0631],[77.8346,12.943],[77.8309,12.8885],[77.8361,12.8692],[77.8501,12.8661],[77.8929,12.8687],[77.935,12.8882],[77.9304,12.8739],[77.9452,12.8665],[77.926,12.8547],[77.9212,12.8301],[77.9438,12.8234],[77.9442,12.8552],[77.9563,12.8598],[77.9683,12.832],[77.9923,12.821],[77.9924,12.8062],[78.0125,12.8061],[78.0042,12.8243],[78.0277,12.8442],[78.0258,12.8566],[78.0577,12.8531],[78.132,12.781],[78.2322,12.7637],[78.2517,12.8143],[78.2525,12.8585],[78.2741,12.8677],[78.3146,12.8584],[78.3156,12.877],[78.3331,12.8741],[78.339,12.8853],[78.3224,12.885],[78.325,12.8998],[78.3387,12.9005],[78.3569,12.9393],[78.3899,12.9065],[78.4,12.9169],[78.429,12.9005],[78.4475,12.9121],[78.466,12.8647],[78.4679,12.9043],[78.4286,12.9316],[78.4193,12.9195],[78.4127,12.9441],[78.4389,12.9619],[78.4342,12.98],[78.4695,12.9747],[78.4631,13.0429],[78.5161,13.0642],[78.5134,13.093],[78.5395,13.1088],[78.5202,13.131],[78.5469,13.1421],[78.5502,13.163],[78.5806,13.1679],[78.5748,13.1888],[78.5524,13.1986],[78.5801,13.2156],[78.5703,13.2385],[78.5888,13.2734],[78.5669,13.3107],[78.5619,13.2873],[78.54,13.2871],[78.532,13.2668],[78.4836,13.3022],[78.4828,13.319],[78.447,13.3093],[78.4354,13.33],[78.4022,13.3146],[78.3778,13.3309],[78.3822,13.343],[78.3993,13.3293],[78.4082,13.3432],[78.366,13.3659],[78.382,13.4017],[78.3732,13.4627],[78.3778,13.5058],[78.4083,13.5768],[78.4012,13.5886],[78.2599,13.5846],[78.2378,13.5974],[78.1991,13.5666]]]}},{"type":"Feature","properties":{"name":"Koppal","state":"Karnataka","level":"district"},"geometry":{"type":"Polygon","coordinates":[[[76.2912,15.8922],[76.2622,15.9054],[76.2585,15.9217],[76.2323,15.9216],[76.2292,15.9401],[76.2038,15.9417],[76.1746,15.9295],[76.147,15.8935],[76.1188,15.8858],[76.0609,15.9056],[76.0869,15.9932],[76.0817,16.0109],[75.9952,16.0046],[75.981,15.9914],[75.9805,15.8776],[75.9664,15.8592],[75.9303,15.8753],[75.9156,15.9124],[75.8783,15.9334],[75.7744,15.9146],[75.7814,15.8984],[75.8293,15.9001],[75.8263,15.8653],[75.849,15.8695],[75.8465,15.8386],[75.9408,15.7897],[75.9643,15.7851],[75.9904,15.8031],[75.9969,15.7814],[76.0427,15.7649],[76.0432,15.7204],[76.008,15.7177],[75.9837,15.6918],[75.9838,15.6676],[76.014,15.6825],[76.0125,15.6645],[75.9737,15.6643],[75.9674,15.6791],[75.9458,15.6787],[75.9414,15.6938],[75.9166,15.702],[75.9214,15.7287],[75.9089,15.7464],[75.8861,15.7379],[75.8888,15.7198],[75.8723,15.7163],[75.8732,15.6743],[75.8874,15.6719],[75.9001,15.6078],[75.8689,15.5958],[75.8608,15.5146],[75.8191,15.509],[75.824,15.4963],[75.8111,15.4882],[75.8239,15.4531],[75.8604,15.4454],[75.8666,15.4085],[75.9042,15.4032],[75.9029,15.3543],[75.8882,15.3523],[75.8908,15.2889],[75.9267,15.1822],[75.9497,15.1661],[75.9513,15.138],[75.9792,15.154],[76.0379,15.145],[76.1009,15.1662],[76.1146,15.1991],[76.1597,15.1984],[76.1715,15.2237],[76.2277,15.2168],[76.2214,15.2014],[76.2479,15.1601],[76.2861,15.161],[76.2793,15.1928],[76.3253,15.1996],[76.3182,15.2327],[76.3332,15.2181],[76.3842,15.2215],[76.3602,15.2386],[76.3416,15.2762],[76.3637,15.3264],[76.4917,15.3433],[76.5925,15.4133],[76.6124,15.4423],[76.6701,15.4512],[76.7037,15.4861],[76.7818,15.4939],[76.8134,15.516],[76.8147,15.5475],[76.761,15.5662],[76.7539,15.5893],[76.6911,15.5954],[76.6813,15.6271],[76.6955,15.6236],[76.6933,15.6464],[76.671,15.6391],[76.6729,15.6578],[76.6007,15.6737],[76.5992,15.7002],[76.5327,15.7002],[76.5131,15.7164],[76.493,15.7061],[76.4448,15.7369],[76.441,15.7847],[76.4137,15.8029],[76.4521,15.8369],[76.452,15.8519],[76.4204,15.869],[76.4284,15.8886],[76.3769,15.9024],[76.3759,15.9153],[76.3563,15.9045],[76.351,15.8634],[76.3399,15.8726],[76.3466,15.8982],[76.2912,15.8922]]]}},{"type":"Feature","properties":{"name":"Mandya","state":"Karnataka","level":"district"},"geometry":{"type":"Polygon","coordinates":[[[76.3458,12.6571],[76.3671,12.6296],[76.3818,12.5759],[76.3973,12.5728],[76.3928,12.5538],[76.4143,12.5569],[76.4274,12.5452],[76.4537,12.5088],[76.4535,12.4844],[76.569,12.4257],[76.558,12.3922],[76.5694,12.3502],[76.5795,12.3499],[76.5861,12.3752],[76.6217,12.3676],[76.6516,12.3966],[76.687,12.3914],[76.6821,12.3678],[76.7014,12.3513],[76.7204,12.3561],[76.7337,12.3205],[76.7587,12.303],[76.7719,12.3512],[76.8063,12.3559],[76.8189,12.3873],[76.8366,12.3852],[76.8366,12.4034],[76.8976,12.4095],[76.9086,12.4395],[76.9401,12.4514],[76.9448,12.4226],[76.9606,12.417],[76.9601,12.4455],[76.9753,12.4416],[76.9501,12.3626],[76.9247,12.3257],[76.9566,12.3291],[76.9559,12.3562],[76.978,12.3535],[76.9792,12.3277],[76.9987,12.3099],[76.9771,12.3071],[76.9738,12.2908],[76.9925,12.2879],[76.9935,12.2396],[77.0759,12.2381],[77.0892,12.2199],[77.1077,12.2214],[77.112,12.2427],[77.1705,12.2606],[77.1665,12.3102],[77.2727,12.3138],[77.3038,12.2993],[77.3235,12.3082],[77.3293,12.3667],[77.3152,12.3911],[77.2879,12.393],[77.2702,12.4661],[77.2388,12.4703],[77.2355,12.4828],[77.2272,12.4762],[77.2402,12.5003],[77.1699,12.4846],[77.1484,12.4628],[77.127,12.4816],[77.1312,12.5189],[77.1157,12.5541],[77.1297,12.5527],[77.131,12.5689],[77.1093,12.6023],[77.1248,12.6238],[77.1027,12.6298],[77.0991,12.676],[77.0754,12.6835],[77.0819,12.7472],[77.07,12.756],[77.0524,12.7486],[77.0461,12.7773],[77.0188,12.763],[77.0117,12.7821],[76.9994,12.7764],[76.9718,12.8036],[76.9259,12.8055],[76.8928,12.854],[76.8886,12.899],[76.8652,12.9078],[76.876,12.9208],[76.8941,12.9186],[76.8908,12.9324],[76.823,12.9406],[76.8251,12.9507],[76.8404,12.947],[76.8403,12.9726],[76.8524,12.9788],[76.7631,13.0358],[76.6953,13.0363],[76.6747,13.055],[76.6537,13.0076],[76.6326,13.0067],[76.6172,12.9897],[76.6331,12.973],[76.6137,12.9666],[76.6193,12.9442],[76.5974,12.9213],[76.5973,12.8814],[76.5803,12.8704],[76.5777,12.849],[76.5234,12.8424],[76.4938,12.809],[76.4998,12.7702],[76.492,12.7862],[76.4786,12.7734],[76.4589,12.7812],[76.4712,12.8032],[76.4407,12.7953],[76.4491,12.8196],[76.4287,12.8263],[76.4303,12.8527],[76.4133,12.8672],[76.4125,12.8469],[76.3911,12.8467],[76.3717,12.8274],[76.3741,12.8109],[76.3363,12.813],[76.3593,12.7514],[76.3454,12.7332],[76.3662,12.708],[76.3458,12.6571]]]}},{"type":"Feature","properties":{"name":"Mysore","state":"Karnataka","level":"district"},"geometry":{"type":"Polygon","coordinates":[[[76.4169,11.676],[76.4049,11.7092],[76.4264,11.7218],[76.414,11.7415],[76.4241,11.7756],[76.4159,11.7885],[76.4296,11.7929],[76.4116,11.811],[76.4627,11.7915],[76.4708,11.818],[76.4929,11.822],[76.4917,11.8596],[76.5348,11.8719],[76.5561,11.8571],[76.5585,11.891],[76.5773,11.9223],[76.5609,11.9466],[76.5791,11.9857],[76.6446,11.9835],[76.6586,12.0101],[76.7173,11.9831],[76.7456,12.012],[76.7901,11.9842],[76.8006,11.9888],[76.7936,12.0103],[76.8144,12.0304],[76.8414,11.9991],[76.8615,11.9977],[76.8856,12.0156],[76.8898,11.998],[76.9057,11.9969],[76.9402,12.0278],[76.9197,12.0279],[76.8932,12.0596],[76.8581,12.0614],[76.8843,12.0852],[76.8756,12.1168],[76.8478,12.1157],[76.8337,12.1319],[76.8582,12.1859],[76.8787,12.1347],[76.9479,12.0992],[76.9735,12.1166],[76.9946,12.1767],[77.0149,12.1651],[77.0153,12.1407],[77.0366,12.1416],[77.0431,12.1301],[77.047,12.1701],[77.1166,12.1941],[77.1326,12.206],[77.1356,12.2286],[77.1138,12.2435],[77.1077,12.2214],[77.0892,12.2199],[77.0759,12.2381],[76.9935,12.2396],[76.9925,12.2879],[76.9738,12.2908],[76.9771,12.3071],[76.9987,12.3099],[76.9792,12.3277],[76.978,12.3535],[76.9559,12.3562],[76.9566,12.3291],[76.9247,12.3257],[76.9501,12.3626],[76.9741,12.443],[76.9601,12.4455],[76.9606,12.417],[76.9448,12.4226],[76.9469,12.4475],[76.9299,12.4506],[76.9056,12.4362],[76.8976,12.4095],[76.8366,12.4034],[76.8366,12.3852],[76.8189,12.3873],[76.8063,12.3559],[76.7719,12.3512],[76.7587,12.303],[76.7337,12.3205],[76.7204,12.3561],[76.7014,12.3513],[76.6821,12.3678],[76.687,12.3914],[76.6516,12.3966],[76.6217,12.3676],[76.5861,12.3752],[76.5795,12.3499],[76.5694,12.3502],[76.558,12.3922],[76.569,12.4257],[76.4535,12.4844],[76.4537,12.5088],[76.4274,12.5452],[76.4143,12.5569],[76.3928,12.5538],[76.3973,12.5728],[76.3818,12.5759],[76.3559,12.6519],[76.3458,12.6571],[76.3247,12.6342],[76.3327,12.6159],[76.3237,12.6108],[76.3117,12.6111],[76.3016,12.6324],[76.2951,12.6189],[76.2796,12.6318],[76.2703,12.6199],[76.223,12.6434],[76.1975,12.5767],[76.1607,12.5768],[76.1543,12.5457],[76.1202,12.5277],[76.1172,12.5132],[76.0926,12.5448],[76.0532,12.5541],[76.0483,12.5758],[76.0265,12.5748],[76.0156,12.5543],[75.9946,12.5579],[75.9986,12.5248],[75.9649,12.5046],[75.9758,12.449],[75.9286,12.4365],[75.9121,12.4],[75.9625,12.3462],[76.0008,12.3262],[76.0239,12.2529],[76.0526,12.2481],[76.0837,12.2601],[76.1105,12.2368],[76.1013,12.2242],[76.1333,12.1992],[76.1785,12.102],[76.1872,12.0356],[76.1148,11.9781],[76.1152,11.8587],[76.1237,11.8506],[76.1914,11.8714],[76.2083,11.8618],[76.213,11.8273],[76.2563,11.7585],[76.308,11.7467],[76.3684,11.6905],[76.4169,11.676]]]}},{"type":"Feature","properties":{"name":"Raichur","state":"Karnataka","level":"district"},"geometry":{"type":"Polygon","coordinates":[[[77.515,15.9267],[77.5156,16.008],[77.4962,16.0363],[77.5084,16.0789],[77.4983,16.0894],[77.5148,16.1091],[77.492,16.1213],[77.4889,16.1641],[77.5006,16.2185],[77.5161,16.2288],[77.494,16.2298],[77.4928,16.2552],[77.5065,16.2732],[77.5391,16.2681],[77.5486,16.2925],[77.5704,16.3031],[77.5957,16.2923],[77.597,16.3429],[77.5598,16.347],[77.4997,16.381],[77.4167,16.3678],[77.1838,16.4306],[77.1526,16.4765],[77.1157,16.4831],[77.0595,16.5185],[77.0149,16.502],[77.0118,16.5463],[76.9918,16.5616],[76.9731,16.554],[76.9709,16.506],[76.9131,16.4867],[76.8703,16.4872],[76.864,16.456],[76.8398,16.4294],[76.7863,16.4172],[76.7602,16.4272],[76.6491,16.3596],[76.5811,16.3413],[76.4793,16.291],[76.3474,16.1972],[76.2991,16.183],[76.2823,16.1507],[76.2417,16.1662],[76.2367,16.1343],[76.2561,16.0988],[76.2717,16.1087],[76.3354,16.0912],[76.3304,16.0772],[76.295,16.0882],[76.2599,16.0829],[76.3086,16.0656],[76.3141,16.0015],[76.298,15.9928],[76.3289,15.9317],[76.2865,15.9265],[76.2912,15.8922],[76.3466,15.8982],[76.3399,15.8726],[76.351,15.8634],[76.3563,15.9045],[76.3759,15.9153],[76.3769,15.9024],[76.4284,15.8886],[76.4204,15.869],[76.452,15.8519],[76.4521,15.8369],[76.4137,15.8029],[76.441,15.7847],[76.4448,15.7369],[76.493,15.7061],[76.5131,15.7164],[76.5327,15.7002],[76.5992,15.7002],[76.6007,15.6737],[76.6729,15.6578],[76.671,15.6391],[76.6933,15.6464],[76.6955,15.6236],[76.6813,15.6271],[76.6911,15.5954],[76.7513,15.5904],[76.761,15.5662],[76.8147,15.5475],[76.8364,15.5622],[76.84,15.6306],[76.9126,15.6913],[76.9394,15.7522],[77.0288,15.8347],[77.0705,15.9047],[77.0946,15.9232],[77.1619,15.9498],[77.249,15.9622],[77.3815,15.9389],[77.4331,15.9476],[77.515,15.9267]]]}},{"type":"Feature","properties":{"name":"Ramanagara","state":"Karnataka","level":"district"},"geometry":{"type":"Polygon","coordinates":[[[77.3235,12.3082],[77.348,12.2799],[77.4309,12.2878],[77.4495,12.2515],[77.4737,12.2458],[77.4891,12.2797],[77.5292,12.2796],[77.5536,12.2939],[77.6147,12.364],[77.6359,12.4874],[77.6279,12.4956],[77.6073,12.4747],[77.5859,12.4784],[77.617,12.5099],[77.589,12.517],[77.5804,12.5679],[77.6082,12.631],[77.5957,12.6654],[77.6189,12.7067],[77.598,12.7185],[77.5745,12.7008],[77.565,12.706],[77.56,12.7313],[77.5989,12.7571],[77.5952,12.7832],[77.5743,12.7806],[77.5694,12.7598],[77.5598,12.8008],[77.5427,12.7996],[77.5532,12.7744],[77.546,12.7541],[77.5247,12.7336],[77.5169,12.7457],[77.5073,12.7366],[77.4783,12.755],[77.4726,12.7939],[77.4827,12.8088],[77.4543,12.8191],[77.4458,12.8084],[77.4242,12.8269],[77.4392,12.8405],[77.4224,12.8695],[77.4321,12.872],[77.4315,12.878],[77.379,12.8545],[77.3676,12.8719],[77.3496,12.8686],[77.3357,12.8849],[77.3462,12.8879],[77.3432,12.9292],[77.3236,13.0083],[77.3326,13.0428],[77.3104,13.0562],[77.3152,13.1064],[77.2941,13.1102],[77.2857,13.1348],[77.2696,13.1194],[77.2759,13.1529],[77.2188,13.145],[77.2046,13.1844],[77.1704,13.184],[77.1675,13.1956],[77.1218,13.162],[77.1176,13.1301],[77.098,13.1441],[77.0738,13.1252],[77.0854,13.0364],[77.1191,13.0146],[77.1,12.9987],[77.1312,12.995],[77.1274,13.0069],[77.1373,13.0046],[77.1477,12.9891],[77.1343,12.9749],[77.1611,12.9571],[77.1672,12.9304],[77.1609,12.9127],[77.1445,12.9164],[77.1389,12.9],[77.1124,12.8919],[77.1339,12.8882],[77.134,12.8592],[77.1512,12.8481],[77.1578,12.8261],[77.1419,12.8096],[77.1527,12.7931],[77.1216,12.7728],[77.101,12.7754],[77.095,12.7535],[77.0828,12.7571],[77.0754,12.6835],[77.0991,12.676],[77.1027,12.6298],[77.1248,12.6238],[77.1093,12.6023],[77.131,12.5689],[77.1297,12.5527],[77.1157,12.5541],[77.1312,12.5189],[77.127,12.4816],[77.1484,12.4628],[77.1699,12.4846],[77.2402,12.5003],[77.2272,12.4762],[77.2355,12.4828],[77.2388,12.4703],[77.2702,12.4661],[77.2879,12.393],[77.3152,12.3911],[77.3293,12.3667],[77.3235,12.3082]]]}},{"type":"Feature","properties":{"name":"Shimoga","state":"Karnataka","level":"district"},"geometry":{"type":"Polygon","coordinates":[[[75.8807,13.8113],[75.8557,13.8736],[75.8586,13.9149],[75.8279,13.9731],[75.8239,14.018],[75.7989,14.0327],[75.8226,14.0644],[75.818,14.1018],[75.7583,14.1089],[75.7238,14.0756],[75.6683,14.0666],[75.6368,14.0796],[75.6189,14.0768],[75.6075,14.0577],[75.5871,14.0582],[75.4945,14.1035],[75.4681,14.101],[75.4644,14.0744],[75.4547,14.0967],[75.4011,14.1154],[75.4444,14.1627],[75.4862,14.1751],[75.454,14.2048],[75.5089,14.2176],[75.5273,14.2032],[75.5352,14.2865],[75.5036,14.3077],[75.5005,14.3444],[75.4776,14.346],[75.4782,14.318],[75.3499,14.3886],[75.3604,14.41],[75.3792,14.4111],[75.3822,14.4326],[75.3449,14.4354],[75.3482,14.4839],[75.3214,14.5123],[75.271,14.5137],[75.2703,14.5265],[75.2977,14.5406],[75.2663,14.5802],[75.2488,14.5806],[75.2388,14.5578],[75.2299,14.5844],[75.2104,14.5749],[75.1858,14.5864],[75.1831,14.5991],[75.2065,14.5983],[75.2129,14.6239],[75.2025,14.6385],[75.195,14.6237],[75.1681,14.634],[75.1641,14.6182],[75.1474,14.6187],[75.1442,14.6325],[75.1245,14.6312],[75.1023,14.6494],[75.0522,14.6496],[75.0279,14.6094],[75.0252,14.5651],[75.0633,14.5429],[75.0401,14.5274],[75.0437,14.5018],[75.0225,14.4978],[75.0376,14.4816],[75.0336,14.4602],[74.9953,14.4673],[74.98,14.5535],[74.9585,14.5517],[74.9396,14.5219],[74.9068,14.5305],[74.8935,14.4804],[74.9183,14.4708],[74.9224,14.4568],[74.9037,14.4333],[74.9225,14.4337],[74.9498,14.404],[74.9539,14.3808],[74.9424,14.3628],[74.9796,14.3245],[74.9188,14.314],[74.9158,14.2794],[74.9304,14.2818],[74.9415,14.2623],[74.9304,14.2395],[74.8791,14.218],[74.8818,14.2373],[74.8715,14.2436],[74.8577,14.2148],[74.835,14.2318],[74.768,14.2394],[74.7317,14.268],[74.718,14.2351],[74.7299,14.1796],[74.7495,14.1524],[74.6676,14.1885],[74.6276,14.1659],[74.6565,14.1161],[74.641,14.0985],[74.6591,14.0704],[74.6569,14.045],[74.6785,14.0392],[74.6686,13.9855],[74.7019,13.9513],[74.694,13.9372],[74.7121,13.9301],[74.718,13.908],[74.7772,13.9173],[74.8228,13.9099],[74.8568,13.8863],[74.8688,13.8608],[74.8943,13.8683],[74.9154,13.8584],[74.9191,13.8413],[74.9493,13.8435],[74.9646,13.7701],[75.0189,13.7327],[75.0566,13.6699],[75.0535,13.6288],[75.0889,13.5697],[75.0855,13.5348],[75.1313,13.4653],[75.1712,13.5075],[75.1957,13.5136],[75.2317,13.4892],[75.2727,13.52],[75.2819,13.57],[75.2969,13.5858],[75.3311,13.561],[75.3748,13.5934],[75.414,13.5754],[75.419,13.609],[75.4446,13.6274],[75.4548,13.6651],[75.4209,13.695],[75.5013,13.729],[75.5326,13.763],[75.5463,13.7395],[75.5785,13.7251],[75.6333,13.7709],[75.6515,13.7421],[75.6673,13.7392],[75.6578,13.7489],[75.6714,13.7645],[75.6872,13.7505],[75.6896,13.7676],[75.7341,13.7703],[75.7635,13.7815],[75.7666,13.7959],[75.8079,13.7953],[75.8258,13.8185],[75.8807,13.8113]]]}},{"type":"Feature","properties":{"name":"Tumkur","state":"Karnataka","level":"district"},"geometry":{"type":"MultiPolygon","coordinates":[[[[76.9525,14.0925],[76.9279,14.0594],[76.8964,14.0523],[76.8765,14.013],[76.8386,14.0159],[76.8259,13.995],[76.8498,13.9792],[76.8502,13.9634],[76.8243,13.9492],[76.8156,13.9171],[76.7689,13.924],[76.724,13.8958],[76.768,13.8366],[76.7706,13.8006],[76.7646,13.7804],[76.7262,13.7972],[76.6993,13.7704],[76.6875,13.6896],[76.6756,13.719],[76.6316,13.7152],[76.6219,13.7345],[76.5741,13.7142],[76.58,13.6888],[76.5307,13.6641],[76.5189,13.6338],[76.4619,13.6178],[76.4561,13.5905],[76.4358,13.5941],[76.4169,13.5786],[76.4019,13.5938],[76.3844,13.5781],[76.3772,13.5923],[76.3549,13.5788],[76.3649,13.5472],[76.4277,13.5245],[76.3992,13.5036],[76.4192,13.4484],[76.3884,13.3712],[76.3472,13.3609],[76.3489,13.3026],[76.3572,13.2514],[76.3809,13.2302],[76.3731,13.1997],[76.4282,13.1854],[76.4582,13.1468],[76.4761,13.148],[76.4705,13.0916],[76.5005,13.0964],[76.5182,13.0696],[76.5341,13.0784],[76.6058,13.0739],[76.6209,13.0581],[76.6043,13.0436],[76.6137,13.007],[76.6537,13.0076],[76.6747,13.055],[76.6953,13.0363],[76.7631,13.0358],[76.784,13.0282],[76.7882,13.0129],[76.8109,13.0132],[76.8532,12.9765],[76.8403,12.9726],[76.8404,12.947],[76.8251,12.9507],[76.823,12.9406],[76.8908,12.9324],[76.8941,12.9186],[76.876,12.9208],[76.8652,12.9078],[76.8886,12.899],[76.8928,12.854],[76.9259,12.8055],[76.9718,12.8036],[76.9994,12.7764],[77.0117,12.7821],[77.0188,12.763],[77.0461,12.7773],[77.0524,12.7486],[77.07,12.756],[77.0819,12.7472],[77.101,12.7754],[77.1502,12.7841],[77.1419,12.8096],[77.1578,12.8261],[77.1512,12.8481],[77.134,12.8592],[77.1339,12.8882],[77.1124,12.8919],[77.1389,12.9],[77.1445,12.9164],[77.1609,12.9127],[77.1672,12.9304],[77.1611,12.9571],[77.1343,12.9749],[77.1477,12.9891],[77.1373,13.0046],[77.1274,13.0069],[77.1312,12.995],[77.1,12.9987],[77.1191,13.0146],[77.0854,13.0364],[77.0738,13.1252],[77.098,13.1441],[77.1176,13.1301],[77.1218,13.162],[77.1502,13.1744],[77.1576,13.1923],[77.1989,13.1814],[77.2089,13.189],[77.1834,13.2282],[77.1898,13.2727],[77.2202,13.264],[77.2317,13.3118],[77.2472,13.3033],[77.2722,13.3112],[77.2843,13.2985],[77.2833,13.3108],[77.3404,13.3307],[77.3501,13.4184],[77.3659,13.4266],[77.3512,13.4537],[77.3749,13.4717],[77.3941,13.5267],[77.3648,13.6223],[77.3845,13.6615],[77.4579,13.6844],[77.453,13.7043],[77.4702,13.7576],[77.4636,13.8083],[77.4485,13.8108],[77.4366,13.7965],[77.4166,13.8077],[77.4324,13.8435],[77.3806,13.8396],[77.3672,13.8539],[77.3276,13.834],[77.3145,13.8654],[77.2904,13.8491],[77.2579,13.8476],[77.2411,13.9029],[77.2188,13.8694],[77.2122,13.8891],[77.2041,13.8675],[77.186,13.8678],[77.1842,13.9252],[77.163,13.9077],[77.1696,13.8649],[77.1309,13.8572],[77.1694,13.8287],[77.1613,13.8085],[77.1786,13.78],[77.1739,13.7627],[77.1023,13.7688],[77.0874,13.7613],[77.0877,13.7453],[77.067,13.7467],[77.0332,13.7792],[77.0183,13.7405],[76.9994,13.7503],[76.9904,13.8118],[76.975,13.822],[77.0127,13.8577],[77.0239,13.901],[77.048,13.9051],[77.0425,13.9332],[76.9955,13.9642],[77.0008,13.989],[76.9373,14.0301],[76.9442,14.0549],[76.9805,14.0651],[76.9744,14.0871],[76.9525,14.0925]]],[[[77.0103,14.2388],[77.0047,14.1993],[77.0225,14.191],[77.0274,14.1717],[77.0147,14.1055],[77.0304,14.0908],[77.0302,14.0607],[77.0831,14.0456],[77.1279,14.0498],[77.1412,14.0058],[77.1613,13.9984],[77.1783,14.0163],[77.2497,14.0142],[77.2786,14.0358],[77.2857,14.0148],[77.3208,14.0328],[77.3377,13.9984],[77.3612,13.9904],[77.3512,13.959],[77.3702,13.9505],[77.3502,13.9204],[77.3559,13.9047],[77.398,13.906],[77.3996,13.8882],[77.4334,13.9104],[77.4154,13.9443],[77.4364,13.9516],[77.4383,13.977],[77.4282,13.9851],[77.3832,13.9773],[77.3909,14.0155],[77.3336,14.0309],[77.3453,14.0618],[77.3659,14.067],[77.4029,14.1115],[77.3971,14.1266],[77.3519,14.104],[77.355,14.1323],[77.384,14.1376],[77.397,14.1732],[77.4708,14.1723],[77.5081,14.1591],[77.518,14.1802],[77.4976,14.2357],[77.5037,14.2798],[77.4867,14.2927],[77.462,14.2801],[77.4509,14.2855],[77.4496,14.3176],[77.4347,14.3127],[77.4331,14.3286],[77.3928,14.3326],[77.3821,14.303],[77.3915,14.2734],[77.4082,14.2683],[77.423,14.2199],[77.3911,14.1997],[77.3889,14.2181],[77.3625,14.2379],[77.3663,14.2771],[77.2865,14.2837],[77.2879,14.3387],[77.2387,14.3186],[77.203,14.3217],[77.1586,14.3451],[77.1383,14.3379],[77.1183,14.2949],[77.1116,14.2207],[77.0817,14.2167],[77.0558,14.2466],[77.0103,14.2388]]]]}},{"type":"Feature","properties":{"name":"Udupi","state":"Karnataka","level":"district"},"geometry":{"type":"MultiPolygon","coordinates":[[[[75.1556,13.4501],[75.0855,13.5348],[75.0889,13.5697],[75.0535,13.6288],[75.0566,13.6699],[75.0189,13.7327],[74.9646,13.7701],[74.9446,13.848],[74.9191,13.8413],[74.9154,13.8584],[74.8943,13.8683],[74.8688,13.8608],[74.8568,13.8863],[74.8228,13.9099],[74.7772,13.9173],[74.718,13.908],[74.7121,13.9301],[74.694,13.9372],[74.6979,13.9578],[74.6686,13.9855],[74.6479,13.9606],[74.6507,13.9443],[74.6329,13.9495],[74.603,13.9363],[74.5988,13.9451],[74.5826,13.9261],[74.6095,13.8659],[74.6453,13.6812],[74.6716,13.6333],[74.6968,13.4506],[74.6917,13.348],[74.7148,13.3198],[74.7603,13.1391],[74.8472,13.1743],[74.8681,13.1754],[74.9137,13.1506],[74.9684,13.1731],[75.0078,13.1582],[75.0269,13.1762],[75.0926,13.1599],[75.0945,13.1759],[75.1179,13.1824],[75.1677,13.1405],[75.2007,13.1796],[75.1696,13.2009],[75.1394,13.291],[75.116,13.2856],[75.081,13.3456],[75.0922,13.3633],[75.1136,13.3592],[75.128,13.3703],[75.1291,13.3887],[75.1479,13.3988],[75.1556,13.4501]]],[[[74.6863,13.3435],[74.6806,13.345],[74.6859,13.3413],[74.6863,13.3435]]],[[[74.6709,13.3799],[74.6743,13.3806],[74.6711,13.3823],[74.6709,13.3799]]],[[[74.689,13.3354],[74.6879,13.341],[74.6868,13.3367],[74.689,13.3354]]],[[[74.6918,13.331],[74.6904,13.3334],[74.6905,13.331],[74.6918,13.331]]]]}},{"type":"Feature","properties":{"name":"Uttara Kannada","state":"Karnataka","level":"district"},"geometry":{"type":"MultiPolygon","coordinates":[[[[74.2517,15.5],[74.2771,15.4464],[74.2773,15.3919],[74.3232,15.3706],[74.3182,15.333],[74.3366,15.2963],[74.3291,15.2863],[74.2776,15.2847],[74.2521,15.261],[74.2581,15.2453],[74.3015,15.2266],[74.3169,15.1875],[74.2844,15.1466],[74.2879,15.1235],[74.2731,15.0994],[74.2973,15.0434],[74.2565,14.9943],[74.2649,14.9702],[74.2386,14.9611],[74.2064,14.925],[74.1747,14.9566],[74.1604,14.943],[74.1698,14.9125],[74.1336,14.924],[74.0982,14.9073],[74.0918,14.8997],[74.1259,14.8183],[74.1197,14.8012],[74.0928,14.8039],[74.1211,14.775],[74.1416,14.7785],[74.1565,14.7624],[74.1534,14.7468],[74.1785,14.7492],[74.2021,14.72],[74.205,14.737],[74.2339,14.7482],[74.2627,14.7186],[74.2516,14.706],[74.2763,14.6882],[74.2848,14.6403],[74.2698,14.627],[74.3116,14.55],[74.3098,14.5215],[74.3602,14.5185],[74.354,14.5022],[74.3821,14.4214],[74.393,14.418],[74.4415,14.2244],[74.4694,14.189],[74.4878,14.106],[74.4806,14.0936],[74.5146,13.9877],[74.5826,13.9261],[74.5988,13.9451],[74.603,13.9363],[74.6329,13.9495],[74.6507,13.9443],[74.6479,13.9606],[74.6686,13.9855],[74.6785,14.0392],[74.6569,14.045],[74.6591,14.0704],[74.641,14.0985],[74.6565,14.1161],[74.6276,14.1659],[74.6676,14.1885],[74.7475,14.1514],[74.718,14.2351],[74.7317,14.268],[74.768,14.2394],[74.835,14.2318],[74.8577,14.2148],[74.875,14.2445],[74.8791,14.218],[74.9388,14.2505],[74.9304,14.2818],[74.9158,14.2794],[74.9113,14.2902],[74.9188,14.314],[74.9796,14.3245],[74.9424,14.3628],[74.9539,14.3808],[74.9498,14.404],[74.9225,14.4337],[74.9037,14.4333],[74.9225,14.4624],[74.896,14.4759],[74.8942,14.4958],[74.9068,14.5305],[74.9396,14.5219],[74.9585,14.5517],[74.98,14.5535],[74.9953,14.4673],[75.0336,14.4602],[75.0376,14.4816],[75.0225,14.4978],[75.0437,14.5018],[75.0401,14.5274],[75.0633,14.5429],[75.0252,14.5651],[75.0279,14.6094],[75.0522,14.6496],[75.0353,14.6656],[75.0332,14.7078],[75.0186,14.7127],[75.0474,14.7388],[75.0434,14.7698],[75.0722,14.7808],[75.059,14.8126],[75.0955,14.8098],[75.0711,14.837],[75.0716,14.9191],[75.1069,14.9332],[75.1019,14.956],[75.0875,14.9574],[75.0705,15.0167],[75.0822,15.0736],[75.0571,15.0818],[74.9414,15.0672],[74.9408,15.0529],[74.9124,15.0387],[74.9082,15.0504],[74.8912,15.049],[74.8811,15.0733],[74.8929,15.0991],[74.8596,15.1046],[74.8544,15.1219],[74.8297,15.1343],[74.878,15.1942],[74.8742,15.214],[74.91,15.2517],[74.9063,15.3072],[74.8676,15.3222],[74.8481,15.3665],[74.8215,15.3661],[74.8124,15.4069],[74.7975,15.4154],[74.7001,15.4109],[74.6928,15.4001],[74.6526,15.3958],[74.6302,15.368],[74.6168,15.3703],[74.6207,15.3864],[74.6039,15.4004],[74.577,15.3933],[74.5355,15.4201],[74.4808,15.3968],[74.4686,15.4147],[74.4275,15.398],[74.4125,15.4765],[74.3765,15.4829],[74.3413,15.5198],[74.2862,15.526],[74.2517,15.5]]],[[[74.0709,14.8204],[74.0573,14.8188],[74.0724,14.8185],[74.0709,14.8204]]],[[[74.3299,14.0166],[74.3245,14.0197],[74.3261,14.0142],[74.3299,14.0166]]],[[[74.0972,14.8431],[74.1018,14.8443],[74.097,14.846],[74.0972,14.8431]]],[[[74.4009,14.3104],[74.4038,14.3142],[74.3999,14.3126],[74.4009,14.3104]]],[[[74.4824,14.0073],[74.4799,14.0105],[74.4791,14.0083],[74.4824,14.0073]]],[[[74.0866,14.796],[74.0886,14.7934],[74.089,14.7954],[74.0866,14.796]]],[[[74.4856,14.0222],[74.4873,14.0247],[74.4843,14.0231],[74.4856,14.0222]]],[[[74.4702,14.0829],[74.4719,14.0844],[74.4703,14.0846],[74.4702,14.0829]]]]}},{"type":"Feature","properties":{"name":"Yadgir","state":"Karnataka","level":"district"},"geometry":{"type":"Polygon","coordinates":[[[77.4569,16.8861],[77.4441,16.8941],[77.4472,16.8858],[77.4129,16.8746],[77.4031,16.8832],[77.4083,16.9019],[77.3782,16.8944],[77.3528,16.9089],[77.3431,16.9338],[77.2648,16.9284],[77.2134,16.9451],[77.1984,16.9272],[77.1858,16.9423],[77.168,16.9389],[77.1623,16.9154],[77.0969,16.9057],[77.0878,16.9365],[77.066,16.9539],[77.0432,16.923],[77.0215,16.9272],[77.0195,16.8989],[77.0357,16.893],[77.0433,16.87],[76.9815,16.8608],[76.9855,16.8398],[76.9972,16.837],[76.9924,16.812],[76.9457,16.8308],[76.9128,16.816],[76.9032,16.8537],[76.9225,16.8694],[76.9032,16.8783],[76.9032,16.8924],[76.8728,16.8957],[76.8439,16.8664],[76.8182,16.8734],[76.7909,16.8369],[76.7617,16.844],[76.7467,16.816],[76.7467,16.7782],[76.7164,16.795],[76.6717,16.7894],[76.6548,16.7541],[76.6601,16.7122],[76.6354,16.7228],[76.6251,16.7652],[76.6023,16.767],[76.5487,16.7477],[76.5188,16.7509],[76.5048,16.7234],[76.4391,16.7076],[76.4058,16.6486],[76.4367,16.5121],[76.4381,16.4358],[76.3346,16.4248],[76.3348,16.3905],[76.3113,16.3956],[76.307,16.3773],[76.3168,16.3456],[76.2962,16.3348],[76.303,16.2843],[76.349,16.2749],[76.3553,16.227],[76.3301,16.1919],[76.4793,16.291],[76.5811,16.3413],[76.6491,16.3596],[76.7602,16.4272],[76.7863,16.4172],[76.8487,16.4343],[76.8703,16.4872],[76.9131,16.4867],[76.9709,16.506],[76.9731,16.554],[76.9835,16.5617],[77.0118,16.5463],[77.0149,16.502],[77.0595,16.5185],[77.1157,16.4831],[77.1526,16.4765],[77.1719,16.4359],[77.2685,16.403],[77.2893,16.4079],[77.2433,16.4777],[77.2945,16.4778],[77.3012,16.4963],[77.3711,16.489],[77.3859,16.5164],[77.4202,16.5234],[77.4205,16.5489],[77.3962,16.57],[77.4691,16.5891],[77.4588,16.6123],[77.4743,16.6517],[77.4432,16.641],[77.4216,16.6595],[77.4699,16.6829],[77.4716,16.7167],[77.4288,16.7214],[77.4423,16.7878],[77.4759,16.7838],[77.4569,16.8861]]]}},{"type":"Feature","properties":{"name":"Alappuzha","state":"Kerala","level":"district"},"geometry":{"type":"Polygon","coordinates":[[[76.511,9.3768],[76.5131,9.4366],[76.4969,9.4435],[76.5124,9.4998],[76.4811,9.5061],[76.4672,9.562],[76.4352,9.5539],[76.4183,9.5639],[76.394,9.548],[76.4045,9.6858],[76.3779,9.6965],[76.3824,9.7515],[76.3669,9.7943],[76.3831,9.8206],[76.3719,9.86],[76.3542,9.8843],[76.3325,9.8768],[76.2943,9.8916],[76.3007,9.8542],[76.2807,9.8268],[76.2933,9.8062],[76.277,9.7901],[76.3148,9.504],[76.3523,9.3778],[76.4678,9.1255],[76.5078,9.1256],[76.5041,9.1351],[76.5346,9.1449],[76.5606,9.1101],[76.6423,9.1507],[76.6751,9.1535],[76.6762,9.169],[76.6925,9.1762],[76.649,9.2072],[76.6409,9.2336],[76.6594,9.242],[76.6566,9.2615],[76.6768,9.2912],[76.6553,9.2922],[76.6354,9.3271],[76.6433,9.3409],[76.5964,9.3527],[76.5517,9.3519],[76.5614,9.3429],[76.5516,9.3251],[76.4759,9.3296],[76.5252,9.3656],[76.511,9.3768]]]}},{"type":"Feature","properties":{"name":"Ernakulam","state":"Kerala","level":"district"},"geometry":{"type":"Polygon","coordinates":[[[76.3742,9.837],[76.39,9.8445],[76.4225,9.8235],[76.46,9.8485],[76.5074,9.8515],[76.5487,9.7994],[76.5629,9.8204],[76.582,9.822],[76.5816,9.8432],[76.6185,9.8374],[76.6129,9.8542],[76.6366,9.8644],[76.631,9.9132],[76.6497,9.9208],[76.7036,9.9102],[76.6867,9.924],[76.7261,9.9568],[76.7184,9.9868],[76.7678,9.9814],[76.7662,10.0105],[76.7851,10.0359],[76.8326,10.0129],[76.8418,10.0251],[76.7708,10.0656],[76.8268,10.0624],[76.8156,10.0808],[76.8267,10.0895],[76.8666,10.0736],[76.8684,10.0945],[76.9226,10.1758],[76.9689,10.1603],[77.0251,10.1787],[77.0873,10.1753],[77.0657,10.2112],[77.0414,10.2032],[77.0154,10.2225],[77.062,10.2359],[77.0632,10.2477],[77.0536,10.2616],[76.9847,10.2184],[76.9415,10.2392],[76.9191,10.2343],[76.8807,10.2693],[76.8419,10.2831],[76.6973,10.2643],[76.6636,10.2805],[76.623,10.274],[76.5784,10.303],[76.568,10.2939],[76.5749,10.2845],[76.5562,10.2832],[76.449,10.2969],[76.417,10.2941],[76.3812,10.2451],[76.341,10.231],[76.3328,10.2093],[76.3124,10.2054],[76.3137,10.1843],[76.2757,10.175],[76.2653,10.2006],[76.2215,10.207],[76.1709,10.1851],[76.1635,10.1762],[76.2511,9.9186],[76.277,9.7901],[76.2933,9.8062],[76.2807,9.8268],[76.3007,9.8542],[76.2943,9.8916],[76.3325,9.8768],[76.3542,9.8843],[76.3742,9.837]]]}},{"type":"Feature","properties":{"name":"Idukki","state":"Kerala","level":"district"},"geometry":{"type":"Polygon","coordinates":[[[77.285,9.2727],[77.3014,9.3378],[77.3287,9.3383],[77.3379,9.3615],[77.3388,9.4161],[77.3513,9.4415],[77.3687,9.4603],[77.3957,9.4614],[77.4133,9.5072],[77.4037,9.5274],[77.3877,9.5193],[77.3674,9.5369],[77.3526,9.5674],[77.368,9.5986],[77.3575,9.6056],[77.3415,9.5737],[77.3208,9.6035],[77.2715,9.5753],[77.2392,9.583],[77.2121,9.6144],[77.168,9.6161],[77.2076,9.6964],[77.2058,9.7257],[77.2241,9.7319],[77.2344,9.7703],[77.2256,9.7902],[77.2498,9.7988],[77.2246,9.8248],[77.2393,9.8593],[77.2146,9.8762],[77.2199,9.9046],[77.2768,9.9741],[77.2561,10.0105],[77.2633,10.0306],[77.2101,10.0838],[77.203,10.1059],[77.24,10.1288],[77.2748,10.1295],[77.2793,10.1902],[77.2953,10.2177],[77.2847,10.2348],[77.2612,10.231],[77.2652,10.2641],[77.2289,10.3161],[77.2365,10.3506],[77.1771,10.3565],[77.0477,10.282],[77.062,10.2359],[77.0154,10.2225],[77.0414,10.2032],[77.0657,10.2112],[77.0873,10.1753],[77.0251,10.1787],[76.9689,10.1603],[76.9226,10.1758],[76.8684,10.0945],[76.8666,10.0736],[76.8267,10.0895],[76.8156,10.0808],[76.8268,10.0624],[76.7708,10.0656],[76.8418,10.0251],[76.8326,10.0129],[76.7851,10.0359],[76.7662,10.0105],[76.7678,9.9814],[76.7184,9.9868],[76.7261,9.9568],[76.6867,9.924],[76.7036,9.9102],[76.6497,9.9208],[76.631,9.9132],[76.6301,9.8497],[76.684,9.8396],[76.7439,9.8044],[76.7559,9.8176],[76.7807,9.808],[76.8617,9.7296],[76.8687,9.7354],[76.8896,9.7173],[76.9365,9.6212],[76.9312,9.6143],[76.8966,9.6336],[76.8969,9.5862],[76.8834,9.5811],[76.8875,9.5398],[76.9517,9.4899],[76.9631,9.5091],[76.9758,9.5015],[76.9861,9.4705],[76.9711,9.4649],[77.0169,9.4416],[77.011,9.4091],[77.068,9.417],[77.0628,9.4482],[77.106,9.4693],[77.1375,9.4585],[77.1827,9.472],[77.1853,9.4541],[77.2084,9.4502],[77.2496,9.3771],[77.2261,9.2964],[77.285,9.2727]]]}},{"type":"Feature","properties":{"name":"Kannur","state":"Kerala","level":"district"},"geometry":{"type":"Polygon","coordinates":[[[75.5298,11.7019],[75.5649,11.6948],[75.5711,11.6751],[75.6023,11.6868],[75.5895,11.7125],[75.6675,11.7592],[75.6932,11.7995],[75.7182,11.7971],[75.7308,11.7803],[75.7549,11.7842],[75.7477,11.799],[75.8003,11.8196],[75.7919,11.8417],[75.8106,11.8566],[75.9285,11.8428],[75.9329,11.8583],[75.9129,11.8749],[75.938,11.8907],[75.9267,11.9301],[75.9398,11.939],[75.8828,11.9478],[75.8327,11.9849],[75.8323,12.0127],[75.7987,12.0544],[75.8007,12.0811],[75.7571,12.0842],[75.7222,12.0688],[75.7066,12.107],[75.663,12.1009],[75.6397,12.149],[75.5812,12.1572],[75.5378,12.2025],[75.542,12.2174],[75.5078,12.2695],[75.4708,12.3016],[75.4161,12.2906],[75.3915,12.2981],[75.3479,12.2686],[75.3,12.2707],[75.2884,12.2615],[75.2909,12.2341],[75.2343,12.2221],[75.2047,12.1915],[75.1752,12.1904],[75.193,12.1473],[75.2067,12.166],[75.2284,12.1426],[75.2239,12.1288],[75.1946,12.1209],[75.1911,12.0967],[75.1773,12.1013],[75.1649,12.0892],[75.1834,12.0453],[75.2013,12.0059],[75.2269,12.0231],[75.243,12.0141],[75.3552,11.8599],[75.3835,11.8572],[75.4589,11.778],[75.4537,11.7712],[75.4746,11.7676],[75.5298,11.7019]],[[75.5336,11.7585],[75.5558,11.7213],[75.5318,11.7082],[75.5287,11.7269],[75.5432,11.7414],[75.5336,11.7585]]]}},{"type":"Feature","properties":{"name":"Kasaragod","state":"Kerala","level":"district"},"geometry":{"type":"Polygon","coordinates":[[[75.4159,12.293],[75.4338,12.3057],[75.4133,12.3475],[75.4247,12.3729],[75.3752,12.4018],[75.3688,12.4551],[75.3949,12.4512],[75.4256,12.4662],[75.4175,12.5028],[75.386,12.4987],[75.3729,12.4895],[75.3749,12.4748],[75.3436,12.462],[75.3375,12.4962],[75.3075,12.5027],[75.3072,12.5232],[75.2835,12.524],[75.2749,12.5455],[75.2792,12.57],[75.2938,12.5808],[75.3179,12.575],[75.3304,12.5911],[75.279,12.6175],[75.2384,12.5676],[75.225,12.5684],[75.2054,12.5863],[75.2033,12.6309],[75.1609,12.6227],[75.1445,12.639],[75.1629,12.6697],[75.1522,12.682],[75.114,12.6815],[75.0873,12.7033],[75.0843,12.672],[75.049,12.6674],[75.0457,12.6929],[75.0579,12.6922],[75.0507,12.7202],[75.0079,12.7147],[75.013,12.7283],[74.9855,12.7353],[75.0087,12.7673],[75.006,12.7909],[74.9901,12.7962],[74.9825,12.7806],[74.9547,12.7846],[74.9083,12.7679],[74.8891,12.7408],[74.868,12.75],[74.9816,12.4837],[75.073,12.3175],[75.1649,12.0892],[75.1773,12.1013],[75.1911,12.0967],[75.1946,12.1209],[75.2288,12.1368],[75.2067,12.166],[75.193,12.1473],[75.1752,12.1904],[75.2047,12.1915],[75.2343,12.2221],[75.2909,12.2341],[75.2884,12.2615],[75.3,12.2707],[75.3479,12.2686],[75.3915,12.2981],[75.4159,12.293]]]}},{"type":"Feature","properties":{"name":"Kollam","state":"Kerala","level":"district"},"geometry":{"type":"Polygon","coordinates":[[[76.6365,9.1421],[76.5606,9.1101],[76.5346,9.1449],[76.5041,9.1351],[76.5078,9.1256],[76.4678,9.1255],[76.5199,9.0138],[76.547,8.9027],[76.6185,8.8511],[76.6675,8.7808],[76.6798,8.7918],[76.6867,8.7796],[76.724,8.8037],[76.7622,8.7913],[76.7728,8.8109],[76.7943,8.8135],[76.7847,8.8194],[76.796,8.8281],[76.7771,8.8438],[76.7845,8.8625],[76.8032,8.8486],[76.818,8.8596],[76.8564,8.8139],[76.9006,8.8099],[76.9364,8.7607],[76.9829,8.7898],[77.0051,8.772],[77.0266,8.7753],[77.0101,8.8122],[77.0339,8.8426],[77.0522,8.8465],[77.1089,8.8304],[77.2165,8.7675],[77.2657,8.8418],[77.2584,8.878],[77.2246,8.9031],[77.223,8.9273],[77.203,8.92],[77.1928,8.9667],[77.152,9.0097],[77.166,9.0428],[77.1999,9.0464],[77.2092,9.0719],[77.1091,9.0945],[77.0562,9.1272],[76.9958,9.1395],[76.932,9.174],[76.9283,9.1385],[76.9619,9.1298],[76.9498,9.1171],[76.8775,9.1308],[76.8431,9.092],[76.7856,9.1139],[76.7675,9.0946],[76.7729,9.0746],[76.7603,9.0721],[76.7567,9.0885],[76.7237,9.0811],[76.6946,9.0919],[76.6786,9.0767],[76.6779,9.1141],[76.6362,9.1214],[76.6365,9.1421]]]}},{"type":"Feature","properties":{"name":"Kottayam","state":"Kerala","level":"district"},"geometry":{"type":"Polygon","coordinates":[[[76.9417,9.4452],[76.9861,9.4705],[76.9758,9.5015],[76.9631,9.5091],[76.9517,9.4899],[76.8875,9.5398],[76.8834,9.5811],[76.8969,9.5862],[76.8896,9.6192],[76.9049,9.6334],[76.9312,9.6143],[76.9198,9.6432],[76.9287,9.6532],[76.9039,9.6774],[76.8896,9.7173],[76.8687,9.7354],[76.8617,9.7296],[76.7807,9.808],[76.7559,9.8176],[76.7439,9.8044],[76.6258,9.8581],[76.6129,9.8542],[76.6185,9.8374],[76.5816,9.8432],[76.582,9.822],[76.5629,9.8204],[76.5487,9.7994],[76.5074,9.8515],[76.46,9.8485],[76.4225,9.8235],[76.39,9.8445],[76.3742,9.837],[76.3831,9.8206],[76.3669,9.7943],[76.3824,9.7515],[76.3779,9.6965],[76.4045,9.6858],[76.394,9.548],[76.4183,9.5639],[76.4352,9.5539],[76.4672,9.562],[76.4811,9.5061],[76.5124,9.4998],[76.4969,9.4435],[76.5131,9.4366],[76.5076,9.405],[76.5181,9.4005],[76.5551,9.4249],[76.561,9.4113],[76.5807,9.4222],[76.595,9.4128],[76.5932,9.4487],[76.6776,9.4848],[76.7018,9.4769],[76.7101,9.4539],[76.748,9.4742],[76.7669,9.4366],[76.8019,9.4586],[76.825,9.4457],[76.8504,9.4454],[76.8562,9.4571],[76.9267,9.4154],[76.942,9.4208],[76.9417,9.4452]]]}},{"type":"Feature","properties":{"name":"Kozhikode","state":"Kerala","level":"district"},"geometry":{"type":"Polygon","coordinates":[[[75.5365,11.6927],[75.6171,11.4775],[75.6803,11.4509],[75.6983,11.4233],[75.8001,11.1583],[75.826,11.1227],[75.8451,11.1438],[75.8576,11.1396],[75.8612,11.1661],[75.8868,11.1698],[75.8953,11.211],[75.8788,11.222],[75.9037,11.2438],[75.9199,11.2377],[75.9764,11.2692],[75.9966,11.2539],[76.0153,11.2677],[76.0468,11.2647],[76.0852,11.3074],[76.1203,11.32],[76.1192,11.3371],[76.0938,11.3517],[76.1011,11.3957],[76.133,11.427],[76.1441,11.4197],[76.1447,11.4515],[76.0887,11.4873],[76.0922,11.5099],[76.0795,11.522],[76.0386,11.5029],[75.9747,11.5461],[75.9533,11.5817],[75.9109,11.6005],[75.8987,11.6427],[75.9017,11.6757],[75.917,11.6905],[75.8521,11.7029],[75.8121,11.7427],[75.7927,11.7435],[75.8015,11.7528],[75.785,11.7606],[75.7957,11.7903],[75.7787,11.8018],[75.7519,11.8037],[75.7592,11.7885],[75.7308,11.7803],[75.7182,11.7971],[75.6932,11.7995],[75.6675,11.7592],[75.5895,11.7125],[75.6023,11.6868],[75.5711,11.6751],[75.5552,11.7032],[75.5365,11.6927]]]}},{"type":"Feature","properties":{"name":"Malappuram","state":"Kerala","level":"district"},"geometry":{"type":"Polygon","coordinates":[[[75.826,11.1227],[75.9106,10.7858],[75.9565,10.6853],[75.9786,10.6965],[76.0123,10.6897],[76.0536,10.7076],[76.0714,10.733],[76.0413,10.7563],[76.0517,10.8008],[76.029,10.8222],[76.0449,10.8482],[76.0981,10.8414],[76.1056,10.872],[76.1327,10.8785],[76.1327,10.8967],[76.1537,10.8914],[76.1715,10.9152],[76.195,10.8973],[76.2173,10.9149],[76.2349,10.886],[76.2544,10.8862],[76.2685,10.9157],[76.2975,10.9202],[76.3371,10.9059],[76.3226,10.936],[76.3301,10.9797],[76.3627,10.9742],[76.3728,10.997],[76.3362,10.9993],[76.326,11.0046],[76.3297,11.0243],[76.2901,11.0211],[76.2859,11.0351],[76.2964,11.0504],[76.328,11.051],[76.3457,11.0879],[76.3893,11.0988],[76.3868,11.1128],[76.4087,11.1182],[76.4145,11.172],[76.4036,11.2077],[76.4477,11.2029],[76.456,11.2388],[76.5234,11.2705],[76.55,11.3009],[76.5383,11.312],[76.5479,11.3601],[76.5191,11.3551],[76.5197,11.3696],[76.4577,11.3898],[76.4173,11.4231],[76.4195,11.4419],[76.3996,11.4362],[76.3424,11.4668],[76.3297,11.4528],[76.2976,11.4643],[76.2866,11.4825],[76.2485,11.4675],[76.2531,11.5022],[76.2358,11.5284],[76.2258,11.5091],[76.193,11.4985],[76.1877,11.4734],[76.1447,11.4515],[76.1441,11.4197],[76.133,11.427],[76.1196,11.4083],[76.1071,11.41],[76.0938,11.3517],[76.1192,11.3371],[76.1158,11.3148],[76.0852,11.3074],[76.0468,11.2647],[76.0153,11.2677],[75.9966,11.2539],[75.9764,11.2692],[75.9199,11.2377],[75.9037,11.2438],[75.8788,11.222],[75.8953,11.211],[75.8868,11.1698],[75.8612,11.1661],[75.8576,11.1396],[75.8451,11.1438],[75.826,11.1227]]]}},{"type":"Feature","properties":{"name":"Palakkad","state":"Kerala","level":"district"},"geometry":{"type":"Polygon","coordinates":[[[76.8393,10.3377],[76.8524,10.3691],[76.8202,10.4242],[76.844,10.5339],[76.8422,10.5944],[76.821,10.6038],[76.8173,10.6356],[76.8851,10.6389],[76.8826,10.6735],[76.8679,10.6847],[76.8961,10.7168],[76.9098,10.7803],[76.9005,10.8093],[76.8524,10.817],[76.8568,10.8379],[76.8293,10.8711],[76.7846,10.8908],[76.7442,10.8901],[76.6602,10.933],[76.6908,11.0084],[76.7176,11.0403],[76.7682,11.0337],[76.8037,11.0516],[76.7784,11.0413],[76.7482,11.0566],[76.7455,11.0729],[76.7591,11.0842],[76.7451,11.1024],[76.7496,11.1303],[76.7331,11.1315],[76.7206,11.1493],[76.7074,11.1416],[76.7019,11.1534],[76.6997,11.174],[76.7319,11.1935],[76.7362,11.2179],[76.7075,11.2403],[76.6334,11.1944],[76.6036,11.2062],[76.5312,11.1988],[76.4975,11.2113],[76.4757,11.2072],[76.4625,11.1886],[76.4477,11.2029],[76.4036,11.2077],[76.4145,11.172],[76.4087,11.1182],[76.3868,11.1128],[76.3893,11.0988],[76.3457,11.0879],[76.328,11.051],[76.2964,11.0504],[76.2859,11.0351],[76.2901,11.0211],[76.3297,11.0243],[76.326,11.0046],[76.3362,10.9993],[76.3728,10.997],[76.3627,10.9742],[76.3301,10.9797],[76.3226,10.936],[76.3371,10.9059],[76.2975,10.9202],[76.2685,10.9157],[76.2544,10.8862],[76.2349,10.886],[76.2173,10.9149],[76.195,10.8973],[76.1715,10.9152],[76.1537,10.8914],[76.1327,10.8967],[76.1327,10.8785],[76.1056,10.872],[76.0981,10.8414],[76.0449,10.8482],[76.029,10.8222],[76.0517,10.8008],[76.0408,10.7679],[76.0478,10.7424],[76.1244,10.7101],[76.1348,10.7225],[76.1584,10.7176],[76.166,10.7062],[76.205,10.7519],[76.2073,10.7685],[76.1926,10.783],[76.2431,10.774],[76.2524,10.7465],[76.2902,10.7563],[76.356,10.743],[76.3829,10.7682],[76.3981,10.7463],[76.4698,10.7525],[76.4773,10.7307],[76.4581,10.6994],[76.4422,10.6963],[76.4523,10.6648],[76.4257,10.6497],[76.4192,10.627],[76.4304,10.6145],[76.4032,10.596],[76.4407,10.557],[76.4344,10.5347],[76.4758,10.487],[76.525,10.4691],[76.5606,10.4347],[76.5902,10.4355],[76.625,10.3796],[76.663,10.3861],[76.6888,10.3637],[76.716,10.3736],[76.7654,10.3618],[76.7556,10.3362],[76.8057,10.3368],[76.8175,10.3489],[76.8393,10.3377]]]}},{"type":"Feature","properties":{"name":"Pathanamthitta","state":"Kerala","level":"district"},"geometry":{"type":"Polygon","coordinates":[[[77.2092,9.0719],[77.2135,9.0984],[77.2695,9.1532],[77.266,9.1859],[77.2542,9.1893],[77.2844,9.219],[77.285,9.2727],[77.2261,9.2964],[77.247,9.3886],[77.222,9.4212],[77.2255,9.4342],[77.1853,9.4541],[77.1827,9.472],[77.1375,9.4585],[77.1013,9.4678],[77.0606,9.4451],[77.068,9.417],[77.0223,9.4062],[77.011,9.4091],[77.0169,9.4416],[76.9711,9.4649],[76.9417,9.4452],[76.942,9.4208],[76.9267,9.4154],[76.8562,9.4571],[76.8504,9.4454],[76.825,9.4457],[76.8019,9.4586],[76.7669,9.4366],[76.748,9.4742],[76.7101,9.4539],[76.7018,9.4769],[76.6564,9.482],[76.6368,9.4625],[76.6288,9.4717],[76.5932,9.4487],[76.595,9.4128],[76.5807,9.4222],[76.561,9.4113],[76.5551,9.4249],[76.5175,9.4075],[76.5184,9.3534],[76.4768,9.3357],[76.5516,9.3251],[76.5614,9.3429],[76.5506,9.3509],[76.5685,9.356],[76.6433,9.3409],[76.6354,9.3271],[76.6553,9.2922],[76.6785,9.2826],[76.6566,9.2615],[76.6594,9.242],[76.6409,9.2336],[76.649,9.2072],[76.6925,9.1762],[76.6762,9.169],[76.6751,9.1535],[76.6392,9.1489],[76.6362,9.1214],[76.674,9.1182],[76.6786,9.0767],[76.6946,9.0919],[76.7237,9.0811],[76.7567,9.0885],[76.7603,9.0721],[76.7729,9.0746],[76.7675,9.0946],[76.7856,9.1139],[76.8431,9.092],[76.8775,9.1308],[76.9498,9.1171],[76.9619,9.1298],[76.9283,9.1385],[76.932,9.174],[76.9958,9.1395],[77.0562,9.1272],[77.1091,9.0945],[77.2092,9.0719]]]}},{"type":"Feature","properties":{"name":"Thiruvananthapuram","state":"Kerala","level":"district"},"geometry":{"type":"Polygon","coordinates":[[[76.6675,8.7808],[76.9593,8.422],[76.9845,8.3732],[77.0964,8.2905],[77.1418,8.3321],[77.1797,8.3218],[77.1752,8.3588],[77.1556,8.3549],[77.1546,8.3878],[77.1735,8.3867],[77.2084,8.4442],[77.2293,8.4472],[77.206,8.5029],[77.2259,8.514],[77.2422,8.4979],[77.2672,8.5111],[77.2848,8.5473],[77.1805,8.7248],[77.174,8.7472],[77.1953,8.7447],[77.2017,8.7708],[77.1089,8.8304],[77.0522,8.8465],[77.0339,8.8426],[77.0101,8.8122],[77.0266,8.7753],[77.0051,8.772],[76.9829,8.7898],[76.9364,8.7607],[76.9006,8.8099],[76.8564,8.8139],[76.818,8.8596],[76.8032,8.8486],[76.7845,8.8625],[76.7771,8.8438],[76.796,8.8281],[76.7847,8.8194],[76.7943,8.8135],[76.7728,8.8109],[76.7622,8.7913],[76.724,8.8037],[76.6867,8.7796],[76.6798,8.7918],[76.6675,8.7808]]]}},{"type":"Feature","properties":{"name":"Thrissur","state":"Kerala","level":"district"},"geometry":{"type":"Polygon","coordinates":[[[76.9054,10.2526],[76.8757,10.2765],[76.8776,10.2995],[76.8518,10.287],[76.8329,10.3046],[76.8393,10.3377],[76.8175,10.3489],[76.8057,10.3368],[76.7556,10.3362],[76.7654,10.3618],[76.716,10.3736],[76.6888,10.3637],[76.663,10.3861],[76.625,10.3796],[76.5902,10.4355],[76.5606,10.4347],[76.525,10.4691],[76.4758,10.487],[76.4435,10.5235],[76.4333,10.5377],[76.4407,10.557],[76.4032,10.596],[76.4304,10.6145],[76.4192,10.627],[76.4257,10.6497],[76.4523,10.6648],[76.4422,10.6963],[76.4581,10.6994],[76.4773,10.7307],[76.4698,10.7525],[76.3981,10.7463],[76.3829,10.7682],[76.356,10.743],[76.2902,10.7563],[76.2524,10.7465],[76.2431,10.774],[76.1926,10.783],[76.2073,10.7685],[76.205,10.7519],[76.166,10.7062],[76.1584,10.7176],[76.1348,10.7225],[76.1244,10.7101],[76.0701,10.7307],[76.0536,10.7076],[76.0123,10.6897],[75.9786,10.6965],[75.9565,10.6853],[76.088,10.4048],[76.1619,10.1774],[76.2215,10.207],[76.2653,10.2006],[76.2757,10.175],[76.3137,10.1843],[76.3124,10.2054],[76.3932,10.2553],[76.417,10.2941],[76.5562,10.2832],[76.5749,10.2845],[76.568,10.2939],[76.5784,10.303],[76.623,10.274],[76.6636,10.2805],[76.6973,10.2643],[76.7508,10.2783],[76.7703,10.2688],[76.8112,10.2859],[76.9054,10.2526]]]}},{"type":"Feature","properties":{"name":"Wayanad","state":"Kerala","level":"district"},"geometry":{"type":"Polygon","coordinates":[[[75.7742,11.8026],[75.7957,11.7903],[75.785,11.7606],[75.8015,11.7528],[75.7927,11.7435],[75.8121,11.7427],[75.8521,11.7029],[75.917,11.6905],[75.9017,11.6757],[75.8987,11.6427],[75.9109,11.6005],[75.9533,11.5817],[75.9747,11.5461],[76.0386,11.5029],[76.0795,11.522],[76.0922,11.5099],[76.0887,11.4873],[76.1447,11.4515],[76.1877,11.4734],[76.1834,11.4842],[76.2011,11.5063],[76.2258,11.5091],[76.2512,11.5321],[76.2339,11.5723],[76.2679,11.5948],[76.2843,11.5979],[76.3063,11.5723],[76.337,11.5966],[76.3441,11.5864],[76.3793,11.6016],[76.3886,11.6305],[76.4335,11.6315],[76.4443,11.6459],[76.4321,11.6675],[76.3684,11.6905],[76.308,11.7467],[76.2563,11.7585],[76.213,11.8273],[76.2083,11.8618],[76.1914,11.8714],[76.1237,11.8506],[76.1152,11.8587],[76.1148,11.9781],[76.0047,11.9309],[75.9307,11.9351],[75.938,11.8907],[75.9129,11.8749],[75.9329,11.8583],[75.9285,11.8428],[75.8106,11.8566],[75.7919,11.8417],[75.8003,11.8196],[75.7742,11.8026]]]}},{"type":"Feature","properties":{"name":"Ahmadnagar","state":"Maharashtra","level":"district"},"geometry":{"type":"Polygon","coordinates":[[[73.7827,19.3866],[73.8148,19.3935],[73.8638,19.3586],[73.8972,19.3749],[73.932,19.3412],[74.0011,19.3582],[74.0293,19.311],[74.0152,19.2963],[74.033,19.2844],[74.0356,19.2509],[74.0485,19.2589],[74.0544,19.2444],[74.0949,19.2269],[74.0902,19.2356],[74.1539,19.2225],[74.16,19.2034],[74.1697,19.2203],[74.2256,19.2034],[74.2659,19.2247],[74.3175,19.2087],[74.3053,19.1895],[74.2692,19.1852],[74.237,19.124],[74.2116,19.1258],[74.1762,19.0366],[74.2158,19.0076],[74.2409,18.9541],[74.2954,18.9039],[74.3226,18.8441],[74.3984,18.8311],[74.3865,18.8039],[74.4006,18.778],[74.4005,18.742],[74.4259,18.7496],[74.4519,18.7203],[74.4785,18.7223],[74.4801,18.6823],[74.5126,18.6682],[74.4755,18.6419],[74.5117,18.6166],[74.5517,18.6147],[74.5447,18.5841],[74.5825,18.5485],[74.5508,18.5145],[74.5549,18.4996],[74.5814,18.4739],[74.644,18.4507],[74.6753,18.4623],[74.6605,18.4861],[74.7059,18.5049],[74.7279,18.4804],[74.7157,18.431],[74.7355,18.3986],[74.7824,18.4086],[74.8094,18.3868],[74.7954,18.3559],[74.808,18.3453],[74.8626,18.3345],[74.8721,18.3536],[74.9083,18.3569],[74.9168,18.3778],[75.0051,18.4036],[75.0172,18.4374],[75.0795,18.4213],[75.0936,18.4346],[75.1066,18.49],[75.1266,18.4946],[75.1358,18.527],[75.1983,18.5292],[75.2163,18.5552],[75.2409,18.5442],[75.2622,18.5096],[75.3364,18.5256],[75.3468,18.5624],[75.42,18.5338],[75.457,18.5956],[75.4893,18.6248],[75.5085,18.6225],[75.5522,18.6447],[75.5495,18.683],[75.5897,18.6884],[75.5541,18.7137],[75.5577,18.7417],[75.5274,18.754],[75.5286,18.7314],[75.505,18.7239],[75.4646,18.7537],[75.4516,18.7508],[75.4417,18.7918],[75.3993,18.8315],[75.3831,18.7691],[75.3282,18.7989],[75.2777,18.733],[75.2552,18.7215],[75.2153,18.7382],[75.1751,18.7366],[75.1664,18.6628],[75.1507,18.6506],[75.0085,18.7799],[75.0095,18.8051],[74.9918,18.7972],[74.9681,18.8254],[74.9181,18.8316],[74.9227,18.8526],[74.9,18.8481],[74.8874,18.9102],[74.8695,18.8997],[74.8294,18.939],[74.8399,18.9533],[74.8134,18.9735],[74.8277,18.9888],[74.8438,18.969],[74.8792,18.9837],[74.9181,18.9608],[74.9403,18.9771],[74.9575,18.9737],[74.9533,19.0336],[74.9173,19.0406],[74.9227,19.0887],[74.9434,19.1305],[75.0552,19.0994],[75.075,19.1045],[75.08,19.1204],[75.1109,19.1244],[75.098,19.08],[75.082,19.081],[75.091,19.0695],[75.0726,19.0582],[75.1696,19.0365],[75.1823,19.0134],[75.2108,19.0235],[75.1899,19.0507],[75.1911,19.0934],[75.2235,19.1109],[75.2275,19.0664],[75.2645,19.0703],[75.2623,19.0257],[75.2752,18.9919],[75.2988,18.9784],[75.3426,18.9903],[75.348,19.0235],[75.2883,19.0328],[75.2951,19.0692],[75.2846,19.0838],[75.3162,19.0944],[75.3654,19.0769],[75.3628,19.1084],[75.3324,19.1355],[75.3391,19.1539],[75.353,19.148],[75.3558,19.1258],[75.4115,19.1346],[75.3717,19.0829],[75.4579,19.085],[75.4881,19.1043],[75.486,19.1264],[75.4347,19.1171],[75.4282,19.1371],[75.4553,19.1427],[75.4497,19.1707],[75.4292,19.1718],[75.4061,19.1996],[75.4253,19.2193],[75.4463,19.2176],[75.465,19.2529],[75.5183,19.2772],[75.5451,19.3264],[75.5202,19.3303],[75.5363,19.3756],[75.4897,19.3796],[75.4844,19.4201],[75.4537,19.4124],[75.445,19.4281],[75.3671,19.398],[75.344,19.4064],[75.3573,19.4421],[75.3329,19.4376],[75.3272,19.4638],[75.37,19.486],[75.3568,19.5013],[75.3314,19.4799],[75.3338,19.5036],[75.3154,19.4947],[75.3067,19.5084],[75.2777,19.5135],[75.2797,19.5512],[75.2585,19.524],[75.2077,19.5625],[75.1954,19.5939],[75.1563,19.5881],[75.1089,19.609],[75.0669,19.6039],[75.039,19.6247],[75.001,19.6224],[74.9674,19.6477],[74.8996,19.6445],[74.8896,19.6569],[74.8539,19.6486],[74.8258,19.673],[74.7898,19.6502],[74.7831,19.6724],[74.8073,19.7037],[74.7884,19.7172],[74.7522,19.6914],[74.7309,19.6998],[74.7309,19.7241],[74.7076,19.7225],[74.7243,19.7513],[74.714,19.7829],[74.6963,19.76],[74.6371,19.795],[74.6165,19.7729],[74.5944,19.7771],[74.6077,19.8503],[74.6618,19.8397],[74.6643,19.8617],[74.6491,19.8619],[74.6501,19.9105],[74.657,19.9228],[74.6829,19.9256],[74.6743,19.9473],[74.5745,19.9551],[74.5325,19.976],[74.4812,19.9669],[74.4864,19.9805],[74.4702,19.9883],[74.4465,19.9748],[74.387,19.9811],[74.3669,19.9661],[74.3525,19.9669],[74.3488,19.9843],[74.3208,19.986],[74.3106,19.9676],[74.291,19.9874],[74.2845,19.9595],[74.2527,19.9647],[74.2512,19.9374],[74.2739,19.9336],[74.2788,19.9088],[74.3657,19.8712],[74.3791,19.8065],[74.3347,19.7997],[74.32,19.7679],[74.2793,19.779],[74.247,19.7446],[74.1687,19.7287],[74.1546,19.6912],[74.137,19.6956],[74.1447,19.6739],[74.1225,19.6444],[74.0978,19.6404],[74.0717,19.6607],[74.0204,19.673],[73.9405,19.6735],[73.9106,19.6885],[73.9137,19.7057],[73.8977,19.7197],[73.9014,19.7488],[73.8439,19.7416],[73.8146,19.6863],[73.7962,19.6883],[73.807,19.6792],[73.7848,19.6614],[73.7949,19.6465],[73.7792,19.6325],[73.7234,19.6199],[73.6843,19.5896],[73.6395,19.5981],[73.6213,19.5877],[73.6362,19.5335],[73.6576,19.5354],[73.6695,19.5149],[73.6876,19.5168],[73.7103,19.497],[73.6769,19.4632],[73.688,19.4444],[73.7301,19.4309],[73.731,19.4151],[73.7827,19.3866]]]}},{"type":"Feature","properties":{"name":"Akola","state":"Maharashtra","level":"district"},"geometry":{"type":"Polygon","coordinates":[[[77.6167,20.7605],[77.6115,20.7987],[77.5716,20.8088],[77.5538,20.8271],[77.5518,20.8537],[77.4777,20.863],[77.4802,20.8798],[77.4629,20.8796],[77.4648,20.8559],[77.4387,20.8456],[77.3541,20.8447],[77.3285,20.8575],[77.2612,20.8468],[77.2387,20.8586],[77.1831,20.8528],[77.1611,20.8696],[77.1348,20.8639],[77.1375,20.9166],[77.1636,20.9722],[77.1368,20.9749],[77.1364,20.9878],[77.17,20.9904],[77.1744,21.0082],[77.1741,21.0235],[77.1517,21.0373],[77.1499,21.0732],[77.1767,21.0753],[77.1732,21.1204],[77.1965,21.1223],[77.1976,21.1392],[77.1646,21.1368],[77.1597,21.1461],[77.1658,21.1833],[77.1834,21.2042],[77.1654,21.2376],[77.0806,21.2176],[77.0245,21.2465],[77.0049,21.2294],[76.9998,21.2046],[76.7759,21.1894],[76.789,21.111],[76.775,21.0894],[76.7833,21.062],[76.7662,21.0392],[76.7899,21.0323],[76.7897,21.0038],[76.7769,20.9905],[76.7845,20.9718],[76.8068,20.9719],[76.8087,20.9581],[76.789,20.9624],[76.7765,20.9323],[76.7873,20.9276],[76.7864,20.909],[76.7473,20.9285],[76.6891,20.9172],[76.7243,20.8865],[76.7443,20.8907],[76.7636,20.8583],[76.7461,20.8209],[76.746,20.7989],[76.7732,20.7842],[76.7561,20.7469],[76.7612,20.7234],[76.736,20.7159],[76.7237,20.6936],[76.7385,20.6897],[76.7364,20.6571],[76.7669,20.6504],[76.7519,20.6322],[76.7729,20.6279],[76.7641,20.6035],[76.7914,20.596],[76.7711,20.576],[76.7855,20.5721],[76.7708,20.5135],[76.7537,20.5129],[76.7378,20.4924],[76.7369,20.5133],[76.713,20.5084],[76.7097,20.4714],[76.6947,20.4591],[76.7284,20.402],[76.7095,20.3861],[76.7003,20.354],[76.7478,20.3387],[76.745,20.3268],[76.7702,20.3145],[76.7706,20.323],[76.7936,20.3159],[76.7928,20.2866],[76.8224,20.281],[76.8406,20.302],[76.8643,20.2983],[76.877,20.2788],[76.9094,20.3146],[76.8929,20.3186],[76.9011,20.3411],[76.9353,20.371],[76.9803,20.3725],[76.9775,20.3831],[76.9985,20.3953],[76.9946,20.4091],[77.0183,20.4133],[77.0254,20.4509],[77.0789,20.438],[77.0863,20.4218],[77.1243,20.4103],[77.1417,20.3832],[77.1529,20.4015],[77.1933,20.4076],[77.1874,20.4493],[77.2258,20.4486],[77.242,20.429],[77.2512,20.438],[77.2962,20.4203],[77.3019,20.448],[77.3493,20.4655],[77.3471,20.4796],[77.3277,20.4858],[77.3297,20.4992],[77.372,20.4985],[77.3681,20.4803],[77.3817,20.4837],[77.3986,20.5264],[77.3369,20.5272],[77.3411,20.5772],[77.3631,20.5681],[77.3662,20.5819],[77.4046,20.5793],[77.4184,20.609],[77.4675,20.6107],[77.4346,20.6619],[77.4573,20.6545],[77.4719,20.6886],[77.4969,20.6806],[77.505,20.6648],[77.5182,20.6736],[77.5135,20.6836],[77.5442,20.6761],[77.5087,20.7106],[77.5194,20.7291],[77.5664,20.7216],[77.5918,20.7578],[77.6167,20.7605]]]}},{"type":"Feature","properties":{"name":"Amravati","state":"Maharashtra","level":"district"},"geometry":{"type":"Polygon","coordinates":[[[78.3713,21.5807],[78.3093,21.5702],[78.3052,21.5838],[78.2674,21.5924],[78.2606,21.5839],[78.2744,21.5694],[78.2206,21.5524],[78.186,21.5573],[78.1744,21.4972],[78.0686,21.4376],[77.985,21.4015],[77.9458,21.3977],[77.9434,21.3856],[77.8865,21.3764],[77.8038,21.4109],[77.7979,21.3894],[77.7519,21.3833],[77.7382,21.3634],[77.7096,21.3577],[77.6955,21.3956],[77.6715,21.3701],[77.6552,21.392],[77.6057,21.3921],[77.609,21.3656],[77.5886,21.363],[77.5666,21.3719],[77.563,21.3967],[77.5312,21.4195],[77.5146,21.3753],[77.491,21.3762],[77.4733,21.4553],[77.4393,21.4749],[77.4432,21.4877],[77.4227,21.5191],[77.4274,21.5408],[77.4615,21.5549],[77.5084,21.553],[77.5712,21.5281],[77.6114,21.5411],[77.5949,21.56],[77.5752,21.5609],[77.5755,21.6253],[77.5464,21.6992],[77.48,21.7559],[77.4819,21.7683],[77.4051,21.7542],[77.2838,21.7592],[77.2869,21.7223],[77.2283,21.7159],[77.2111,21.692],[77.175,21.7253],[77.1642,21.7118],[77.0758,21.7209],[77.0394,21.6991],[77.035,21.7242],[77.0153,21.7169],[77.0243,21.6904],[76.9042,21.5989],[76.8551,21.6131],[76.8365,21.5911],[76.7982,21.5956],[76.7831,21.5605],[76.7907,21.5382],[76.7657,21.5207],[76.7946,21.488],[76.787,21.4647],[76.7461,21.4413],[76.7348,21.407],[76.6269,21.3334],[76.6635,21.2807],[76.7248,21.2896],[76.7498,21.2538],[76.7491,21.2226],[76.7613,21.2218],[76.7667,21.1945],[76.7934,21.1853],[76.9998,21.2046],[77.0049,21.2294],[77.0245,21.2465],[77.0806,21.2176],[77.1654,21.2376],[77.1834,21.2042],[77.1658,21.1833],[77.1597,21.1461],[77.1646,21.1368],[77.1976,21.1392],[77.1965,21.1223],[77.1732,21.1204],[77.1767,21.0753],[77.1499,21.0732],[77.1517,21.0373],[77.1741,21.0235],[77.1744,21.0082],[77.17,20.9904],[77.1364,20.9878],[77.1368,20.9749],[77.1636,20.9722],[77.1375,20.9166],[77.1348,20.8639],[77.1611,20.8696],[77.1831,20.8528],[77.2387,20.8586],[77.2612,20.8468],[77.3285,20.8575],[77.3541,20.8447],[77.4387,20.8456],[77.4648,20.8559],[77.4567,20.8612],[77.4678,20.8811],[77.4802,20.8798],[77.4777,20.863],[77.5518,20.8537],[77.5538,20.8271],[77.5716,20.8088],[77.6115,20.7987],[77.6167,20.7605],[77.6371,20.7557],[77.6148,20.7196],[77.6342,20.7121],[77.6376,20.658],[77.6535,20.6632],[77.6563,20.6477],[77.6314,20.5674],[77.688,20.5803],[77.7722,20.5405],[77.8076,20.5674],[77.8121,20.5877],[77.8382,20.5661],[77.8474,20.571],[77.8473,20.5882],[77.8937,20.624],[77.9197,20.6051],[77.913,20.566],[77.9249,20.5591],[77.9347,20.5776],[77.9744,20.5907],[77.9967,20.6234],[78.0272,20.6334],[78.0218,20.6428],[78.0392,20.667],[78.0896,20.6726],[78.1009,20.6665],[78.0939,20.6415],[78.1125,20.6407],[78.1128,20.6495],[78.1319,20.6486],[78.1328,20.6649],[78.1596,20.6597],[78.1834,20.6778],[78.2096,20.6771],[78.2139,20.6899],[78.2546,20.6845],[78.2602,20.6962],[78.3,20.7017],[78.3117,20.7391],[78.2961,20.803],[78.3184,20.8236],[78.3094,20.8349],[78.2944,20.8282],[78.2562,20.887],[78.2165,20.9088],[78.185,20.9052],[78.1685,20.9435],[78.1467,20.9528],[78.1501,20.9864],[78.1381,21.0046],[78.1545,21.0754],[78.1328,21.1135],[78.1459,21.1377],[78.0951,21.1774],[78.0993,21.1997],[78.0561,21.2497],[78.0618,21.2747],[78.0823,21.2783],[78.0686,21.2993],[78.0757,21.3538],[78.1058,21.3553],[78.1585,21.3303],[78.2518,21.3291],[78.349,21.3854],[78.3743,21.395],[78.4099,21.3842],[78.4492,21.4051],[78.4309,21.4802],[78.4375,21.5188],[78.4189,21.5765],[78.4279,21.6007],[78.3848,21.6174],[78.3713,21.5807]]]}},{"type":"Feature","properties":{"name":"Aurangabad","state":"Maharashtra","level":"district"},"geometry":{"type":"Polygon","coordinates":[[[75.4537,19.4124],[75.4928,19.4406],[75.5239,19.4013],[75.5729,19.3803],[75.6107,19.3821],[75.6122,19.454],[75.6202,19.4685],[75.6329,19.4611],[75.6437,19.4868],[75.6527,19.5955],[75.6017,19.6029],[75.5918,19.6383],[75.608,19.642],[75.6112,19.6568],[75.6344,19.656],[75.6287,19.7765],[75.6462,19.7855],[75.6375,19.8143],[75.6535,19.8157],[75.6484,19.8745],[75.6689,19.9403],[75.6382,19.9557],[75.6309,20.0012],[75.6394,20.0044],[75.6057,20.0064],[75.5945,20.0239],[75.6082,20.0524],[75.5951,20.0619],[75.5902,20.1026],[75.628,20.106],[75.6496,20.1919],[75.6801,20.1916],[75.6769,20.2407],[75.6975,20.2868],[75.6866,20.31],[75.7128,20.3177],[75.7197,20.3324],[75.7742,20.3374],[75.7525,20.374],[75.7533,20.4044],[75.7381,20.4149],[75.7605,20.4277],[75.7663,20.4513],[75.7998,20.4536],[75.8264,20.4748],[75.8602,20.4625],[75.8661,20.4418],[75.9158,20.458],[75.9077,20.535],[75.9225,20.5795],[75.8749,20.6008],[75.87,20.6241],[75.8467,20.6461],[75.8321,20.6454],[75.8166,20.6152],[75.7979,20.6155],[75.7218,20.6364],[75.7067,20.6621],[75.6703,20.671],[75.6588,20.6624],[75.6609,20.6272],[75.6159,20.6247],[75.6158,20.6098],[75.5912,20.6032],[75.5376,20.6102],[75.5234,20.5909],[75.5271,20.5613],[75.5095,20.5549],[75.4965,20.5283],[75.4618,20.5535],[75.4595,20.5166],[75.4519,20.5409],[75.4294,20.5327],[75.4351,20.5138],[75.3982,20.5247],[75.395,20.575],[75.3711,20.5775],[75.3634,20.5974],[75.3222,20.5921],[75.319,20.5772],[75.2938,20.5697],[75.2609,20.5795],[75.2283,20.515],[75.2321,20.4936],[75.2126,20.4989],[75.2022,20.4769],[75.1644,20.4765],[75.162,20.437],[75.1304,20.4321],[75.1094,20.4124],[75.1264,20.35],[75.0604,20.3346],[75.0574,20.3079],[74.9963,20.3365],[74.9884,20.303],[74.9546,20.2904],[74.9359,20.2703],[74.9352,20.2473],[74.9093,20.244],[74.9121,20.2163],[74.9324,20.2143],[74.9314,20.1531],[74.9119,20.1532],[74.9,20.1774],[74.8571,20.1777],[74.8596,20.2277],[74.8298,20.2436],[74.7848,20.231],[74.8051,20.2317],[74.7853,20.2046],[74.7609,20.2001],[74.7651,20.1834],[74.725,20.1909],[74.7063,20.1152],[74.7314,20.112],[74.7392,20.0829],[74.7118,20.079],[74.7239,20.0554],[74.7113,20.0409],[74.7212,20.0218],[74.6929,20.0069],[74.6903,19.9718],[74.6762,19.9637],[74.6829,19.9256],[74.657,19.9228],[74.6501,19.9105],[74.6491,19.8619],[74.6643,19.8617],[74.6618,19.8397],[74.6077,19.8503],[74.5944,19.7771],[74.6165,19.7729],[74.6371,19.795],[74.6963,19.76],[74.714,19.7829],[74.7243,19.7513],[74.7076,19.7225],[74.7309,19.7241],[74.7309,19.6998],[74.7522,19.6914],[74.7884,19.7172],[74.8073,19.7037],[74.7891,19.6883],[74.7815,19.653],[74.8258,19.673],[74.8539,19.6486],[74.8896,19.6569],[74.8996,19.6445],[74.9674,19.6477],[75.001,19.6224],[75.039,19.6247],[75.0669,19.6039],[75.1089,19.609],[75.1563,19.5881],[75.1889,19.5965],[75.2077,19.5625],[75.2585,19.524],[75.2797,19.5512],[75.2777,19.5135],[75.3067,19.5084],[75.3154,19.4947],[75.3338,19.5036],[75.3314,19.4799],[75.3568,19.5013],[75.37,19.486],[75.3272,19.4638],[75.3329,19.4376],[75.3573,19.4421],[75.344,19.4064],[75.3671,19.398],[75.445,19.4281],[75.4537,19.4124]]]}},{"type":"Feature","properties":{"name":"Bhandara","state":"Maharashtra","level":"district"},"geometry":{"type":"Polygon","coordinates":[[[79.6541,21.557],[79.5146,21.5346],[79.4497,21.457],[79.4556,21.4295],[79.4837,21.4278],[79.4883,21.3992],[79.5573,21.3308],[79.5564,21.3068],[79.5771,21.278],[79.5536,21.2067],[79.5622,21.1565],[79.5347,21.1566],[79.5329,21.175],[79.502,21.1838],[79.5109,21.1632],[79.4931,21.1399],[79.5279,21.118],[79.5299,21.0758],[79.5545,21.0885],[79.5735,21.0678],[79.6,21.073],[79.6616,20.954],[79.6445,20.9171],[79.617,20.9031],[79.6195,20.8653],[79.6016,20.8646],[79.5834,20.843],[79.542,20.8483],[79.5608,20.8035],[79.536,20.7734],[79.5358,20.7405],[79.5094,20.7045],[79.6135,20.6917],[79.6235,20.6735],[79.696,20.6409],[79.6938,20.6693],[79.7139,20.6859],[79.7529,20.6863],[79.7622,20.7318],[79.7897,20.718],[79.8032,20.6848],[79.8946,20.6836],[79.9333,20.6671],[79.9648,20.6904],[79.9978,20.7519],[79.9861,20.7939],[79.997,20.8489],[79.977,20.8669],[79.9784,20.946],[79.996,20.9656],[80.0818,20.9672],[80.0892,20.9858],[80.1095,20.9877],[80.1014,21.0379],[80.0684,21.0285],[80.0874,21.0487],[80.0777,21.0578],[80.0813,21.1007],[80.0616,21.1059],[80.084,21.144],[80.0501,21.2108],[80.0234,21.2261],[80.0084,21.2166],[79.992,21.2305],[79.972,21.2286],[79.9422,21.2527],[79.902,21.2409],[79.8877,21.253],[79.865,21.2449],[79.8693,21.2294],[79.8328,21.2301],[79.8487,21.2456],[79.843,21.2556],[79.8571,21.2494],[79.8658,21.2587],[79.8264,21.2708],[79.8391,21.3107],[79.8157,21.3164],[79.7998,21.3774],[79.8834,21.425],[79.8811,21.4394],[79.9242,21.4824],[79.9294,21.5114],[79.9226,21.5246],[79.8634,21.5312],[79.7985,21.5813],[79.7392,21.6023],[79.6647,21.5771],[79.6541,21.557]]]}},{"type":"Feature","properties":{"name":"Bid","state":"Maharashtra","level":"district"},"geometry":{"type":"Polygon","coordinates":[[[75.5882,18.6978],[75.6221,18.662],[75.6544,18.6477],[75.6673,18.6507],[75.6737,18.6911],[75.7536,18.6811],[75.7972,18.6565],[75.8119,18.6744],[75.8597,18.6623],[75.8614,18.6511],[75.9421,18.6459],[75.9506,18.6092],[75.9976,18.6194],[75.9873,18.5964],[76.0008,18.586],[76.0111,18.6073],[76.0589,18.5741],[76.0995,18.5885],[76.1522,18.5838],[76.1598,18.5588],[76.1717,18.5858],[76.2551,18.5776],[76.2777,18.5577],[76.2807,18.575],[76.2932,18.576],[76.3529,18.5652],[76.3885,18.5422],[76.4044,18.549],[76.3805,18.5675],[76.386,18.5924],[76.4559,18.6323],[76.4891,18.6163],[76.5247,18.6552],[76.5614,18.6364],[76.6137,18.6744],[76.6668,18.6488],[76.6865,18.6926],[76.7381,18.703],[76.7278,18.75],[76.6767,18.7623],[76.6835,18.7804],[76.668,18.8197],[76.6489,18.8226],[76.6237,18.8698],[76.5889,18.8748],[76.5847,18.9455],[76.5404,18.9501],[76.5376,18.9179],[76.5236,18.9179],[76.5019,18.9517],[76.4796,18.9571],[76.4797,19.0014],[76.4571,19.0083],[76.4429,19.0389],[76.4526,19.0517],[76.4366,19.0722],[76.438,19.0963],[76.4126,19.0932],[76.3775,19.1331],[76.3491,19.0994],[76.3255,19.1077],[76.3347,19.1362],[76.3617,19.1528],[76.3528,19.1906],[76.367,19.2246],[76.3578,19.2438],[76.292,19.2633],[76.2567,19.2406],[76.2274,19.2419],[76.2293,19.2558],[76.1997,19.2853],[76.1641,19.284],[76.1601,19.2975],[76.143,19.291],[76.1021,19.3087],[76.0869,19.2811],[76.0401,19.2866],[76.02,19.3403],[75.9717,19.3],[75.9345,19.2943],[75.9062,19.3249],[75.9237,19.3769],[75.9108,19.3899],[75.8432,19.3709],[75.7829,19.3981],[75.7595,19.3891],[75.7553,19.3593],[75.6889,19.356],[75.6423,19.3814],[75.5729,19.3803],[75.5239,19.4013],[75.5091,19.4309],[75.4879,19.4402],[75.4783,19.4255],[75.4917,19.4131],[75.4881,19.383],[75.5363,19.3756],[75.5202,19.3303],[75.5451,19.3264],[75.5426,19.3091],[75.5183,19.2772],[75.465,19.2529],[75.4463,19.2176],[75.4253,19.2193],[75.4054,19.1943],[75.4292,19.1718],[75.4497,19.1707],[75.4553,19.1427],[75.4282,19.1371],[75.4347,19.1171],[75.486,19.1264],[75.4881,19.1043],[75.4579,19.085],[75.4487,19.0922],[75.3853,19.0785],[75.3698,19.0898],[75.4115,19.1346],[75.3558,19.1258],[75.353,19.148],[75.3333,19.1507],[75.3357,19.1295],[75.3628,19.1084],[75.3654,19.0769],[75.3162,19.0944],[75.2845,19.0792],[75.2951,19.0692],[75.2883,19.0328],[75.348,19.0235],[75.3426,18.9903],[75.2988,18.9784],[75.2752,18.9919],[75.2623,19.0257],[75.2645,19.0703],[75.2275,19.0664],[75.2235,19.1109],[75.1911,19.0934],[75.1899,19.0507],[75.2108,19.0235],[75.1823,19.0134],[75.1696,19.0365],[75.0726,19.0582],[75.091,19.0695],[75.082,19.081],[75.098,19.08],[75.1109,19.1244],[75.08,19.1204],[75.075,19.1045],[75.0552,19.0994],[74.9434,19.1305],[74.9227,19.0887],[74.9173,19.0406],[74.9533,19.0336],[74.954,18.9691],[74.9403,18.9771],[74.9181,18.9608],[74.8792,18.9837],[74.8438,18.969],[74.8277,18.9888],[74.8148,18.9779],[74.8364,18.9593],[74.8294,18.939],[74.8591,18.9051],[74.8874,18.9102],[74.9,18.8481],[74.9227,18.8526],[74.9181,18.8316],[74.9681,18.8254],[74.9881,18.7984],[75.0095,18.8051],[75.0085,18.7799],[75.1507,18.6506],[75.1664,18.6628],[75.1751,18.7366],[75.2153,18.7382],[75.2552,18.7215],[75.2777,18.733],[75.3282,18.7989],[75.3831,18.7691],[75.3993,18.8315],[75.4417,18.7918],[75.4516,18.7508],[75.5116,18.7239],[75.5286,18.7314],[75.5317,18.7525],[75.5577,18.7417],[75.5596,18.7065],[75.5882,18.6978]]]}},{"type":"Feature","properties":{"name":"Buldana","state":"Maharashtra","level":"district"},"geometry":{"type":"Polygon","coordinates":[[[76.3846,21.078],[76.3952,21.0147],[76.3841,20.978],[76.3687,20.9783],[76.3477,20.9503],[76.2814,20.9587],[76.2266,21.0125],[76.2013,21.0154],[76.1673,21.0406],[76.1602,21.0009],[76.0849,20.9281],[76.0815,20.9086],[76.1162,20.8938],[76.1125,20.8822],[76.0519,20.817],[76.0507,20.7888],[76.0131,20.7861],[75.9877,20.7594],[76.0169,20.732],[76.0008,20.7162],[75.9989,20.6679],[76.0119,20.6436],[76.0337,20.639],[76.0411,20.5556],[76.0193,20.5509],[76.0193,20.5309],[75.9748,20.534],[75.9514,20.5201],[75.9432,20.4962],[75.9585,20.4573],[75.943,20.4261],[75.969,20.3742],[75.943,20.3718],[75.929,20.3075],[75.9516,20.3012],[75.9761,20.317],[75.9985,20.3136],[76.0032,20.2885],[76.0319,20.289],[76.0504,20.3363],[76.084,20.3653],[76.0964,20.3461],[76.1098,20.3535],[76.1297,20.3417],[76.1271,20.3158],[76.1463,20.3116],[76.1427,20.3005],[76.1957,20.3009],[76.1672,20.2373],[76.135,20.2223],[76.152,20.2051],[76.1362,20.1993],[76.1236,20.1604],[76.1117,20.1622],[76.099,20.103],[76.0581,20.099],[76.0689,20.0702],[76.0205,20.0596],[76.0255,20.0237],[76.0139,20.0236],[76.0066,20.0048],[75.9675,19.9951],[75.9913,19.9758],[76.0175,19.9746],[76.0148,19.9538],[76.0494,19.9479],[76.0622,19.9188],[76.0814,19.9121],[76.101,19.8565],[76.1301,19.8635],[76.1409,19.8451],[76.1528,19.8565],[76.1887,19.8516],[76.2153,19.8665],[76.3404,19.8825],[76.3688,19.9262],[76.3912,19.905],[76.409,19.9203],[76.494,19.9176],[76.501,19.8841],[76.5344,19.8649],[76.5412,19.8454],[76.6113,19.8387],[76.6342,19.8668],[76.6477,19.8662],[76.6598,19.8926],[76.6482,19.9005],[76.6125,19.8911],[76.6075,19.9216],[76.6342,19.9271],[76.6388,19.9591],[76.6601,19.9636],[76.6606,19.9769],[76.6462,19.9824],[76.6596,20.0013],[76.6633,20.0485],[76.6256,20.0503],[76.6311,20.0829],[76.6484,20.069],[76.6716,20.127],[76.7594,20.1314],[76.7627,20.1623],[76.7502,20.1669],[76.748,20.2053],[76.7876,20.2036],[76.8122,20.2202],[76.8305,20.2675],[76.7893,20.2907],[76.7936,20.3159],[76.7706,20.323],[76.7702,20.3145],[76.745,20.3268],[76.7478,20.3387],[76.7003,20.354],[76.7095,20.3861],[76.7284,20.402],[76.6947,20.4591],[76.7097,20.4714],[76.7173,20.5142],[76.7397,20.5113],[76.7378,20.4924],[76.7537,20.5129],[76.7708,20.5135],[76.7855,20.5721],[76.7711,20.576],[76.7914,20.596],[76.7641,20.6035],[76.7729,20.6279],[76.7519,20.6322],[76.7669,20.6504],[76.7364,20.6571],[76.7385,20.6897],[76.7237,20.6936],[76.736,20.7159],[76.7612,20.7234],[76.7561,20.7469],[76.7732,20.7842],[76.746,20.7989],[76.7461,20.8209],[76.7636,20.8583],[76.7443,20.8907],[76.7243,20.8865],[76.6891,20.9172],[76.7473,20.9285],[76.7864,20.909],[76.7873,20.9276],[76.7765,20.9323],[76.789,20.9624],[76.8087,20.9581],[76.8068,20.9719],[76.7845,20.9718],[76.7769,20.9905],[76.7897,21.0038],[76.7899,21.0323],[76.7662,21.0392],[76.7833,21.062],[76.775,21.0894],[76.7897,21.1226],[76.7729,21.1814],[76.7845,21.1895],[76.7687,21.1924],[76.7613,21.2218],[76.7491,21.2226],[76.7498,21.2538],[76.7248,21.2896],[76.6857,21.2887],[76.6635,21.2807],[76.6609,21.2462],[76.645,21.2461],[76.6257,21.1911],[76.5616,21.2042],[76.5314,21.1877],[76.4895,21.1944],[76.4547,21.1133],[76.4137,21.1057],[76.3846,21.078]]]}},{"type":"Feature","properties":{"name":"Chandrapur","state":"Maharashtra","level":"district"},"geometry":{"type":"Polygon","coordinates":[[[79.7923,19.5966],[79.7872,19.7181],[79.7562,19.7587],[79.7442,19.8172],[79.8053,19.8937],[79.7772,19.9506],[79.7811,20.001],[79.8146,20.0295],[79.8491,20.0331],[79.8715,19.9846],[79.9128,19.9682],[79.9509,19.9854],[79.9914,20.0449],[79.9686,20.1197],[79.9125,20.1461],[79.9354,20.1882],[79.9963,20.2183],[79.9857,20.2491],[79.9457,20.2946],[79.9503,20.3275],[79.975,20.3538],[79.9607,20.3841],[79.9625,20.4156],[79.9416,20.4473],[79.9531,20.5287],[79.928,20.5528],[79.9459,20.6296],[79.9333,20.6671],[79.8946,20.6836],[79.8032,20.6848],[79.7897,20.718],[79.7622,20.7318],[79.7529,20.6863],[79.7139,20.6859],[79.6938,20.6693],[79.696,20.6409],[79.6235,20.6735],[79.6135,20.6917],[79.492,20.7046],[79.4678,20.675],[79.4353,20.6593],[79.3994,20.6579],[79.3759,20.6779],[79.3532,20.6718],[79.3578,20.6558],[79.3222,20.5838],[79.2268,20.5839],[79.2148,20.547],[79.1722,20.5129],[79.157,20.4773],[79.1398,20.4781],[79.1311,20.4546],[79.0244,20.4791],[79.0023,20.4482],[78.9902,20.4634],[78.969,20.4591],[78.9513,20.429],[78.8997,20.4378],[78.8719,20.4223],[78.8423,20.4316],[78.8561,20.4095],[78.8199,20.3934],[78.8342,20.3286],[78.8015,20.3022],[78.8205,20.2705],[78.8149,20.2517],[78.9218,20.2529],[78.9222,20.2378],[78.9631,20.2034],[78.9556,20.1689],[78.9819,20.1492],[78.971,20.1238],[79.0171,20.1134],[79.1082,20.0104],[79.1157,19.989],[79.0942,19.9777],[79.1102,19.9664],[79.094,19.9462],[79.0953,19.9153],[79.1521,19.8937],[79.1363,19.8662],[79.0669,19.8158],[79.0433,19.8178],[79.0209,19.7997],[78.9584,19.8038],[78.9409,19.7789],[78.9494,19.7492],[78.9034,19.7377],[78.8835,19.7466],[78.8755,19.7683],[78.8502,19.7607],[78.8694,19.6986],[78.8647,19.6582],[78.9219,19.6697],[78.9602,19.6654],[78.975,19.6513],[78.9689,19.6194],[78.9866,19.5872],[78.9606,19.554],[78.9989,19.5642],[79.0245,19.5422],[79.0577,19.5476],[79.0696,19.5336],[79.1028,19.5328],[79.111,19.5151],[79.1465,19.5036],[79.1954,19.4613],[79.2293,19.4704],[79.2132,19.4942],[79.243,19.5293],[79.2565,19.5801],[79.2441,19.6019],[79.2502,19.6149],[79.3113,19.5926],[79.3207,19.5681],[79.3755,19.5738],[79.4202,19.5362],[79.4479,19.5362],[79.4771,19.5003],[79.5201,19.5209],[79.5216,19.5448],[79.5494,19.5513],[79.5592,19.5229],[79.6048,19.5067],[79.6226,19.5615],[79.6465,19.5779],[79.7198,19.5863],[79.7472,19.6061],[79.7923,19.5966]]]}},{"type":"Feature","properties":{"name":"Dhule","state":"Maharashtra","level":"district"},"geometry":{"type":"Polygon","coordinates":[[[74.7731,21.614],[74.7578,21.576],[74.7551,21.4765],[74.6995,21.471],[74.6868,21.403],[74.6395,21.4],[74.6095,21.4158],[74.5738,21.404],[74.5218,21.43],[74.499,21.4278],[74.4957,21.3924],[74.5096,21.3901],[74.4801,21.3536],[74.4765,21.3064],[74.4989,21.2907],[74.4928,21.2401],[74.4391,21.2377],[74.4335,21.2635],[74.4096,21.2583],[74.4096,21.2675],[74.3561,21.2522],[74.3572,21.2336],[74.344,21.2296],[74.3184,21.2343],[74.3155,21.2475],[74.2858,21.2393],[74.2583,21.2588],[74.1817,21.2094],[74.1622,21.2166],[74.1577,21.2324],[74.1471,21.2092],[74.1154,21.2118],[74.0592,21.1718],[74.0841,21.1369],[74.0521,21.128],[74.0418,21.1449],[74.0207,21.1445],[74.0183,21.1034],[74.004,21.1202],[73.9766,21.1116],[73.9524,21.0865],[73.9557,21.0323],[73.9103,21.0409],[73.8575,21.0305],[73.852,20.9973],[73.9013,20.9827],[73.9103,20.9644],[73.8966,20.9613],[73.8911,20.9326],[73.9222,20.8987],[73.9259,20.848],[73.9463,20.839],[73.9692,20.8519],[74.0226,20.8363],[74.0267,20.8514],[74.0489,20.8362],[74.0617,20.8488],[74.0984,20.8417],[74.1272,20.8656],[74.1458,20.8527],[74.1687,20.8634],[74.2365,20.8502],[74.2919,20.8558],[74.3371,20.8389],[74.3498,20.8597],[74.3593,20.8435],[74.3863,20.8408],[74.3978,20.8599],[74.4063,20.8363],[74.3887,20.8352],[74.439,20.8019],[74.4794,20.8317],[74.5133,20.8085],[74.5405,20.8351],[74.5686,20.8237],[74.5736,20.8333],[74.5834,20.8146],[74.666,20.7748],[74.6518,20.6955],[74.7111,20.6898],[74.7391,20.6682],[74.7994,20.6603],[74.8044,20.6368],[74.8159,20.6343],[74.9304,20.658],[74.9569,20.6947],[74.9612,20.7162],[74.952,20.721],[74.9921,20.737],[74.9894,20.7737],[74.9629,20.8054],[74.9874,20.8228],[74.9685,20.8521],[74.9629,20.9057],[74.9151,20.9274],[74.9136,20.9626],[74.9312,20.9615],[74.9307,20.9782],[74.9176,20.9905],[74.9111,21.0325],[74.859,21.0637],[74.8718,21.102],[74.8876,21.1138],[74.8939,21.1519],[74.9644,21.1923],[74.9447,21.2255],[74.9746,21.2214],[75.0002,21.1879],[75.0338,21.1926],[75.0429,21.2117],[75.1053,21.2365],[75.1312,21.2749],[75.0904,21.2932],[75.1308,21.2981],[75.1529,21.3235],[75.1225,21.3443],[75.1492,21.3497],[75.137,21.3662],[75.1425,21.3847],[75.162,21.4033],[75.2066,21.4142],[75.1141,21.4579],[75.0523,21.5655],[74.9198,21.6108],[74.8976,21.6292],[74.8626,21.6322],[74.8283,21.6088],[74.7731,21.614]]]}},{"type":"Feature","properties":{"name":"Gadchiroli","state":"Maharashtra","level":"district"},"geometry":{"type":"Polygon","coordinates":[[[80.5476,20.1129],[80.4984,20.1444],[80.4585,20.1477],[80.4468,20.132],[80.401,20.1468],[80.3932,20.1656],[80.4211,20.1931],[80.3901,20.2444],[80.4726,20.2743],[80.518,20.2723],[80.5492,20.3096],[80.6239,20.3285],[80.5932,20.3981],[80.6107,20.4358],[80.6019,20.4489],[80.6295,20.6061],[80.5745,20.6146],[80.519,20.5873],[80.4887,20.6192],[80.5147,20.6567],[80.5855,20.6809],[80.5527,20.7673],[80.563,20.8215],[80.5064,20.832],[80.4157,20.8241],[80.3811,20.8055],[80.3321,20.8202],[80.3048,20.7143],[80.2836,20.7028],[80.2738,20.6722],[80.2487,20.6724],[80.2419,20.6536],[80.1619,20.6875],[80.1374,20.6783],[80.0874,20.6893],[80.0587,20.7083],[80.0372,20.6982],[80.0188,20.6668],[79.9618,20.6912],[79.9348,20.6767],[79.9459,20.6296],[79.928,20.5528],[79.9531,20.5287],[79.9416,20.4473],[79.9625,20.4156],[79.9607,20.3841],[79.975,20.3538],[79.9503,20.3275],[79.9457,20.2946],[79.9857,20.2491],[79.9963,20.2183],[79.9354,20.1882],[79.9125,20.1461],[79.9686,20.1197],[79.9914,20.0449],[79.9509,19.9854],[79.9128,19.9682],[79.8715,19.9846],[79.8491,20.0331],[79.7991,20.0209],[79.7726,19.9726],[79.8053,19.8937],[79.7442,19.8172],[79.7562,19.7587],[79.7872,19.7181],[79.7932,19.5927],[79.8235,19.5721],[79.8351,19.5402],[79.9472,19.4679],[79.9801,19.4046],[79.9643,19.3382],[79.9689,19.3012],[79.9273,19.2302],[79.9504,19.1745],[79.8652,19.1081],[79.8667,19.0387],[79.9233,19.0515],[79.9417,19.0259],[79.9463,18.8634],[79.9328,18.8421],[79.9013,18.8353],[79.9393,18.789],[80.0197,18.7715],[80.0538,18.7258],[80.1183,18.6812],[80.1656,18.701],[80.1785,18.6825],[80.1965,18.6807],[80.2155,18.7056],[80.2543,18.7065],[80.2751,18.7231],[80.2497,18.7648],[80.2794,18.7673],[80.3018,18.7957],[80.3538,18.8162],[80.3433,18.8611],[80.2751,18.9336],[80.2752,18.992],[80.3009,19.0263],[80.2963,19.0509],[80.3296,19.0795],[80.339,19.1056],[80.3323,19.146],[80.3941,19.1935],[80.3866,19.237],[80.4529,19.2743],[80.4831,19.3394],[80.5214,19.3526],[80.5753,19.4052],[80.6177,19.3117],[80.6795,19.331],[80.6918,19.3246],[80.6952,19.2889],[80.7569,19.2915],[80.8513,19.3689],[80.8217,19.3859],[80.7955,19.4312],[80.8751,19.4481],[80.8959,19.4648],[80.8936,19.5127],[80.8528,19.5337],[80.8352,19.567],[80.7739,19.5726],[80.7655,19.5944],[80.7285,19.6125],[80.6649,19.6159],[80.6733,19.6961],[80.547,19.7782],[80.5498,19.8228],[80.5148,19.8334],[80.4764,19.8281],[80.4668,19.8148],[80.4875,19.799],[80.4854,19.776],[80.4597,19.7964],[80.402,19.798],[80.4048,19.8196],[80.4389,19.8137],[80.5048,19.8722],[80.4899,19.9022],[80.4517,19.8969],[80.4149,19.9091],[80.4135,19.9357],[80.4509,19.9559],[80.4877,19.9311],[80.5277,19.9342],[80.5528,19.9904],[80.5398,20.0071],[80.5534,20.0688],[80.5476,20.1129]]]}},{"type":"Feature","properties":{"name":"Gondiya","state":"Maharashtra","level":"district"},"geometry":{"type":"Polygon","coordinates":[[[79.9226,21.5246],[79.9262,21.487],[79.8811,21.4394],[79.8834,21.425],[79.7998,21.3774],[79.8157,21.3164],[79.8391,21.3107],[79.8264,21.2708],[79.8658,21.2587],[79.8571,21.2494],[79.843,21.2556],[79.8487,21.2456],[79.8328,21.2301],[79.8693,21.2294],[79.865,21.2449],[79.8877,21.253],[79.902,21.2409],[79.9422,21.2527],[79.972,21.2286],[79.992,21.2305],[80.0084,21.2166],[80.0234,21.2261],[80.0501,21.2108],[80.084,21.144],[80.0616,21.1059],[80.0813,21.1007],[80.0777,21.0578],[80.0874,21.0487],[80.0684,21.0285],[80.1014,21.0379],[80.1095,20.9877],[80.0892,20.9858],[80.0818,20.9672],[79.996,20.9656],[79.9784,20.946],[79.977,20.8669],[79.997,20.8489],[79.9861,20.7939],[79.9987,20.7601],[79.9648,20.6904],[80.0188,20.6668],[80.0372,20.6982],[80.0587,20.7083],[80.0874,20.6893],[80.1374,20.6783],[80.1619,20.6875],[80.2419,20.6536],[80.2487,20.6724],[80.2738,20.6722],[80.2836,20.7028],[80.3048,20.7143],[80.3321,20.8202],[80.3811,20.8055],[80.4157,20.8241],[80.5064,20.832],[80.563,20.8215],[80.549,20.9356],[80.4724,20.9289],[80.4558,20.9468],[80.4308,21.011],[80.4544,21.038],[80.4404,21.0984],[80.4563,21.1132],[80.4457,21.1226],[80.4644,21.174],[80.5147,21.1837],[80.5278,21.2047],[80.5649,21.2052],[80.6394,21.2485],[80.662,21.2907],[80.6801,21.2995],[80.6727,21.3233],[80.6589,21.3323],[80.6249,21.3203],[80.6003,21.3259],[80.5255,21.3908],[80.4925,21.3985],[80.4554,21.4031],[80.4475,21.3729],[80.4104,21.3773],[80.3961,21.4081],[80.4183,21.4389],[80.3776,21.5215],[80.3314,21.5492],[80.3273,21.5738],[80.2989,21.5784],[80.2672,21.6204],[80.2232,21.6206],[80.1963,21.6344],[80.1548,21.6065],[80.1218,21.6072],[80.0704,21.5548],[80.035,21.5575],[80.0003,21.5349],[79.9732,21.5573],[79.9432,21.5569],[79.9226,21.5246]]]}},{"type":"Feature","properties":{"name":"Hingoli","state":"Maharashtra","level":"district"},"geometry":{"type":"Polygon","coordinates":[[[76.6793,19.8468],[76.6342,19.8668],[76.6113,19.8387],[76.5338,19.851],[76.5129,19.8303],[76.5999,19.821],[76.6149,19.7877],[76.6018,19.7741],[76.6128,19.7698],[76.6359,19.7986],[76.6526,19.771],[76.7019,19.7528],[76.7255,19.7721],[76.7308,19.7373],[76.7454,19.7301],[76.7418,19.7128],[76.7631,19.6842],[76.7831,19.7327],[76.7927,19.6675],[76.8102,19.6822],[76.8202,19.6677],[76.8281,19.6731],[76.8167,19.7058],[76.8516,19.7049],[76.8645,19.6752],[76.8569,19.6477],[76.8764,19.6428],[76.8691,19.6221],[76.8999,19.6431],[76.9143,19.6402],[76.9238,19.6],[76.895,19.587],[76.891,19.5406],[76.8656,19.5421],[76.8662,19.5026],[76.8891,19.4764],[76.8846,19.4548],[76.9027,19.4433],[76.9139,19.4545],[76.9346,19.4506],[76.9038,19.3783],[76.9117,19.355],[76.9341,19.3511],[76.9126,19.3483],[76.9148,19.3187],[76.9408,19.3137],[76.9464,19.3255],[76.983,19.3351],[76.9995,19.2992],[77.0347,19.2974],[77.0243,19.2757],[77.0379,19.2625],[77.0915,19.2702],[77.1109,19.2441],[77.1293,19.2516],[77.1554,19.2292],[77.1741,19.2408],[77.1884,19.2338],[77.2235,19.2746],[77.2389,19.2744],[77.245,19.3215],[77.2807,19.3154],[77.3109,19.3307],[77.3145,19.3546],[77.3868,19.3416],[77.4204,19.3773],[77.4504,19.3834],[77.4379,19.4077],[77.4531,19.4403],[77.473,19.4374],[77.4782,19.456],[77.491,19.4577],[77.4904,19.4959],[77.4768,19.4889],[77.4709,19.4992],[77.4695,19.564],[77.4546,19.568],[77.4818,19.6006],[77.4604,19.613],[77.4707,19.6653],[77.4467,19.6883],[77.452,19.7005],[77.4365,19.73],[77.414,19.7442],[77.3974,19.7264],[77.3839,19.7294],[77.3877,19.7666],[77.4106,19.7732],[77.3842,19.7887],[77.3906,19.8216],[77.3629,19.8157],[77.3475,19.8258],[77.3469,19.8344],[77.3642,19.8336],[77.3573,19.846],[77.3671,19.8522],[77.3486,19.874],[77.3243,19.8856],[77.2993,19.8802],[77.2989,19.8932],[77.3157,19.8904],[77.3168,19.9102],[77.2934,19.8999],[77.2798,19.917],[77.2697,19.8978],[77.2416,19.8929],[77.2494,19.9063],[77.2149,19.9368],[77.1976,19.998],[77.1487,20.002],[77.0853,19.9579],[77.0471,20.0078],[77.0159,20.0032],[76.994,20.0183],[76.9898,19.9967],[76.9016,19.9632],[76.8969,19.9466],[76.8378,19.9614],[76.8242,19.9273],[76.7741,19.9333],[76.768,19.9043],[76.7472,19.9072],[76.7401,19.8726],[76.6921,19.873],[76.6793,19.8468]]]}},{"type":"Feature","properties":{"name":"Jalgaon","state":"Maharashtra","level":"district"},"geometry":{"type":"Polygon","coordinates":[[[75.2066,21.4142],[75.162,21.4033],[75.1425,21.3847],[75.137,21.3662],[75.1492,21.3497],[75.1225,21.3443],[75.1529,21.3235],[75.1308,21.2981],[75.0904,21.2932],[75.1312,21.2749],[75.1053,21.2365],[75.0429,21.2117],[75.0338,21.1926],[75.0002,21.1879],[74.9746,21.2214],[74.9447,21.2255],[74.9644,21.1923],[74.8939,21.1519],[74.8876,21.1138],[74.859,21.0637],[74.8658,21.0518],[74.8921,21.053],[74.9222,21.0111],[74.9176,20.9905],[74.9317,20.9677],[74.9136,20.9626],[74.9151,20.9274],[74.9629,20.9057],[74.9685,20.8521],[74.9874,20.8228],[74.9629,20.8054],[74.9952,20.7493],[74.99,20.7341],[74.952,20.721],[74.9612,20.7162],[74.9569,20.6947],[74.9304,20.658],[74.8159,20.6343],[74.7967,20.5401],[74.7629,20.5392],[74.7871,20.5007],[74.7745,20.4712],[74.7967,20.4772],[74.8072,20.4453],[74.843,20.4105],[74.8296,20.4031],[74.8517,20.3833],[74.8686,20.3357],[74.858,20.2861],[74.8711,20.2776],[74.9444,20.2711],[74.972,20.3047],[74.9884,20.303],[74.9963,20.3365],[75.0574,20.3079],[75.0604,20.3346],[75.1264,20.35],[75.1094,20.4124],[75.1304,20.4321],[75.162,20.437],[75.1644,20.4765],[75.2022,20.4769],[75.2126,20.4989],[75.2321,20.4936],[75.2283,20.515],[75.2609,20.5795],[75.2938,20.5697],[75.319,20.5772],[75.3222,20.5921],[75.3634,20.5974],[75.3711,20.5775],[75.395,20.575],[75.3982,20.5247],[75.4351,20.5138],[75.4294,20.5327],[75.4519,20.5409],[75.4595,20.5166],[75.4618,20.5535],[75.4965,20.5283],[75.5095,20.5549],[75.5271,20.5613],[75.5234,20.5909],[75.5376,20.6102],[75.5912,20.6032],[75.6158,20.6098],[75.6159,20.6247],[75.6609,20.6272],[75.6588,20.6624],[75.6703,20.671],[75.7067,20.6621],[75.7218,20.6364],[75.7979,20.6155],[75.8166,20.6152],[75.8321,20.6454],[75.8467,20.6461],[75.87,20.6241],[75.8749,20.6008],[75.9225,20.5795],[75.9343,20.6003],[75.9557,20.607],[75.958,20.6255],[75.9919,20.6237],[76.0094,20.6365],[75.9979,20.6971],[76.0008,20.7162],[76.0182,20.7246],[75.9877,20.7594],[76.0131,20.7861],[76.0507,20.7888],[76.0519,20.817],[76.1125,20.8822],[76.1162,20.8938],[76.0815,20.9086],[76.0849,20.9281],[76.1602,21.0009],[76.1673,21.0406],[76.2013,21.0154],[76.2266,21.0125],[76.2814,20.9587],[76.3477,20.9503],[76.3687,20.9783],[76.3841,20.978],[76.3988,21.0331],[76.3846,21.078],[76.2833,21.0738],[76.2637,21.0932],[76.174,21.0831],[76.1698,21.1039],[76.1369,21.1246],[76.1374,21.1478],[76.1156,21.1688],[76.1682,21.1691],[76.1741,21.1867],[76.1654,21.2225],[76.1461,21.2325],[76.1606,21.2574],[76.1306,21.2958],[76.1,21.3721],[76.0536,21.3509],[75.9698,21.3922],[75.889,21.3978],[75.8334,21.3815],[75.7334,21.3915],[75.6738,21.3786],[75.6297,21.3795],[75.6091,21.3932],[75.5482,21.3708],[75.4683,21.3925],[75.398,21.3813],[75.361,21.4015],[75.3013,21.3876],[75.299,21.414],[75.2584,21.4036],[75.2066,21.4142]]]}},{"type":"Feature","properties":{"name":"Jalna","state":"Maharashtra","level":"district"},"geometry":{"type":"Polygon","coordinates":[[[76.5129,19.8303],[76.5344,19.8649],[76.501,19.8841],[76.494,19.9176],[76.4835,19.9197],[76.409,19.9203],[76.3912,19.905],[76.3688,19.9262],[76.3404,19.8825],[76.299,19.8702],[76.2574,19.8739],[76.1887,19.8516],[76.1528,19.8565],[76.1409,19.8451],[76.1301,19.8635],[76.101,19.8565],[76.0814,19.9121],[76.0622,19.9188],[76.0494,19.9479],[76.0148,19.9538],[76.0175,19.9746],[75.9705,19.9901],[75.9694,20.0028],[76.0066,20.0048],[76.0139,20.0236],[76.0255,20.0237],[76.0205,20.0596],[76.0689,20.0702],[76.0581,20.099],[76.099,20.103],[76.1117,20.1622],[76.1236,20.1604],[76.1362,20.1993],[76.152,20.2051],[76.135,20.2223],[76.1672,20.2373],[76.1957,20.3009],[76.1427,20.3005],[76.1463,20.3116],[76.1271,20.3158],[76.1297,20.3417],[76.1098,20.3535],[76.0964,20.3461],[76.084,20.3653],[76.0504,20.3363],[76.0319,20.289],[76.0032,20.2885],[75.9985,20.3136],[75.9761,20.317],[75.9516,20.3012],[75.929,20.3075],[75.943,20.3718],[75.969,20.3742],[75.943,20.4261],[75.9585,20.4573],[75.9432,20.4962],[75.9514,20.5201],[75.9748,20.534],[76.0193,20.5309],[76.0193,20.5509],[76.0411,20.5556],[76.0337,20.639],[76.0188,20.6461],[75.9919,20.6237],[75.958,20.6255],[75.9557,20.607],[75.9343,20.6003],[75.9225,20.5795],[75.9077,20.535],[75.9111,20.4502],[75.8661,20.4418],[75.8602,20.4625],[75.8264,20.4748],[75.7998,20.4536],[75.7663,20.4513],[75.7605,20.4277],[75.7381,20.4149],[75.7533,20.4044],[75.7525,20.374],[75.7742,20.3374],[75.7197,20.3324],[75.7128,20.3177],[75.6866,20.31],[75.6975,20.2868],[75.6769,20.2407],[75.6801,20.1916],[75.6496,20.1919],[75.628,20.106],[75.5902,20.1026],[75.5951,20.0619],[75.6082,20.0524],[75.5945,20.0239],[75.6057,20.0064],[75.6394,20.0044],[75.6309,20.0012],[75.6382,19.9557],[75.6689,19.9403],[75.6484,19.8745],[75.6535,19.8157],[75.6375,19.8143],[75.6462,19.7855],[75.6287,19.7765],[75.6344,19.656],[75.6112,19.6568],[75.608,19.642],[75.5918,19.6383],[75.6017,19.6029],[75.6527,19.5955],[75.658,19.5673],[75.6357,19.4651],[75.6202,19.4685],[75.6122,19.454],[75.6107,19.3821],[75.6423,19.3814],[75.6889,19.356],[75.7553,19.3593],[75.7595,19.3891],[75.7829,19.3981],[75.8432,19.3709],[75.9168,19.3889],[75.9237,19.3769],[75.9062,19.3249],[75.9345,19.2943],[75.9717,19.3],[76.02,19.3403],[76.0401,19.2866],[76.0869,19.2811],[76.1021,19.3087],[76.2101,19.2782],[76.2225,19.2944],[76.211,19.2989],[76.2141,19.3189],[76.2359,19.314],[76.2427,19.3385],[76.2805,19.3448],[76.2625,19.3579],[76.2861,19.367],[76.2917,19.4327],[76.3043,19.4326],[76.3161,19.4647],[76.3421,19.4546],[76.3457,19.4706],[76.3663,19.469],[76.3794,19.5368],[76.4433,19.5414],[76.4493,19.5833],[76.4346,19.6022],[76.4528,19.6127],[76.4508,19.6603],[76.4722,19.6791],[76.4887,19.6776],[76.486,19.7205],[76.4595,19.7235],[76.4608,19.7472],[76.4865,19.7438],[76.4946,19.7609],[76.5116,19.7629],[76.4846,19.7935],[76.5125,19.8009],[76.5129,19.8303]]]}},{"type":"Feature","properties":{"name":"Kolhapur","state":"Maharashtra","level":"district"},"geometry":{"type":"Polygon","coordinates":[[[74.6833,16.6815],[74.7014,16.7348],[74.6491,16.7519],[74.6421,16.7775],[74.615,16.7959],[74.5608,16.807],[74.5182,16.8573],[74.4993,16.8301],[74.4959,16.8576],[74.4717,16.8679],[74.4618,16.8524],[74.4095,16.845],[74.4165,16.878],[74.4038,16.8807],[74.3623,16.8542],[74.356,16.8707],[74.2984,16.8925],[74.2827,16.9163],[74.245,16.886],[74.2244,16.9115],[74.2133,16.8931],[74.1713,16.899],[74.1491,16.8847],[74.122,16.9123],[74.0675,16.9042],[74.0246,16.9429],[74.0238,16.9851],[73.9723,16.9939],[73.9821,17.0349],[73.9414,17.0695],[73.918,17.0688],[73.9029,17.1031],[73.8504,17.1535],[73.7817,17.1809],[73.771,17.1721],[73.778,17.1526],[73.751,17.153],[73.7445,17.1761],[73.6905,17.1592],[73.6953,17.1395],[73.7405,17.1224],[73.748,17.1321],[73.8087,17.0864],[73.805,17.0625],[73.8357,17.0547],[73.8242,17.0388],[73.8354,17.0266],[73.835,16.9915],[73.7888,16.9936],[73.7669,16.9634],[73.7909,16.9422],[73.7942,16.9129],[73.7622,16.9047],[73.7406,16.9135],[73.7703,16.8549],[73.7534,16.8352],[73.7389,16.8445],[73.7133,16.8307],[73.754,16.8138],[73.7632,16.771],[73.7816,16.7832],[73.7928,16.7636],[73.8202,16.7659],[73.8421,16.7397],[73.8144,16.7074],[73.8617,16.6815],[73.8537,16.6366],[73.8644,16.6092],[73.8337,16.5473],[73.8192,16.5458],[73.8494,16.5272],[73.8547,16.4881],[73.886,16.4756],[73.8896,16.4584],[73.8389,16.4039],[73.8674,16.3746],[73.8368,16.3468],[73.8499,16.3262],[73.8423,16.3177],[73.8483,16.301],[73.8581,16.3159],[73.8675,16.3101],[73.9058,16.3292],[73.9036,16.305],[73.8827,16.2803],[73.9212,16.2468],[73.8941,16.2318],[73.9452,16.2439],[73.927,16.2198],[73.9286,16.201],[73.9609,16.2012],[73.9433,16.1877],[73.9479,16.1731],[73.9171,16.1733],[73.911,16.1362],[73.8684,16.1474],[73.8683,16.1392],[73.8469,16.1532],[73.856,16.1366],[73.8368,16.0948],[73.8462,16.0797],[73.8592,16.0759],[73.8465,16.0962],[73.8614,16.1081],[73.8996,16.0899],[73.9087,16.1006],[73.9986,16.0893],[74.0029,16.0386],[74.0497,16.0351],[74.0577,16.052],[74.0885,16.0166],[74.0919,16.0073],[74.047,15.9576],[74.0673,15.9415],[74.0746,15.9491],[74.0939,15.8726],[74.0334,15.8348],[74.0362,15.8044],[74.0957,15.8404],[74.1124,15.8225],[74.1455,15.8325],[74.1431,15.8225],[74.1604,15.8223],[74.1565,15.7887],[74.1746,15.7752],[74.2297,15.7899],[74.2295,15.757],[74.2444,15.7443],[74.2684,15.7562],[74.2867,15.7424],[74.3244,15.7735],[74.3457,15.7664],[74.3597,15.7767],[74.3707,15.8042],[74.3612,15.8185],[74.3834,15.8435],[74.3393,15.8551],[74.369,15.8946],[74.3836,15.8495],[74.4066,15.8556],[74.3868,15.9041],[74.4303,15.9541],[74.4655,16.0434],[74.4356,16.0599],[74.3849,16.038],[74.3734,16.0395],[74.3766,16.0564],[74.3629,16.0558],[74.3758,16.0811],[74.3921,16.0813],[74.4296,16.1135],[74.4844,16.0902],[74.4924,16.1152],[74.4811,16.1498],[74.5087,16.204],[74.4793,16.2495],[74.4684,16.2413],[74.4175,16.2602],[74.4162,16.2833],[74.3861,16.2783],[74.3852,16.2929],[74.3479,16.2945],[74.3545,16.2823],[74.3284,16.2708],[74.3263,16.2889],[74.3433,16.2941],[74.3266,16.3134],[74.3318,16.326],[74.3175,16.3278],[74.3179,16.3425],[74.3289,16.3432],[74.3199,16.3819],[74.3376,16.3933],[74.3563,16.3674],[74.3638,16.3969],[74.3372,16.4031],[74.3334,16.4547],[74.2906,16.4616],[74.2942,16.5051],[74.2832,16.5063],[74.263,16.4785],[74.2473,16.4974],[74.28,16.5059],[74.2706,16.547],[74.2839,16.5251],[74.3013,16.5317],[74.3085,16.5046],[74.3183,16.5088],[74.3239,16.5559],[74.3407,16.5489],[74.3602,16.5596],[74.357,16.5413],[74.3847,16.5304],[74.3983,16.5811],[74.4675,16.6075],[74.4579,16.6469],[74.4725,16.6632],[74.4932,16.6291],[74.5469,16.6357],[74.5453,16.5947],[74.561,16.5929],[74.5551,16.5623],[74.5699,16.5543],[74.6127,16.5705],[74.6197,16.5844],[74.6324,16.5783],[74.6386,16.6093],[74.6894,16.6098],[74.6564,16.64],[74.6677,16.666],[74.6921,16.6774],[74.6833,16.6815]]]}},{"type":"Feature","properties":{"name":"Latur","state":"Maharashtra","level":"district"},"geometry":{"type":"Polygon","coordinates":[[[77.2681,18.4205],[77.2572,18.4544],[77.2871,18.4544],[77.3016,18.4775],[77.2665,18.4774],[77.2492,18.4918],[77.2971,18.548],[77.2673,18.5662],[77.2713,18.6117],[77.2149,18.6255],[77.2005,18.648],[77.1565,18.6471],[77.1601,18.6811],[77.195,18.6902],[77.1828,18.7032],[77.1373,18.7116],[77.137,18.699],[77.0472,18.6837],[77.0541,18.7732],[77.0088,18.7678],[76.9961,18.8281],[76.9078,18.8366],[76.8733,18.829],[76.8549,18.8074],[76.8397,18.8144],[76.7848,18.7942],[76.7825,18.7773],[76.7463,18.7749],[76.7278,18.75],[76.737,18.7005],[76.6865,18.6926],[76.6668,18.6488],[76.6137,18.6744],[76.5614,18.6364],[76.5247,18.6552],[76.4891,18.6163],[76.4559,18.6323],[76.386,18.5924],[76.3805,18.5675],[76.4044,18.549],[76.3885,18.5422],[76.3529,18.5652],[76.2807,18.575],[76.2756,18.5391],[76.2561,18.5195],[76.2561,18.4868],[76.2727,18.4686],[76.2643,18.4646],[76.2724,18.4208],[76.2339,18.434],[76.2011,18.3994],[76.26,18.3653],[76.2891,18.3866],[76.286,18.3414],[76.3194,18.3297],[76.312,18.2703],[76.2842,18.249],[76.3032,18.2141],[76.2829,18.1828],[76.2778,18.1402],[76.3221,18.0773],[76.3825,18.0901],[76.4001,18.0538],[76.4292,18.0311],[76.5333,18.0218],[76.5692,18.0402],[76.6131,18.0386],[76.6081,18.0112],[76.6861,17.9883],[76.6903,17.9712],[76.6747,17.9677],[76.6763,17.9227],[76.7251,17.9186],[76.8054,17.8708],[76.8109,17.8855],[76.8566,17.9003],[76.884,17.8955],[76.9031,17.9172],[76.9193,17.9176],[76.9206,18.0356],[76.9576,18.042],[76.9499,18.0761],[76.9712,18.0994],[76.9254,18.1183],[76.9282,18.147],[76.9466,18.1569],[76.957,18.1871],[76.9944,18.1888],[77.0007,18.1691],[77.027,18.1649],[77.0247,18.1805],[77.0359,18.186],[77.0608,18.1547],[77.1121,18.155],[77.1196,18.1699],[77.0987,18.1974],[77.1533,18.2188],[77.1511,18.2399],[77.1739,18.2831],[77.2096,18.2802],[77.1988,18.3149],[77.2134,18.316],[77.2343,18.3678],[77.2485,18.3727],[77.2363,18.3883],[77.2437,18.4108],[77.2681,18.4205]]]}},{"type":"Feature","properties":{"name":"Mumbai","state":"Maharashtra","level":"district"},"geometry":{"type":"Polygon","coordinates":[[[72.8842,19.0017],[72.8697,19.0525],[72.8252,19.0319],[72.8173,19.0393],[72.8122,18.9902],[72.7917,18.9488],[72.8047,18.8868],[72.8451,18.9242],[72.865,19.0014],[72.8842,19.0017]]]}},{"type":"Feature","properties":{"name":"Mumbai Suburban","state":"Maharashtra","level":"district"},"geometry":{"type":"MultiPolygon","coordinates":[[[[72.7846,19.2633],[72.7759,19.2239],[72.782,19.1936],[72.7969,19.1983],[72.7815,19.1579],[72.7867,19.1293],[72.8025,19.1442],[72.8226,19.1109],[72.8189,19.0332],[72.8697,19.0525],[72.8842,19.0017],[72.9105,18.9906],[72.9735,19.0597],[72.9689,19.0942],[72.984,19.1567],[72.9723,19.1774],[72.9385,19.1904],[72.9088,19.2474],[72.8572,19.2693],[72.826,19.2453],[72.7846,19.2633]]],[[[72.7796,19.1345],[72.7824,19.1348],[72.781,19.1363],[72.7796,19.1345]]]]}},{"type":"Feature","properties":{"name":"Nagpur","state":"Maharashtra","level":"district"},"geometry":{"type":"Polygon","coordinates":[[[78.4355,21.5007],[78.4492,21.4051],[78.4099,21.3842],[78.3743,21.395],[78.349,21.3854],[78.2518,21.3291],[78.3118,21.2945],[78.308,21.2743],[78.3268,21.2717],[78.3335,21.2511],[78.4787,21.2201],[78.5554,21.1184],[78.597,21.1091],[78.5991,21.0907],[78.6112,21.0891],[78.6074,21.0697],[78.6437,21.06],[78.6526,21.0364],[78.7314,21.0052],[78.7356,20.9475],[78.7499,20.9438],[78.7789,20.8917],[78.8102,20.8767],[78.8429,20.8911],[78.8416,20.881],[78.8652,20.8719],[78.8755,20.8273],[78.8889,20.8423],[78.9164,20.8357],[78.916,20.807],[78.9472,20.7945],[78.9456,20.7675],[79.1046,20.7127],[79.1074,20.6862],[79.1433,20.6764],[79.193,20.5967],[79.2251,20.5827],[79.3222,20.5838],[79.3578,20.6558],[79.3532,20.6718],[79.3759,20.6779],[79.3994,20.6579],[79.4353,20.6593],[79.4678,20.675],[79.492,20.7046],[79.5061,20.7005],[79.5608,20.8035],[79.542,20.8483],[79.5834,20.843],[79.6016,20.8646],[79.6195,20.8653],[79.617,20.9031],[79.6519,20.9271],[79.66,20.97],[79.638,20.9914],[79.6,21.073],[79.5735,21.0678],[79.5545,21.0885],[79.5299,21.0758],[79.5279,21.118],[79.4931,21.1399],[79.5109,21.1632],[79.502,21.1838],[79.5329,21.175],[79.5347,21.1566],[79.5622,21.1565],[79.5536,21.2067],[79.5771,21.278],[79.5564,21.3068],[79.5573,21.3308],[79.4883,21.3992],[79.4837,21.4278],[79.4509,21.4354],[79.4497,21.457],[79.5146,21.5346],[79.5431,21.5439],[79.546,21.5649],[79.5123,21.5899],[79.5046,21.612],[79.5181,21.6307],[79.4839,21.6785],[79.4222,21.6909],[79.4035,21.675],[79.3553,21.6783],[79.2911,21.6932],[79.2711,21.7142],[79.2349,21.7231],[79.2261,21.6501],[79.154,21.6597],[79.1472,21.6388],[79.1053,21.6181],[79.1102,21.6086],[79.0942,21.5984],[79.0822,21.6069],[79.0156,21.6007],[79.0005,21.6179],[78.9192,21.5915],[78.9176,21.5701],[78.9338,21.5595],[78.9103,21.554],[78.9466,21.513],[78.9377,21.4867],[78.9017,21.4998],[78.8857,21.4842],[78.8574,21.4949],[78.7904,21.4883],[78.7779,21.4663],[78.7578,21.4898],[78.7585,21.5071],[78.7353,21.5047],[78.7529,21.4965],[78.7299,21.4635],[78.6897,21.4811],[78.5904,21.4859],[78.5721,21.5147],[78.514,21.5273],[78.4858,21.5051],[78.4355,21.5007]]]}},{"type":"Feature","properties":{"name":"Nanded","state":"Maharashtra","level":"district"},"geometry":{"type":"Polygon","coordinates":[[[77.5541,18.2939],[77.5744,18.3108],[77.5711,18.3205],[77.5236,18.3517],[77.5534,18.3902],[77.5593,18.4202],[77.5303,18.4297],[77.5326,18.4428],[77.5643,18.4374],[77.5894,18.4478],[77.5506,18.468],[77.5748,18.4692],[77.5807,18.4861],[77.6053,18.4766],[77.607,18.4937],[77.5904,18.5052],[77.6056,18.5242],[77.6014,18.5498],[77.6531,18.5549],[77.6496,18.5386],[77.6619,18.5296],[77.7409,18.5572],[77.7525,18.6076],[77.7341,18.645],[77.7373,18.6782],[77.7621,18.7093],[77.7909,18.6864],[77.842,18.8096],[77.9123,18.8317],[77.9473,18.8245],[77.9489,18.8445],[77.9039,18.87],[77.8862,18.9106],[77.845,18.9133],[77.8583,18.9542],[77.8172,18.9514],[77.8216,18.9842],[77.7717,18.9832],[77.7617,19.0303],[77.766,19.0637],[77.8016,19.053],[77.8071,19.1036],[77.8196,19.1054],[77.8331,19.0866],[77.8526,19.0918],[77.8355,19.1373],[77.8629,19.1824],[77.851,19.1986],[77.8719,19.2568],[77.905,19.2577],[77.9103,19.2688],[77.8664,19.2856],[77.8653,19.3036],[77.9535,19.3427],[78.0505,19.2725],[78.0559,19.2435],[78.0871,19.2565],[78.1547,19.2319],[78.1884,19.2434],[78.2022,19.3334],[78.1846,19.3547],[78.1872,19.4134],[78.2031,19.4091],[78.2293,19.4356],[78.2571,19.4317],[78.2784,19.4554],[78.3141,19.4581],[78.3152,19.488],[78.2842,19.5597],[78.3163,19.5732],[78.3161,19.6056],[78.2927,19.6558],[78.2748,19.6644],[78.2909,19.691],[78.3212,19.6918],[78.3505,19.7149],[78.373,19.7823],[78.3657,19.8069],[78.3411,19.8198],[78.3442,19.8403],[78.2992,19.8506],[78.3153,19.9137],[78.2875,19.9113],[78.2813,19.8858],[78.2553,19.8736],[78.2429,19.8881],[78.2602,19.9124],[78.2533,19.93],[78.2011,19.9033],[78.15,19.9166],[78.1036,19.8973],[78.079,19.9012],[78.0538,19.9313],[78.0125,19.9148],[77.9545,19.9118],[77.9401,19.8932],[77.896,19.8766],[77.8497,19.8014],[77.8661,19.772],[77.8618,19.7435],[77.8773,19.7451],[77.8965,19.7262],[77.9341,19.74],[77.986,19.7],[77.989,19.6814],[78.0409,19.7009],[78.0904,19.6458],[78.1316,19.6678],[78.1796,19.6557],[78.1963,19.6189],[78.1896,19.568],[78.1205,19.5543],[78.1368,19.5318],[78.1194,19.4976],[78.0684,19.4676],[78.0265,19.498],[78.0137,19.4661],[77.9923,19.4565],[77.9763,19.5067],[77.9594,19.5116],[77.942,19.4997],[77.9079,19.5336],[77.886,19.501],[77.8621,19.5202],[77.8434,19.5105],[77.8475,19.4874],[77.8281,19.4761],[77.8481,19.4565],[77.8353,19.44],[77.8054,19.465],[77.7988,19.4511],[77.7548,19.4324],[77.6995,19.4393],[77.7146,19.4771],[77.7409,19.4837],[77.7503,19.5224],[77.6348,19.5563],[77.6499,19.5562],[77.6454,19.6084],[77.6301,19.6087],[77.6081,19.6476],[77.4602,19.6826],[77.4713,19.642],[77.4604,19.613],[77.4818,19.6006],[77.4546,19.568],[77.4695,19.564],[77.4709,19.4992],[77.4768,19.4889],[77.4904,19.4959],[77.4943,19.467],[77.473,19.4374],[77.4531,19.4403],[77.4379,19.4077],[77.4504,19.3834],[77.4204,19.3773],[77.3816,19.3389],[77.3145,19.3546],[77.3109,19.3307],[77.2807,19.3154],[77.245,19.3215],[77.2389,19.2744],[77.2235,19.2746],[77.1819,19.2241],[77.1795,19.1704],[77.1956,19.1659],[77.1955,19.1444],[77.167,19.1168],[77.1594,19.0841],[77.1424,19.0707],[77.1258,19.079],[77.0979,19.0669],[77.0882,19.0847],[77.1051,19.1039],[77.0856,19.1083],[77.0634,19.0681],[77.0663,19.0297],[77.0453,19.0308],[77.0435,19.0038],[77.0555,18.9888],[77.0269,18.9402],[76.9942,18.9369],[76.9852,18.9147],[76.9626,18.9329],[76.9517,18.9074],[76.9347,18.901],[76.9588,18.8904],[76.9578,18.8751],[77.0135,18.8786],[77.0197,18.8437],[76.9961,18.8281],[77.0088,18.7678],[77.0575,18.7665],[77.0472,18.6837],[77.137,18.699],[77.1373,18.7116],[77.1828,18.7032],[77.195,18.6902],[77.1601,18.6811],[77.1565,18.6471],[77.2005,18.648],[77.2149,18.6255],[77.2713,18.6117],[77.2673,18.5662],[77.2971,18.548],[77.2492,18.4918],[77.2665,18.4774],[77.3016,18.4775],[77.2871,18.4544],[77.2572,18.4544],[77.2681,18.4205],[77.3169,18.4415],[77.321,18.4559],[77.3457,18.4325],[77.3578,18.4509],[77.3734,18.4498],[77.3735,18.403],[77.4139,18.3908],[77.3956,18.3682],[77.4022,18.3498],[77.3592,18.3209],[77.3626,18.313],[77.4117,18.302],[77.4403,18.3089],[77.4409,18.2845],[77.4694,18.2625],[77.5143,18.281],[77.5136,18.3092],[77.5541,18.2939]]]}},{"type":"Feature","properties":{"name":"Nandurbar","state":"Maharashtra","level":"district"},"geometry":{"type":"Polygon","coordinates":[[[74.435,22.0275],[74.3858,22.0187],[74.352,21.9778],[74.3016,21.9678],[74.2868,21.9345],[74.1975,21.9244],[74.1349,21.9522],[74.043,21.9217],[73.8754,21.8378],[73.8114,21.8288],[73.8077,21.8014],[73.8241,21.8084],[73.8406,21.7899],[73.8267,21.7622],[73.892,21.6995],[73.8937,21.6665],[73.8812,21.6443],[73.7828,21.6244],[73.8184,21.6],[73.8561,21.4952],[73.906,21.5195],[73.9529,21.5157],[73.962,21.5383],[73.9833,21.5216],[73.9793,21.5412],[74.0652,21.5586],[74.1421,21.5494],[74.1793,21.5605],[74.2017,21.5282],[74.2357,21.5492],[74.2667,21.5345],[74.3068,21.5662],[74.3126,21.542],[74.3324,21.5391],[74.3245,21.4946],[74.2597,21.4646],[74.2255,21.4786],[74.219,21.458],[74.1818,21.466],[74.1526,21.4522],[74.125,21.4626],[74.105,21.4471],[74.0741,21.4569],[74.0631,21.4811],[74.0443,21.4186],[74.0115,21.4172],[73.9642,21.3913],[73.9483,21.4017],[73.9438,21.2969],[73.8871,21.2618],[73.8271,21.267],[73.8313,21.2418],[73.8136,21.2034],[73.8308,21.1947],[73.8174,21.1715],[73.791,21.1813],[73.7783,21.1647],[73.7361,21.1668],[73.7425,21.1512],[73.7312,21.138],[73.6756,21.1518],[73.6305,21.1324],[73.6316,21.1529],[73.601,21.1783],[73.5823,21.1677],[73.5828,21.154],[73.6055,21.1543],[73.6232,21.1414],[73.6228,21.1199],[73.6519,21.1208],[73.6541,21.1081],[73.6877,21.1007],[73.7049,21.1187],[73.7333,21.101],[73.7471,21.1137],[73.7349,21.0846],[73.7648,21.0679],[73.7928,21.0679],[73.8124,21.0843],[73.8136,21.0603],[73.7973,21.0455],[73.852,20.9973],[73.8575,21.0305],[73.9103,21.0409],[73.9557,21.0323],[73.9524,21.0865],[73.9766,21.1116],[74.004,21.1202],[74.0183,21.1034],[74.0207,21.1445],[74.0418,21.1449],[74.0521,21.128],[74.0841,21.1369],[74.0592,21.1718],[74.1154,21.2118],[74.1471,21.2092],[74.1577,21.2324],[74.1622,21.2166],[74.1817,21.2094],[74.2583,21.2588],[74.2858,21.2393],[74.3155,21.2475],[74.3184,21.2343],[74.344,21.2296],[74.3572,21.2336],[74.3561,21.2522],[74.4096,21.2675],[74.4096,21.2583],[74.4335,21.2635],[74.4391,21.2377],[74.4928,21.2401],[74.4989,21.2907],[74.4765,21.3064],[74.4801,21.3536],[74.5096,21.3901],[74.4957,21.3924],[74.499,21.4278],[74.5218,21.43],[74.5738,21.404],[74.6095,21.4158],[74.6395,21.4],[74.6868,21.403],[74.6995,21.471],[74.7551,21.4765],[74.7578,21.576],[74.7731,21.614],[74.5883,21.6627],[74.5819,21.6833],[74.5549,21.6821],[74.5494,21.7175],[74.5104,21.7218],[74.5154,21.7623],[74.5012,21.8057],[74.5253,21.9073],[74.4911,21.953],[74.4463,21.9696],[74.4338,22.0007],[74.4515,22.0047],[74.435,22.0275]]]}},{"type":"Feature","properties":{"name":"Nashik","state":"Maharashtra","level":"district"},"geometry":{"type":"Polygon","coordinates":[[[73.4683,20.7218],[73.4403,20.7013],[73.4495,20.6936],[73.4328,20.6651],[73.3943,20.6495],[73.4303,20.5978],[73.4738,20.5838],[73.4747,20.5436],[73.4937,20.5405],[73.4651,20.5143],[73.4688,20.4953],[73.4417,20.467],[73.4223,20.4148],[73.3837,20.3906],[73.3839,20.3733],[73.4072,20.382],[73.4159,20.3525],[73.4294,20.2826],[73.4128,20.2575],[73.4223,20.2067],[73.395,20.1955],[73.3875,20.2097],[73.3684,20.2059],[73.3664,20.1932],[73.3596,20.2139],[73.3449,20.199],[73.303,20.2078],[73.2859,20.1945],[73.2854,20.1545],[73.251,20.1214],[73.2731,20.1056],[73.2643,20.0745],[73.2797,20.0472],[73.2938,20.0606],[73.3123,20.0579],[73.3645,20.0357],[73.3742,20.0153],[73.3785,20.0261],[73.3876,20.014],[73.407,20.0175],[73.4273,19.9852],[73.4536,19.9826],[73.456,19.9597],[73.4248,19.9163],[73.4364,19.8736],[73.4195,19.8648],[73.419,19.8432],[73.4439,19.8261],[73.4519,19.7679],[73.502,19.7593],[73.5082,19.7304],[73.4924,19.7152],[73.5214,19.7024],[73.5648,19.643],[73.5671,19.6172],[73.5876,19.6093],[73.5807,19.6009],[73.6213,19.5877],[73.6395,19.5981],[73.6843,19.5896],[73.7234,19.6199],[73.7757,19.6304],[73.7949,19.6465],[73.7848,19.6614],[73.807,19.6792],[73.7962,19.6883],[73.8146,19.6863],[73.8439,19.7416],[73.8688,19.7502],[73.8842,19.7425],[73.8923,19.7532],[73.9167,19.6822],[74.0204,19.673],[74.0717,19.6607],[74.0978,19.6404],[74.1225,19.6444],[74.1447,19.6739],[74.137,19.6956],[74.1546,19.6912],[74.1687,19.7287],[74.247,19.7446],[74.2793,19.779],[74.32,19.7679],[74.3347,19.7997],[74.3791,19.8065],[74.3657,19.8712],[74.2788,19.9088],[74.2739,19.9336],[74.2512,19.9374],[74.2527,19.9647],[74.2845,19.9595],[74.291,19.9874],[74.3106,19.9676],[74.3208,19.986],[74.3488,19.9843],[74.3525,19.9669],[74.3669,19.9661],[74.387,19.9811],[74.4465,19.9748],[74.4702,19.9883],[74.4864,19.9805],[74.4812,19.9669],[74.5325,19.976],[74.5745,19.9551],[74.6743,19.9473],[74.6903,19.9718],[74.6929,20.0069],[74.7212,20.0218],[74.7113,20.0409],[74.7239,20.0554],[74.7118,20.079],[74.7392,20.0829],[74.7314,20.112],[74.7063,20.1152],[74.725,20.1909],[74.7651,20.1834],[74.7609,20.2001],[74.7853,20.2046],[74.8051,20.2317],[74.7848,20.231],[74.8298,20.2436],[74.8596,20.2277],[74.8571,20.1777],[74.9,20.1774],[74.9119,20.1532],[74.9314,20.1531],[74.9324,20.2143],[74.9121,20.2163],[74.9093,20.244],[74.9352,20.2473],[74.9388,20.2723],[74.8607,20.2824],[74.8686,20.3357],[74.8517,20.3833],[74.8296,20.4031],[74.843,20.4105],[74.8072,20.4453],[74.7967,20.4772],[74.7745,20.4712],[74.7871,20.5007],[74.7629,20.5392],[74.8003,20.5487],[74.7964,20.5759],[74.8114,20.5875],[74.8159,20.6343],[74.8044,20.6368],[74.8066,20.6572],[74.7391,20.6682],[74.7111,20.6898],[74.6518,20.6955],[74.666,20.7748],[74.5834,20.8146],[74.5736,20.8333],[74.5686,20.8237],[74.5405,20.8351],[74.5133,20.8085],[74.4794,20.8317],[74.439,20.8019],[74.3887,20.8352],[74.4063,20.8363],[74.3978,20.8599],[74.3863,20.8408],[74.3593,20.8435],[74.3498,20.8597],[74.3371,20.8389],[74.2919,20.8558],[74.2365,20.8502],[74.1687,20.8634],[74.1458,20.8527],[74.1272,20.8656],[74.0984,20.8417],[74.0617,20.8488],[74.0489,20.8362],[74.0267,20.8514],[74.0226,20.8363],[74.0011,20.8362],[73.9692,20.8519],[73.94,20.8397],[73.9331,20.7604],[73.9443,20.7419],[73.9156,20.7232],[73.8801,20.7293],[73.858,20.6941],[73.8371,20.7019],[73.817,20.6936],[73.8197,20.6734],[73.8397,20.6669],[73.8407,20.6233],[73.7803,20.6011],[73.7421,20.5673],[73.6948,20.5784],[73.6595,20.5628],[73.6303,20.5794],[73.6195,20.6211],[73.5846,20.6452],[73.5079,20.6664],[73.4915,20.6536],[73.4683,20.7218]]]}},{"type":"Feature","properties":{"name":"Osmanabad","state":"Maharashtra","level":"district"},"geometry":{"type":"Polygon","coordinates":[[[76.7431,17.9004],[76.7251,17.9186],[76.6763,17.9227],[76.6747,17.9677],[76.6903,17.9712],[76.6861,17.9883],[76.6081,18.0112],[76.6131,18.0386],[76.5692,18.0402],[76.5333,18.0218],[76.4292,18.0311],[76.4001,18.0538],[76.3825,18.0901],[76.3321,18.075],[76.3092,18.0918],[76.3038,18.1148],[76.2778,18.1402],[76.2829,18.1828],[76.3032,18.2141],[76.2842,18.249],[76.312,18.2703],[76.3194,18.3297],[76.286,18.3414],[76.2891,18.3866],[76.26,18.3653],[76.2011,18.3994],[76.2339,18.434],[76.2724,18.4208],[76.2643,18.4646],[76.2727,18.4686],[76.2561,18.4868],[76.2561,18.5195],[76.2777,18.5577],[76.2551,18.5776],[76.1717,18.5858],[76.1598,18.5588],[76.1522,18.5838],[76.0995,18.5885],[76.0589,18.5741],[76.0111,18.6073],[76.0069,18.5891],[75.9915,18.5911],[75.9947,18.6208],[75.9506,18.6092],[75.9421,18.6459],[75.8614,18.6511],[75.8597,18.6623],[75.8119,18.6744],[75.7972,18.6565],[75.7772,18.6735],[75.691,18.6913],[75.6737,18.6911],[75.6673,18.6507],[75.6544,18.6477],[75.6221,18.662],[75.5882,18.6978],[75.5897,18.6884],[75.5495,18.683],[75.5522,18.6447],[75.5085,18.6225],[75.4918,18.6269],[75.4687,18.6075],[75.4234,18.536],[75.3468,18.5624],[75.3364,18.5256],[75.302,18.5039],[75.3047,18.4351],[75.2861,18.4086],[75.335,18.3912],[75.3905,18.3296],[75.4085,18.3248],[75.3951,18.3087],[75.3978,18.2659],[75.4331,18.2624],[75.4311,18.1787],[75.4662,18.162],[75.471,18.1754],[75.492,18.1748],[75.492,18.1571],[75.509,18.1603],[75.5342,18.1352],[75.5517,18.1457],[75.5554,18.2019],[75.5757,18.2408],[75.6337,18.2486],[75.6344,18.2651],[75.6198,18.2751],[75.6526,18.3312],[75.6906,18.325],[75.721,18.3384],[75.7288,18.3869],[75.7096,18.3968],[75.7293,18.4348],[75.7646,18.4407],[75.7996,18.3848],[75.8879,18.3643],[75.9252,18.303],[75.9281,18.2615],[75.9489,18.2392],[75.9399,18.2128],[75.9612,18.1597],[75.9432,18.1241],[75.9625,18.0905],[75.9937,18.0944],[75.9927,18.0625],[76.017,18.0403],[75.9766,17.9714],[75.9619,17.9804],[75.9192,17.9749],[75.9008,18.0074],[75.8529,18.0072],[75.8403,17.9792],[75.8396,17.9302],[75.8523,17.9207],[75.8462,17.8927],[75.8771,17.8468],[75.9204,17.8333],[75.9405,17.8525],[75.9692,17.8195],[75.9788,17.8431],[76.0193,17.8298],[76.0071,17.7509],[76.0284,17.7667],[76.0972,17.7794],[76.1008,17.762],[76.1232,17.7698],[76.1463,17.7551],[76.1504,17.6998],[76.1907,17.6832],[76.2404,17.6987],[76.2722,17.7283],[76.3,17.7298],[76.32,17.6978],[76.3801,17.6864],[76.3821,17.6604],[76.4445,17.6443],[76.4541,17.658],[76.4911,17.6631],[76.4882,17.7159],[76.5256,17.7176],[76.5256,17.7612],[76.5754,17.7624],[76.5666,17.756],[76.5781,17.7054],[76.6166,17.7707],[76.6329,17.7315],[76.6575,17.7189],[76.6655,17.6904],[76.6906,17.6811],[76.7005,17.7286],[76.7301,17.7396],[76.7181,17.7844],[76.7653,17.7896],[76.7908,17.8289],[76.7682,17.8532],[76.7399,17.8595],[76.7431,17.9004]]]}},{"type":"Feature","properties":{"name":"Palghar","state":"Maharashtra","level":"district"},"geometry":{"type":"MultiPolygon","coordinates":[[[[73.2077,20.1228],[73.2105,20.0983],[73.1771,20.0537],[73.1306,20.0852],[73.1085,20.0797],[73.0514,20.1],[73.0435,20.0687],[73.0007,20.1115],[73.0081,20.136],[73.0011,20.1412],[72.9948,20.119],[72.9797,20.1143],[72.9642,20.1315],[72.9772,20.1724],[72.9609,20.2134],[72.8744,20.2278],[72.8254,20.1889],[72.8252,20.1459],[72.8056,20.1546],[72.7918,20.1498],[72.7915,20.1264],[72.7373,20.136],[72.7249,20.1238],[72.7015,20.0681],[72.7197,19.9829],[72.6988,19.9637],[72.6885,19.9726],[72.6801,19.9477],[72.6612,19.9372],[72.6809,19.8815],[72.678,19.8642],[72.6614,19.8533],[72.652,19.8601],[72.6505,19.8408],[72.6848,19.8011],[72.6846,19.7467],[72.7089,19.7073],[72.7047,19.6755],[72.7298,19.6088],[72.7293,19.5963],[72.7098,19.598],[72.7164,19.5446],[72.7437,19.5109],[72.7442,19.4584],[72.7657,19.3929],[72.7577,19.3754],[72.803,19.3276],[72.8259,19.3333],[72.8335,19.3145],[72.8672,19.3128],[72.8979,19.2883],[72.9394,19.2876],[72.9334,19.3156],[72.9476,19.3705],[72.9667,19.3727],[73.0081,19.4209],[72.9848,19.4443],[72.9818,19.4665],[72.9948,19.4852],[73.0074,19.488],[73.0578,19.4513],[73.1207,19.4665],[73.1227,19.4895],[73.1514,19.4963],[73.1975,19.5387],[73.1802,19.5816],[73.234,19.5943],[73.2436,19.6129],[73.2713,19.6069],[73.2587,19.6456],[73.2729,19.6813],[73.3144,19.6598],[73.3431,19.6818],[73.3545,19.6624],[73.385,19.6847],[73.5076,19.7075],[73.4917,19.7207],[73.5082,19.7304],[73.502,19.7593],[73.4519,19.7679],[73.4439,19.8261],[73.419,19.8432],[73.4195,19.8648],[73.4364,19.8736],[73.4248,19.9163],[73.456,19.9597],[73.4536,19.9826],[73.4273,19.9852],[73.407,20.0175],[73.3876,20.014],[73.3785,20.0261],[73.3742,20.0153],[73.3645,20.0357],[73.3123,20.0579],[73.2938,20.0606],[73.2797,20.0472],[73.2643,20.0745],[73.2731,20.1056],[73.2296,20.1289],[73.227,20.1417],[73.2077,20.1228]]],[[[72.7374,19.4658],[72.7225,19.4668],[72.7353,19.4544],[72.7374,19.4658]]]]}},{"type":"Feature","properties":{"name":"Parbhani","state":"Maharashtra","level":"district"},"geometry":{"type":"Polygon","coordinates":[[[76.9961,18.8281],[77.0197,18.8437],[77.0135,18.8786],[76.9578,18.8751],[76.9588,18.8904],[76.9347,18.901],[76.9517,18.9074],[76.9626,18.9329],[76.9852,18.9147],[76.9942,18.9369],[77.0269,18.9402],[77.0555,18.9888],[77.0435,19.0038],[77.0453,19.0308],[77.0663,19.0297],[77.0634,19.0681],[77.0856,19.1083],[77.1051,19.1039],[77.0882,19.0847],[77.0979,19.0669],[77.1258,19.079],[77.1424,19.0707],[77.1594,19.0841],[77.167,19.1168],[77.1955,19.1444],[77.1956,19.1659],[77.1795,19.1704],[77.1884,19.2338],[77.1741,19.2408],[77.1554,19.2292],[77.1293,19.2516],[77.1109,19.2441],[77.0915,19.2702],[77.0379,19.2625],[77.0243,19.2757],[77.0347,19.2974],[76.9995,19.2992],[76.983,19.3351],[76.9464,19.3255],[76.9408,19.3137],[76.9126,19.32],[76.9126,19.3483],[76.9345,19.3489],[76.9117,19.355],[76.9038,19.3783],[76.9346,19.4506],[76.9139,19.4545],[76.9027,19.4433],[76.8846,19.4548],[76.8891,19.4764],[76.8662,19.5026],[76.8656,19.5421],[76.891,19.5406],[76.895,19.587],[76.9238,19.6],[76.9257,19.6157],[76.9041,19.6445],[76.8691,19.6221],[76.8764,19.6428],[76.8569,19.6477],[76.8645,19.6752],[76.8516,19.7049],[76.8167,19.7058],[76.8281,19.6731],[76.8202,19.6677],[76.8102,19.6822],[76.7927,19.6675],[76.7857,19.7317],[76.7687,19.7156],[76.7726,19.6882],[76.7631,19.6842],[76.7418,19.7128],[76.7454,19.7301],[76.7308,19.7373],[76.7255,19.7721],[76.7019,19.7528],[76.6526,19.771],[76.6359,19.7986],[76.6128,19.7698],[76.6018,19.7741],[76.6149,19.7877],[76.5999,19.821],[76.5129,19.8303],[76.5125,19.8009],[76.4846,19.7935],[76.5116,19.7629],[76.4946,19.7609],[76.4865,19.7438],[76.4608,19.7472],[76.4595,19.7235],[76.486,19.7205],[76.4887,19.6776],[76.4722,19.6791],[76.4508,19.6603],[76.4528,19.6127],[76.4346,19.6022],[76.4493,19.5833],[76.4433,19.5414],[76.3794,19.5368],[76.3663,19.469],[76.3457,19.4706],[76.3421,19.4546],[76.3161,19.4647],[76.3043,19.4326],[76.2917,19.4327],[76.2861,19.367],[76.2625,19.3579],[76.2805,19.3448],[76.2427,19.3385],[76.2359,19.314],[76.2141,19.3189],[76.216,19.2599],[76.2293,19.2558],[76.2274,19.2419],[76.2567,19.2406],[76.2811,19.2615],[76.3136,19.2628],[76.3643,19.2378],[76.3528,19.1906],[76.3617,19.1528],[76.3347,19.1362],[76.3255,19.1077],[76.3491,19.0994],[76.3775,19.1331],[76.4126,19.0932],[76.438,19.0963],[76.4366,19.0722],[76.4526,19.0517],[76.4429,19.0389],[76.4571,19.0083],[76.4797,19.0014],[76.4796,18.9571],[76.5019,18.9517],[76.5236,18.9179],[76.5376,18.9179],[76.5404,18.9501],[76.5847,18.9455],[76.5889,18.8748],[76.6237,18.8698],[76.6489,18.8226],[76.668,18.8197],[76.6826,18.7576],[76.7314,18.7506],[76.7463,18.7749],[76.7825,18.7773],[76.7848,18.7942],[76.8397,18.8144],[76.8549,18.8074],[76.8859,18.8355],[76.9961,18.8281]]]}},{"type":"Feature","properties":{"name":"Pune","state":"Maharashtra","level":"district"},"geometry":{"type":"Polygon","coordinates":[[[73.7827,19.3866],[73.7981,19.3314],[73.7759,19.3403],[73.7756,19.3306],[73.7171,19.3272],[73.6883,19.3116],[73.6716,19.2971],[73.6972,19.2574],[73.6915,19.2449],[73.6636,19.2398],[73.6342,19.2028],[73.6153,19.2069],[73.6101,19.19],[73.5404,19.1773],[73.5422,19.1235],[73.5285,19.1299],[73.5135,19.0947],[73.5305,19.0862],[73.5192,19.0497],[73.5434,19.0513],[73.5369,19.0329],[73.5583,19.0167],[73.5129,18.9684],[73.4797,18.9798],[73.4804,18.9662],[73.4634,18.9666],[73.4595,18.9302],[73.4317,18.9151],[73.4406,18.8995],[73.4287,18.8633],[73.4041,18.8431],[73.3899,18.8528],[73.3538,18.725],[73.3328,18.7023],[73.3764,18.7087],[73.386,18.6936],[73.39,18.655],[73.3355,18.6074],[73.3237,18.5638],[73.3337,18.5488],[73.3585,18.558],[73.3447,18.5332],[73.3953,18.5038],[73.3763,18.4818],[73.3632,18.4843],[73.3655,18.4692],[73.4113,18.499],[73.3975,18.4547],[73.4029,18.4006],[73.4214,18.4052],[73.429,18.3734],[73.4455,18.3608],[73.4228,18.3075],[73.4772,18.3012],[73.4812,18.2721],[73.5105,18.2871],[73.5067,18.2741],[73.5173,18.2727],[73.5063,18.2585],[73.5379,18.2453],[73.5244,18.2307],[73.5362,18.2262],[73.5245,18.1865],[73.5397,18.1909],[73.5428,18.2066],[73.5562,18.1967],[73.5624,18.2119],[73.5713,18.1858],[73.5953,18.1775],[73.6005,18.1901],[73.6584,18.1718],[73.6681,18.1568],[73.6363,18.1468],[73.6253,18.1213],[73.6066,18.1189],[73.6132,18.1366],[73.6073,18.1388],[73.598,18.1072],[73.6103,18.0974],[73.6034,18.0856],[73.621,18.0789],[73.614,18.0587],[73.6656,18.0276],[73.7067,18.0489],[73.7927,18.0229],[73.8481,18.0417],[73.8588,18.0323],[73.8815,18.0853],[73.8632,18.1206],[73.8917,18.1166],[73.9047,18.1368],[73.8749,18.1737],[73.8985,18.1832],[73.9056,18.1607],[73.9469,18.1813],[74.0328,18.1324],[74.0625,18.138],[74.0847,18.1208],[74.125,18.1297],[74.1638,18.1072],[74.2391,18.0994],[74.304,18.0694],[74.357,18.0971],[74.3811,18.0713],[74.4365,18.0652],[74.4649,18.0481],[74.5584,18.0711],[74.5836,18.0473],[74.6298,18.0562],[74.6421,18.0453],[74.6666,18.0701],[74.7075,18.0316],[74.7648,18.0248],[74.8083,17.9973],[74.8168,18.0174],[74.834,17.9929],[74.8648,17.9921],[74.8479,17.9485],[74.9393,17.9408],[74.9444,17.9255],[75.019,17.9082],[75.0249,17.8929],[75.0554,17.9027],[75.0536,17.9251],[75.0747,17.9156],[75.0898,17.9234],[75.0855,17.9395],[75.1157,17.9374],[75.1316,17.955],[75.1172,17.967],[75.1359,17.9703],[75.1209,17.9986],[75.103,17.9735],[75.0715,17.9765],[75.0516,17.9474],[75.0225,17.9628],[75.0301,17.9892],[75.0847,18.0428],[75.0932,18.0691],[75.1312,18.0761],[75.1641,18.1073],[75.159,18.1217],[75.0947,18.123],[75.1106,18.2151],[75.0829,18.2187],[75.0229,18.1882],[75.0095,18.2128],[75.0423,18.2639],[74.9941,18.2417],[74.952,18.2642],[74.8341,18.2471],[74.7947,18.2893],[74.8021,18.3033],[74.8428,18.3007],[74.8344,18.3381],[74.7954,18.3559],[74.8094,18.3868],[74.7824,18.4086],[74.7355,18.3986],[74.7157,18.431],[74.7279,18.4804],[74.7059,18.5049],[74.6605,18.4861],[74.6753,18.4623],[74.644,18.4507],[74.5814,18.4739],[74.5549,18.4996],[74.5508,18.5145],[74.5825,18.5485],[74.5447,18.5841],[74.5517,18.6147],[74.5117,18.6166],[74.4755,18.6419],[74.5126,18.6682],[74.4801,18.6823],[74.4785,18.7223],[74.4519,18.7203],[74.4259,18.7496],[74.4005,18.742],[74.4006,18.778],[74.3865,18.8039],[74.3984,18.8311],[74.3226,18.8441],[74.2954,18.9039],[74.2409,18.9541],[74.2158,19.0076],[74.1762,19.0366],[74.2116,19.1258],[74.237,19.124],[74.2692,19.1852],[74.3053,19.1895],[74.3175,19.2087],[74.2659,19.2247],[74.2256,19.2034],[74.1697,19.2203],[74.16,19.2034],[74.1539,19.2225],[74.0902,19.2356],[74.0949,19.2269],[74.0544,19.2444],[74.0485,19.2589],[74.0356,19.2509],[74.033,19.2844],[74.0152,19.2963],[74.0293,19.311],[74.0011,19.3582],[73.932,19.3412],[73.8972,19.3749],[73.8638,19.3586],[73.8148,19.3935],[73.7827,19.3866]]]}},{"type":"Feature","properties":{"name":"Raigarh","state":"Maharashtra","level":"district"},"geometry":{"type":"MultiPolygon","coordinates":[[[[73.6597,18.0292],[73.614,18.0587],[73.621,18.0789],[73.6034,18.0856],[73.6103,18.0974],[73.598,18.1072],[73.6073,18.1388],[73.6066,18.1189],[73.6253,18.1213],[73.6363,18.1468],[73.6669,18.1554],[73.6633,18.1664],[73.6005,18.1901],[73.5953,18.1775],[73.5827,18.18],[73.5624,18.2119],[73.5562,18.1967],[73.5428,18.2066],[73.5397,18.1909],[73.5225,18.1882],[73.5362,18.2262],[73.5244,18.2307],[73.5379,18.2453],[73.5063,18.2585],[73.5173,18.2727],[73.5067,18.2741],[73.5105,18.2871],[73.4812,18.2721],[73.4772,18.3012],[73.4228,18.3075],[73.4455,18.3608],[73.429,18.3734],[73.4214,18.4052],[73.4029,18.4006],[73.3975,18.4547],[73.4113,18.499],[73.3655,18.4692],[73.3632,18.4843],[73.3763,18.4818],[73.3953,18.5038],[73.3447,18.5332],[73.3585,18.558],[73.3337,18.5488],[73.3237,18.5638],[73.3355,18.6074],[73.39,18.655],[73.3764,18.7087],[73.3328,18.7023],[73.3538,18.725],[73.3899,18.8528],[73.4041,18.8431],[73.4287,18.8633],[73.4406,18.8995],[73.4317,18.9151],[73.4595,18.9302],[73.4634,18.9666],[73.4804,18.9662],[73.4797,18.9798],[73.5129,18.9684],[73.5583,19.0167],[73.5369,19.0329],[73.5434,19.0513],[73.5192,19.0497],[73.5305,19.0862],[73.5135,19.0947],[73.5285,19.1299],[73.3513,19.1294],[73.3121,19.108],[73.3179,19.0827],[73.3015,19.0756],[73.2806,19.0852],[73.2477,19.0646],[73.1992,19.1254],[73.1779,19.1097],[73.1452,19.1267],[73.1315,19.1108],[73.0652,19.1113],[73.0481,19.0986],[73.0494,19.0283],[73.0297,18.9889],[72.9813,18.9636],[72.9554,18.9736],[72.9373,18.943],[72.9585,18.9243],[72.9576,18.9089],[72.9425,18.9091],[72.9422,18.8931],[72.9271,18.9118],[72.9078,18.8996],[72.9271,18.8507],[72.9855,18.8586],[72.9797,18.8091],[72.9605,18.7977],[72.9417,18.8298],[72.914,18.7913],[72.9004,18.8039],[72.8693,18.8046],[72.8557,18.6969],[72.866,18.6485],[72.8839,18.6387],[72.9314,18.5372],[72.9154,18.529],[72.9052,18.539],[72.9111,18.5036],[72.8948,18.4633],[72.908,18.3987],[72.9264,18.3849],[72.9122,18.361],[72.9196,18.3464],[72.9487,18.3381],[72.9939,18.2727],[72.9739,18.2619],[72.9654,18.2786],[72.9381,18.2827],[72.9422,18.235],[72.9317,18.22],[72.9568,18.2195],[72.9796,18.1968],[72.9897,18.1587],[72.9699,18.1319],[73.002,18.0723],[72.9908,18.055],[73.0309,18.0298],[73.0022,18.0209],[73.0183,17.9913],[73.1167,17.9793],[73.175,18.0593],[73.206,18.0693],[73.2249,18.055],[73.2893,18.0709],[73.2917,18.0346],[73.3246,18.0275],[73.3357,18.013],[73.3483,18.0253],[73.3613,18.0109],[73.3452,17.9727],[73.3786,17.9181],[73.375,17.8887],[73.3997,17.8829],[73.4368,17.9043],[73.4442,17.8555],[73.495,17.8653],[73.5066,17.8516],[73.5359,17.8833],[73.552,17.8656],[73.5712,17.8775],[73.5373,17.8977],[73.5759,17.9286],[73.577,17.9441],[73.5957,17.9363],[73.6369,17.9691],[73.6271,17.9853],[73.6597,18.0292]]],[[[72.941,18.9696],[72.9247,18.96],[72.9357,18.9528],[72.941,18.9696]]],[[[72.8991,18.9402],[72.9064,18.9581],[72.9002,18.9654],[72.8991,18.9402]]],[[[72.8131,18.7047],[72.8127,18.7025],[72.8148,18.7031],[72.8131,18.7047]]],[[[72.9647,18.3011],[72.9631,18.2997],[72.9659,18.2988],[72.9647,18.3011]]]]}},{"type":"Feature","properties":{"name":"Ratnagiri","state":"Maharashtra","level":"district"},"geometry":{"type":"MultiPolygon","coordinates":[[[[73.8551,16.6511],[73.8617,16.6815],[73.8144,16.7074],[73.8422,16.7371],[73.8359,16.7481],[73.8202,16.7659],[73.7928,16.7636],[73.7816,16.7832],[73.7632,16.771],[73.754,16.8138],[73.7133,16.8307],[73.7389,16.8445],[73.7534,16.8352],[73.7703,16.8549],[73.7406,16.9135],[73.7622,16.9047],[73.7942,16.9129],[73.7966,16.931],[73.7683,16.968],[73.7888,16.9936],[73.8329,16.99],[73.8364,17.0012],[73.8242,17.0388],[73.8357,17.0547],[73.805,17.0625],[73.8087,17.0864],[73.748,17.1321],[73.7405,17.1224],[73.6927,17.1442],[73.6905,17.1592],[73.7445,17.1761],[73.751,17.153],[73.7796,17.1546],[73.7498,17.2102],[73.7176,17.2111],[73.6995,17.2298],[73.691,17.286],[73.6784,17.296],[73.6832,17.3642],[73.6456,17.3893],[73.6706,17.3943],[73.6845,17.4178],[73.7061,17.424],[73.7087,17.4664],[73.6961,17.4872],[73.7482,17.5497],[73.7177,17.5745],[73.7304,17.5916],[73.7172,17.6077],[73.7258,17.6204],[73.6933,17.628],[73.7043,17.6588],[73.6825,17.6783],[73.6899,17.6882],[73.616,17.7134],[73.5949,17.7003],[73.5674,17.7227],[73.5899,17.7656],[73.5845,17.7881],[73.6036,17.7955],[73.5839,17.8302],[73.5975,17.8485],[73.578,17.859],[73.5772,17.8774],[73.552,17.8656],[73.5359,17.8833],[73.5066,17.8516],[73.495,17.8653],[73.4638,17.8658],[73.4504,17.8511],[73.4368,17.9043],[73.3997,17.8829],[73.375,17.8887],[73.3786,17.9181],[73.3452,17.9727],[73.3635,18.0057],[73.3483,18.0253],[73.3357,18.013],[73.3246,18.0275],[73.2917,18.0346],[73.2893,18.0709],[73.2249,18.055],[73.206,18.0693],[73.1788,18.0612],[73.1167,17.9793],[73.0842,17.9878],[73.0403,17.9783],[73.0297,17.9468],[73.0524,17.9315],[73.049,17.9063],[73.0715,17.8889],[73.0925,17.8416],[73.0888,17.8087],[73.109,17.7897],[73.1281,17.7376],[73.1344,17.7077],[73.1138,17.6896],[73.1365,17.6147],[73.1789,17.5799],[73.1445,17.5706],[73.138,17.5558],[73.1746,17.5172],[73.1929,17.4671],[73.1846,17.4544],[73.1971,17.4375],[73.1681,17.4037],[73.1775,17.387],[73.2002,17.3879],[73.2165,17.3705],[73.2146,17.3464],[73.2296,17.3353],[73.2192,17.3293],[73.2427,17.319],[73.2337,17.2925],[73.2651,17.2899],[73.2583,17.2682],[73.2462,17.2838],[73.2266,17.2816],[73.2226,17.3023],[73.1898,17.2993],[73.2432,17.225],[73.2453,17.1967],[73.2309,17.1992],[73.2534,17.1884],[73.267,17.1125],[73.2795,17.1105],[73.288,17.0765],[73.2768,17.0372],[73.2573,17.0484],[73.255,17.0273],[73.2831,17.0113],[73.2718,16.987],[73.2953,16.9846],[73.2772,16.892],[73.3026,16.8908],[73.286,16.8743],[73.2956,16.8158],[73.3178,16.8072],[73.3058,16.7299],[73.3307,16.6686],[73.3234,16.6365],[73.3401,16.6339],[73.3307,16.6204],[73.3511,16.6225],[73.3408,16.6061],[73.3521,16.5942],[73.3208,16.607],[73.3237,16.5822],[73.355,16.5656],[73.3558,16.5545],[73.3462,16.5567],[73.3667,16.517],[73.4664,16.4942],[73.4961,16.5194],[73.544,16.5161],[73.5972,16.5433],[73.6247,16.5835],[73.6496,16.5654],[73.6908,16.6248],[73.7262,16.6042],[73.7667,16.6024],[73.7738,16.6635],[73.8551,16.6511]]],[[[73.0837,17.8182],[73.0836,17.8145],[73.085,17.8156],[73.0837,17.8182]]]]}},{"type":"Feature","properties":{"name":"Sangli","state":"Maharashtra","level":"district"},"geometry":{"type":"Polygon","coordinates":[[[75.6052,17.3055],[75.5578,17.2856],[75.5161,17.2401],[75.4647,17.2397],[75.4681,17.2522],[75.423,17.2657],[75.4042,17.2119],[75.4069,17.1841],[75.3683,17.1917],[75.3627,17.2363],[75.2897,17.216],[75.2854,17.1934],[75.3061,17.1716],[75.297,17.1469],[75.2714,17.1507],[75.2702,17.184],[75.2206,17.1901],[75.2148,17.2],[75.2403,17.217],[75.2489,17.2558],[75.2049,17.2696],[75.1927,17.2673],[75.1809,17.2372],[75.0813,17.2485],[75.0805,17.2226],[75.0182,17.2259],[74.9831,17.195],[74.9501,17.198],[74.9481,17.1775],[74.8971,17.1762],[74.8891,17.1804],[74.8984,17.1944],[74.8731,17.191],[74.8733,17.2091],[74.8518,17.2117],[74.8796,17.2127],[74.9103,17.275],[74.9385,17.2739],[74.9628,17.2942],[74.9698,17.3414],[75.0082,17.3687],[75.001,17.4076],[75.0353,17.4206],[75.0418,17.4703],[75.0332,17.4951],[74.9749,17.469],[74.9419,17.5134],[74.9898,17.5424],[74.9645,17.5643],[74.9641,17.5911],[74.9219,17.5768],[74.9285,17.6177],[74.911,17.6204],[74.9122,17.6296],[74.8839,17.6041],[74.8801,17.5693],[74.8597,17.5568],[74.8623,17.5072],[74.8112,17.4526],[74.7105,17.4848],[74.7198,17.4177],[74.7124,17.3824],[74.6363,17.3993],[74.6115,17.4432],[74.5909,17.4152],[74.5357,17.417],[74.4956,17.3837],[74.3488,17.4177],[74.2873,17.4181],[74.2561,17.3592],[74.289,17.3561],[74.281,17.3382],[74.2954,17.3163],[74.258,17.2941],[74.2664,17.2563],[74.2907,17.2423],[74.2728,17.2204],[74.288,17.1987],[74.2798,17.173],[74.2372,17.1579],[74.249,17.1407],[74.1872,17.1496],[74.1456,17.1198],[74.112,17.1216],[74.0979,17.1021],[74.0519,17.1038],[74.0329,17.0921],[73.983,17.1298],[73.8881,17.1552],[73.8732,17.19],[73.8292,17.2296],[73.8099,17.2322],[73.7661,17.189],[73.8504,17.1535],[73.9029,17.1031],[73.918,17.0688],[73.9322,17.0742],[73.9609,17.0552],[73.9844,17.0291],[73.9723,16.9939],[74.0238,16.9851],[74.0246,16.9429],[74.0675,16.9042],[74.122,16.9123],[74.1491,16.8847],[74.1713,16.899],[74.2133,16.8931],[74.2244,16.9115],[74.245,16.886],[74.2827,16.9163],[74.2984,16.8925],[74.356,16.8707],[74.3623,16.8542],[74.4038,16.8807],[74.4165,16.878],[74.4095,16.845],[74.4618,16.8524],[74.4717,16.8679],[74.4959,16.8576],[74.4993,16.8301],[74.5182,16.8573],[74.5608,16.807],[74.6328,16.7867],[74.6491,16.7519],[74.7014,16.7348],[74.6942,16.7176],[74.7185,16.7157],[74.7753,16.751],[74.7968,16.7481],[74.8516,16.7732],[74.9207,16.7724],[74.9088,16.8583],[74.9366,16.8789],[74.9611,16.8802],[74.9643,16.9077],[74.9239,16.9279],[74.9353,16.9433],[74.9829,16.9313],[75.0009,16.9481],[75.0276,16.9439],[75.0292,16.928],[75.0879,16.951],[75.0955,16.9163],[75.1361,16.8953],[75.1389,16.876],[75.1696,16.8673],[75.1876,16.876],[75.1811,16.8445],[75.2139,16.8428],[75.2281,16.8434],[75.2416,16.867],[75.2665,16.8634],[75.281,16.8768],[75.2867,16.9572],[75.3438,16.955],[75.3934,16.9788],[75.4298,16.9659],[75.4668,16.9878],[75.4887,16.9679],[75.4915,16.9454],[75.532,16.9692],[75.5696,16.9662],[75.5751,17.0103],[75.6089,17.0057],[75.61,16.9722],[75.6358,16.9684],[75.6445,16.9537],[75.671,16.9612],[75.6718,17.0383],[75.6535,17.0332],[75.6451,17.0431],[75.678,17.0654],[75.6781,17.0967],[75.6736,17.116],[75.6531,17.1156],[75.6274,17.1725],[75.6301,17.1885],[75.6616,17.2107],[75.6594,17.2638],[75.6543,17.2756],[75.6317,17.2745],[75.624,17.2961],[75.6052,17.3055]]]}},{"type":"Feature","properties":{"name":"Satara","state":"Maharashtra","level":"district"},"geometry":{"type":"Polygon","coordinates":[[[74.7113,18.0302],[74.6666,18.0701],[74.6421,18.0453],[74.6298,18.0562],[74.5836,18.0473],[74.5584,18.0711],[74.4649,18.0481],[74.4365,18.0652],[74.3811,18.0713],[74.357,18.0971],[74.2988,18.0702],[74.2391,18.0994],[74.1638,18.1072],[74.125,18.1297],[74.0847,18.1208],[74.0625,18.138],[74.0328,18.1324],[73.9469,18.1813],[73.9056,18.1607],[73.8949,18.184],[73.8752,18.1702],[73.9047,18.1368],[73.8917,18.1166],[73.8632,18.1206],[73.8815,18.0853],[73.8588,18.0323],[73.8481,18.0417],[73.7927,18.0229],[73.7067,18.0489],[73.6513,18.0232],[73.6572,18.0138],[73.6271,17.9853],[73.6369,17.9691],[73.5957,17.9363],[73.577,17.9441],[73.5759,17.9286],[73.5359,17.8945],[73.5617,17.8922],[73.578,17.859],[73.5975,17.8485],[73.5839,17.8302],[73.6036,17.7955],[73.5845,17.7881],[73.5899,17.7656],[73.5674,17.7227],[73.5949,17.7003],[73.616,17.7134],[73.6899,17.6882],[73.6825,17.6783],[73.7043,17.6588],[73.6933,17.628],[73.7258,17.6204],[73.7172,17.6077],[73.7304,17.5916],[73.7177,17.5745],[73.7479,17.5569],[73.7427,17.5323],[73.6961,17.4872],[73.7087,17.4664],[73.7061,17.424],[73.6845,17.4178],[73.6706,17.3943],[73.6455,17.392],[73.6832,17.3642],[73.6784,17.296],[73.691,17.286],[73.6995,17.2298],[73.7176,17.2111],[73.7498,17.2102],[73.7691,17.1872],[73.8099,17.2322],[73.8292,17.2296],[73.8732,17.19],[73.8881,17.1552],[73.983,17.1298],[74.0329,17.0921],[74.0519,17.1038],[74.0979,17.1021],[74.112,17.1216],[74.1456,17.1198],[74.1872,17.1496],[74.249,17.1407],[74.2372,17.1579],[74.2798,17.173],[74.288,17.1987],[74.2728,17.2204],[74.2907,17.2423],[74.2664,17.2563],[74.258,17.2941],[74.2954,17.3163],[74.281,17.3382],[74.2876,17.3582],[74.2561,17.3592],[74.2873,17.4181],[74.3488,17.4177],[74.4956,17.3837],[74.5357,17.417],[74.5909,17.4152],[74.6115,17.4432],[74.6363,17.3993],[74.7124,17.3824],[74.7198,17.4177],[74.7105,17.4848],[74.8112,17.4526],[74.8623,17.5072],[74.8597,17.5568],[74.8801,17.5693],[74.8814,17.5994],[74.9065,17.6273],[74.8898,17.6758],[74.8675,17.6964],[74.8758,17.7238],[74.8414,17.7259],[74.7809,17.7714],[74.7656,17.7596],[74.7481,17.7638],[74.7573,17.7806],[74.7413,17.7885],[74.7488,17.7983],[74.7031,17.7864],[74.6798,17.8508],[74.662,17.862],[74.6433,17.8299],[74.6097,17.8473],[74.636,17.8731],[74.6359,17.9012],[74.659,17.9304],[74.6657,18.0014],[74.7113,18.0302]]]}},{"type":"Feature","properties":{"name":"Sindhudurg","state":"Maharashtra","level":"district"},"geometry":{"type":"Polygon","coordinates":[[[74.1194,15.6537],[74.0901,15.6739],[74.1274,15.6815],[74.1354,15.7034],[74.1244,15.721],[74.1616,15.7523],[74.1985,15.7564],[74.2116,15.7818],[74.1746,15.7752],[74.1565,15.7887],[74.1604,15.8223],[74.1431,15.8225],[74.1455,15.8325],[74.1124,15.8225],[74.1045,15.8403],[74.0713,15.8341],[74.0676,15.8144],[74.0362,15.8044],[74.0334,15.8348],[74.0939,15.8726],[74.0746,15.9491],[74.0673,15.9415],[74.047,15.9576],[74.0919,16.0073],[74.0885,16.0166],[74.0577,16.052],[74.0497,16.0351],[74.0029,16.0386],[73.9986,16.0893],[73.9087,16.1006],[73.8996,16.0899],[73.8614,16.1081],[73.8465,16.0962],[73.8592,16.0759],[73.8368,16.0948],[73.856,16.1366],[73.8469,16.1532],[73.8683,16.1392],[73.8684,16.1474],[73.911,16.1362],[73.9171,16.1733],[73.9479,16.1731],[73.9433,16.1877],[73.9609,16.2012],[73.9286,16.201],[73.927,16.2198],[73.9488,16.2391],[73.9452,16.2439],[73.8941,16.2318],[73.9212,16.2468],[73.8827,16.2803],[73.9036,16.305],[73.9058,16.3292],[73.8675,16.3101],[73.8581,16.3159],[73.8483,16.301],[73.8423,16.3177],[73.8499,16.3262],[73.8368,16.3468],[73.8674,16.3746],[73.8389,16.4039],[73.8896,16.4584],[73.886,16.4756],[73.8547,16.4881],[73.8494,16.5272],[73.8192,16.5458],[73.8337,16.5473],[73.8644,16.6092],[73.8551,16.6511],[73.7738,16.6635],[73.7667,16.6024],[73.7262,16.6042],[73.6908,16.6248],[73.6496,16.5654],[73.6247,16.5835],[73.5972,16.5433],[73.544,16.5161],[73.4961,16.5194],[73.4664,16.4942],[73.3667,16.517],[73.3335,16.5621],[73.3179,16.5561],[73.3159,16.5131],[73.3417,16.4753],[73.3657,16.3981],[73.3878,16.3943],[73.3741,16.3761],[73.3714,16.3897],[73.3683,16.364],[73.3864,16.36],[73.4402,16.1875],[73.4652,16.0884],[73.4553,16.0553],[73.4688,16.0489],[73.4593,16.0457],[73.457,16.0408],[73.4819,16.038],[73.5105,15.9376],[73.539,15.9368],[73.5886,15.9078],[73.6131,15.8549],[73.6259,15.8515],[73.6632,15.7627],[73.6532,15.7439],[73.7026,15.7232],[73.7335,15.7215],[73.7464,15.737],[73.7892,15.7261],[73.8261,15.7405],[73.858,15.8005],[73.8792,15.7729],[73.8763,15.7506],[73.9394,15.7395],[73.9509,15.6969],[73.9675,15.6912],[73.9657,15.64],[74.0001,15.6071],[74.0259,15.6039],[74.0351,15.6193],[74.1133,15.6409],[74.1194,15.6537]]]}},{"type":"Feature","properties":{"name":"Solapur","state":"Maharashtra","level":"district"},"geometry":{"type":"Polygon","coordinates":[[[76.0742,17.3348],[76.1221,17.3688],[76.1642,17.3435],[76.1649,17.3029],[76.1768,17.2998],[76.1849,17.3137],[76.1734,17.3513],[76.2456,17.3773],[76.2513,17.3605],[76.2715,17.3592],[76.2772,17.3332],[76.3187,17.3321],[76.3145,17.3459],[76.3452,17.3526],[76.3539,17.3133],[76.3834,17.3146],[76.4124,17.3504],[76.4098,17.372],[76.3636,17.3778],[76.3748,17.437],[76.3352,17.4349],[76.3323,17.4714],[76.3765,17.4957],[76.345,17.4969],[76.3478,17.5139],[76.3677,17.5247],[76.3415,17.545],[76.3331,17.5973],[76.4173,17.6066],[76.4304,17.6468],[76.3821,17.6604],[76.3801,17.6864],[76.32,17.6978],[76.3,17.7298],[76.2722,17.7283],[76.2404,17.6987],[76.1907,17.6832],[76.1504,17.6998],[76.1463,17.7551],[76.1232,17.7698],[76.1008,17.762],[76.0972,17.7794],[76.0284,17.7667],[76.0071,17.7509],[76.0193,17.8298],[75.9788,17.8431],[75.9692,17.8195],[75.9405,17.8525],[75.9204,17.8333],[75.8589,17.8646],[75.839,17.9397],[75.8529,18.0072],[75.9008,18.0074],[75.9192,17.9749],[75.9619,17.9804],[75.9766,17.9714],[76.017,18.0403],[75.9927,18.0625],[75.9937,18.0944],[75.9625,18.0905],[75.9432,18.1241],[75.9612,18.1597],[75.9399,18.2128],[75.9489,18.2392],[75.9281,18.2615],[75.9252,18.303],[75.8879,18.3643],[75.7996,18.3848],[75.7646,18.4407],[75.7293,18.4348],[75.7096,18.3968],[75.7288,18.3869],[75.721,18.3384],[75.6906,18.325],[75.6526,18.3312],[75.6198,18.2751],[75.6344,18.2651],[75.6337,18.2486],[75.5757,18.2408],[75.5554,18.2019],[75.5517,18.1457],[75.5342,18.1352],[75.509,18.1603],[75.492,18.1571],[75.492,18.1748],[75.471,18.1754],[75.4662,18.162],[75.4311,18.1787],[75.4331,18.2624],[75.3978,18.2659],[75.3951,18.3087],[75.4085,18.3248],[75.3905,18.3296],[75.335,18.3912],[75.2861,18.4086],[75.3047,18.4351],[75.3004,18.499],[75.3153,18.5193],[75.2622,18.5096],[75.2409,18.5442],[75.2163,18.5552],[75.1983,18.5292],[75.1358,18.527],[75.1266,18.4946],[75.1066,18.49],[75.0936,18.4346],[75.0795,18.4213],[75.0172,18.4374],[75.0051,18.4036],[74.9168,18.3778],[74.9083,18.3569],[74.8721,18.3536],[74.8626,18.3345],[74.8344,18.3381],[74.8373,18.2949],[74.798,18.2984],[74.7975,18.28],[74.843,18.244],[74.952,18.2642],[74.9941,18.2417],[75.0456,18.2629],[75.0095,18.2128],[75.0229,18.1882],[75.1049,18.221],[75.1151,18.2003],[75.0926,18.1468],[75.0947,18.123],[75.1637,18.1195],[75.1312,18.0761],[75.0932,18.0691],[75.0847,18.0428],[75.026,17.9818],[75.0225,17.9628],[75.0413,17.9475],[75.06,17.952],[75.0715,17.9765],[75.103,17.9735],[75.1148,17.9985],[75.1359,17.9703],[75.1172,17.967],[75.1316,17.955],[75.1157,17.9374],[75.0855,17.9395],[75.0842,17.9193],[75.0492,17.9219],[75.0554,17.9027],[75.0249,17.8929],[75.019,17.9082],[74.9444,17.9255],[74.9393,17.9408],[74.8527,17.9464],[74.8459,17.9531],[74.8648,17.9921],[74.834,17.9929],[74.8168,18.0174],[74.8083,17.9973],[74.7648,18.0248],[74.7113,18.0302],[74.6657,18.0014],[74.659,17.9304],[74.6359,17.9012],[74.636,17.8731],[74.6097,17.8473],[74.6433,17.8299],[74.662,17.862],[74.6798,17.8508],[74.7031,17.7864],[74.7488,17.7983],[74.7413,17.7885],[74.7573,17.7806],[74.7481,17.7638],[74.7656,17.7596],[74.7809,17.7714],[74.8414,17.7259],[74.8742,17.7267],[74.8675,17.6964],[74.8898,17.6758],[74.911,17.6204],[74.9285,17.6177],[74.9219,17.5768],[74.9641,17.5911],[74.9645,17.5643],[74.9898,17.5424],[74.945,17.5188],[74.9461,17.5069],[74.9815,17.4652],[75.0286,17.4945],[75.0407,17.4832],[75.0353,17.4206],[75.001,17.4076],[75.0082,17.3687],[74.9698,17.3414],[74.9628,17.2942],[74.9385,17.2739],[74.9103,17.275],[74.8796,17.2127],[74.8518,17.2117],[74.8733,17.2091],[74.8731,17.191],[74.8984,17.1944],[74.8891,17.1804],[74.8971,17.1762],[74.9481,17.1775],[74.9501,17.198],[74.9831,17.195],[75.0182,17.2259],[75.0805,17.2226],[75.0813,17.2485],[75.1809,17.2372],[75.1927,17.2673],[75.2049,17.2696],[75.2489,17.2558],[75.2403,17.217],[75.2148,17.2],[75.2337,17.1812],[75.2702,17.184],[75.2742,17.1491],[75.297,17.1469],[75.3061,17.1716],[75.2854,17.1934],[75.2897,17.216],[75.3319,17.2195],[75.3348,17.2333],[75.3627,17.2363],[75.3683,17.1917],[75.4069,17.1841],[75.4042,17.2119],[75.423,17.2657],[75.4681,17.2522],[75.4647,17.2397],[75.5161,17.2401],[75.5578,17.2856],[75.6052,17.3055],[75.6124,17.3445],[75.584,17.352],[75.5777,17.3851],[75.6151,17.394],[75.6094,17.4217],[75.6349,17.4796],[75.677,17.4601],[75.6907,17.4148],[75.7148,17.4111],[75.7367,17.4241],[75.7695,17.4091],[75.7821,17.3811],[75.8022,17.3724],[75.815,17.3761],[75.8247,17.4251],[75.856,17.4099],[75.862,17.3882],[75.8874,17.4196],[75.8939,17.356],[75.9315,17.3265],[76.0552,17.3568],[76.0742,17.3348]]]}},{"type":"Feature","properties":{"name":"Thane","state":"Maharashtra","level":"district"},"geometry":{"type":"Polygon","coordinates":[[[73.6213,19.5877],[73.5787,19.6021],[73.5876,19.6093],[73.5671,19.6172],[73.5648,19.643],[73.5076,19.7075],[73.385,19.6847],[73.3545,19.6624],[73.3431,19.6818],[73.3144,19.6598],[73.2729,19.6813],[73.2587,19.6456],[73.2713,19.6069],[73.2436,19.6129],[73.234,19.5943],[73.1802,19.5816],[73.1975,19.5387],[73.1514,19.4963],[73.1227,19.4895],[73.1207,19.4665],[73.0578,19.4513],[73.0074,19.488],[72.9948,19.4852],[72.9818,19.4665],[72.9848,19.4443],[73.0081,19.4209],[72.9667,19.3727],[72.9476,19.3705],[72.9334,19.3156],[72.9394,19.2876],[72.8979,19.2883],[72.8426,19.3185],[72.8147,19.3032],[72.7867,19.3069],[72.7807,19.2706],[72.8194,19.2462],[72.8572,19.2693],[72.9088,19.2474],[72.9385,19.1904],[72.9723,19.1774],[72.984,19.1567],[72.9689,19.0942],[72.9735,19.0597],[72.9938,19.0596],[73.0068,19.0302],[73.0024,19.0042],[73.0154,18.9988],[73.0473,19.0177],[73.0481,19.0986],[73.0652,19.1113],[73.1315,19.1108],[73.1452,19.1267],[73.1779,19.1097],[73.1992,19.1254],[73.2477,19.0646],[73.2806,19.0852],[73.3015,19.0756],[73.3179,19.0827],[73.3121,19.108],[73.3513,19.1294],[73.4737,19.1356],[73.5407,19.1225],[73.5462,19.1433],[73.5341,19.1562],[73.5456,19.1836],[73.6101,19.19],[73.6153,19.2069],[73.6342,19.2028],[73.6636,19.2398],[73.6915,19.2449],[73.6972,19.2574],[73.6728,19.2889],[73.675,19.3033],[73.7171,19.3272],[73.7991,19.3368],[73.773,19.3961],[73.731,19.4151],[73.7301,19.4309],[73.688,19.4444],[73.6769,19.4632],[73.7103,19.497],[73.6876,19.5168],[73.6695,19.5149],[73.6576,19.5354],[73.6362,19.5335],[73.6213,19.5877]]]}},{"type":"Feature","properties":{"name":"Wardha","state":"Maharashtra","level":"district"},"geometry":{"type":"Polygon","coordinates":[[[79.2251,20.5827],[79.193,20.5967],[79.1433,20.6764],[79.1074,20.6862],[79.1046,20.7127],[78.9456,20.7675],[78.9472,20.7945],[78.916,20.807],[78.9164,20.8357],[78.8889,20.8423],[78.8755,20.8273],[78.8652,20.8719],[78.8416,20.881],[78.8429,20.8911],[78.8102,20.8767],[78.7789,20.8917],[78.7499,20.9438],[78.7356,20.9475],[78.7314,21.0052],[78.6526,21.0364],[78.6437,21.06],[78.6074,21.0697],[78.6112,21.0891],[78.5991,21.0907],[78.597,21.1091],[78.5554,21.1184],[78.4787,21.2201],[78.3335,21.2511],[78.3268,21.2717],[78.308,21.2743],[78.314,21.2923],[78.2955,21.2951],[78.2608,21.3299],[78.1585,21.3303],[78.1058,21.3553],[78.0757,21.3538],[78.0686,21.2993],[78.0823,21.2783],[78.0618,21.2747],[78.0561,21.2497],[78.0993,21.1997],[78.0951,21.1774],[78.1459,21.1377],[78.1328,21.1135],[78.1545,21.0754],[78.1381,21.0046],[78.1501,20.9864],[78.1467,20.9528],[78.1685,20.9435],[78.185,20.9052],[78.2165,20.9088],[78.2562,20.887],[78.2944,20.8282],[78.3094,20.8349],[78.3184,20.8236],[78.2961,20.803],[78.3088,20.7238],[78.2505,20.6436],[78.2645,20.58],[78.2804,20.563],[78.4131,20.512],[78.4546,20.5124],[78.4815,20.5289],[78.5097,20.5202],[78.5379,20.4636],[78.5714,20.433],[78.6044,20.4291],[78.6117,20.4428],[78.6486,20.4324],[78.6929,20.3574],[78.7098,20.3499],[78.7087,20.31],[78.7347,20.3054],[78.7395,20.2933],[78.8023,20.2984],[78.8306,20.3198],[78.8199,20.3934],[78.8561,20.4095],[78.8423,20.4316],[78.8719,20.4223],[78.8997,20.4378],[78.9513,20.429],[78.969,20.4591],[78.9902,20.4634],[79.0023,20.4482],[79.0244,20.4791],[79.1215,20.4506],[79.2148,20.547],[79.2251,20.5827]]]}},{"type":"Feature","properties":{"name":"Washim","state":"Maharashtra","level":"district"},"geometry":{"type":"Polygon","coordinates":[[[76.8224,20.281],[76.8277,20.2465],[76.8122,20.2202],[76.7876,20.2036],[76.748,20.2053],[76.7502,20.1669],[76.7627,20.1623],[76.7594,20.1314],[76.6716,20.127],[76.6484,20.069],[76.6311,20.0829],[76.6256,20.0503],[76.6633,20.0485],[76.6596,20.0013],[76.6462,19.9824],[76.6606,19.9769],[76.6601,19.9636],[76.6388,19.9591],[76.6342,19.9271],[76.6075,19.9216],[76.6125,19.8911],[76.6573,19.8977],[76.6477,19.8662],[76.6641,19.8504],[76.686,19.8497],[76.6921,19.873],[76.7401,19.8726],[76.7472,19.9072],[76.768,19.9043],[76.7741,19.9333],[76.8242,19.9273],[76.8378,19.9614],[76.8969,19.9466],[76.9016,19.9632],[76.9898,19.9967],[76.994,20.0183],[77.0159,20.0032],[77.0471,20.0078],[77.0853,19.9579],[77.1487,20.002],[77.1976,19.998],[77.2149,19.9368],[77.2494,19.9063],[77.2382,19.8965],[77.2697,19.8978],[77.3083,19.9631],[77.3257,19.9568],[77.3407,19.9697],[77.3416,20.0069],[77.3744,20.0468],[77.3558,20.0688],[77.3701,20.1016],[77.4565,20.0709],[77.5267,20.0946],[77.5815,20.0303],[77.6265,20.0419],[77.6723,20.1049],[77.6848,20.145],[77.682,20.1695],[77.6543,20.1742],[77.6472,20.1907],[77.6604,20.2026],[77.6692,20.2482],[77.6123,20.2645],[77.585,20.3259],[77.5683,20.3339],[77.5761,20.3931],[77.5855,20.4121],[77.597,20.4111],[77.602,20.4454],[77.6173,20.4614],[77.6482,20.4495],[77.6555,20.4873],[77.6917,20.5239],[77.671,20.5377],[77.6455,20.5298],[77.6537,20.5648],[77.6314,20.5674],[77.6563,20.6477],[77.6535,20.6632],[77.6376,20.658],[77.6342,20.7121],[77.6148,20.7196],[77.6371,20.7557],[77.5918,20.7578],[77.5664,20.7216],[77.5223,20.7321],[77.5087,20.7106],[77.5442,20.6761],[77.5135,20.6836],[77.5182,20.6736],[77.505,20.6648],[77.4969,20.6806],[77.4719,20.6886],[77.4573,20.6545],[77.4346,20.6619],[77.4675,20.6107],[77.4184,20.609],[77.4046,20.5793],[77.3662,20.5819],[77.3631,20.5681],[77.3411,20.5772],[77.3369,20.5272],[77.3986,20.5264],[77.3817,20.4837],[77.3681,20.4803],[77.372,20.4985],[77.3297,20.4992],[77.3277,20.4858],[77.3471,20.4796],[77.3493,20.4655],[77.3019,20.448],[77.2962,20.4203],[77.2512,20.438],[77.242,20.429],[77.2258,20.4486],[77.1874,20.4493],[77.1933,20.4076],[77.1529,20.4015],[77.1417,20.3832],[77.1243,20.4103],[77.0863,20.4218],[77.0789,20.438],[77.0254,20.4509],[77.0183,20.4133],[76.9946,20.4091],[76.9985,20.3953],[76.9775,20.3831],[76.9803,20.3725],[76.9353,20.371],[76.9011,20.3411],[76.8929,20.3186],[76.9094,20.3146],[76.8855,20.2982],[76.8837,20.2828],[76.8406,20.302],[76.8224,20.281]]]}},{"type":"Feature","properties":{"name":"Yavatmal","state":"Maharashtra","level":"district"},"geometry":{"type":"Polygon","coordinates":[[[77.288,19.9361],[77.2934,19.8999],[77.3184,19.9068],[77.2993,19.8802],[77.3243,19.8856],[77.366,19.8587],[77.3642,19.8336],[77.3469,19.8344],[77.3475,19.8258],[77.3629,19.8157],[77.3906,19.8216],[77.3842,19.7887],[77.4106,19.7732],[77.3877,19.7666],[77.3839,19.7294],[77.3974,19.7264],[77.414,19.7442],[77.4414,19.7227],[77.4467,19.6883],[77.6081,19.6476],[77.6301,19.6087],[77.6454,19.6084],[77.6499,19.5562],[77.6348,19.5563],[77.7503,19.5224],[77.7409,19.4837],[77.7146,19.4771],[77.6966,19.4416],[77.7496,19.4317],[77.7988,19.4511],[77.8054,19.465],[77.8353,19.44],[77.8481,19.4565],[77.8281,19.4761],[77.8475,19.4874],[77.8434,19.5105],[77.8621,19.5202],[77.886,19.501],[77.9079,19.5336],[77.942,19.4997],[77.9594,19.5116],[77.9763,19.5067],[77.9923,19.4565],[78.0137,19.4661],[78.0265,19.498],[78.0684,19.4676],[78.1194,19.4976],[78.1368,19.5318],[78.1205,19.5543],[78.1896,19.568],[78.1963,19.6189],[78.1796,19.6557],[78.1316,19.6678],[78.0904,19.6458],[78.0569,19.6717],[78.0477,19.6995],[77.989,19.6814],[77.986,19.7],[77.9341,19.74],[77.8965,19.7262],[77.8773,19.7451],[77.8618,19.7435],[77.8661,19.772],[77.8497,19.8014],[77.896,19.8766],[77.9401,19.8932],[77.9545,19.9118],[78.0125,19.9148],[78.0538,19.9313],[78.079,19.9012],[78.1036,19.8973],[78.15,19.9166],[78.2011,19.9033],[78.2533,19.93],[78.2602,19.9124],[78.2429,19.8881],[78.2553,19.8736],[78.2813,19.8858],[78.2875,19.9113],[78.3335,19.9171],[78.3304,19.8915],[78.3894,19.8803],[78.4029,19.8376],[78.4815,19.8176],[78.4993,19.7945],[78.5317,19.823],[78.6092,19.8189],[78.7016,19.7912],[78.7222,19.7684],[78.7488,19.7812],[78.7907,19.7804],[78.8134,19.7597],[78.8755,19.7683],[78.8835,19.7466],[78.9034,19.7377],[78.9494,19.7492],[78.9409,19.7789],[78.9584,19.8038],[79.0209,19.7997],[79.0433,19.8178],[79.0669,19.8158],[79.1363,19.8662],[79.1521,19.8937],[79.0953,19.9153],[79.094,19.9462],[79.1102,19.9664],[79.0942,19.9777],[79.1157,19.989],[79.1082,20.0104],[79.0171,20.1134],[78.971,20.1238],[78.9819,20.1492],[78.9556,20.1689],[78.9631,20.2034],[78.9222,20.2378],[78.9218,20.2529],[78.8206,20.2475],[78.8023,20.2984],[78.7395,20.2933],[78.7347,20.3054],[78.7087,20.31],[78.7098,20.3499],[78.6929,20.3574],[78.6486,20.4324],[78.6117,20.4428],[78.6044,20.4291],[78.5714,20.433],[78.5379,20.4636],[78.5097,20.5202],[78.4815,20.5289],[78.4546,20.5124],[78.4131,20.512],[78.2804,20.563],[78.2645,20.58],[78.2505,20.6436],[78.2801,20.697],[78.2602,20.6962],[78.2546,20.6845],[78.2139,20.6899],[78.2096,20.6771],[78.1834,20.6778],[78.1596,20.6597],[78.1328,20.6649],[78.1319,20.6486],[78.1128,20.6495],[78.1125,20.6407],[78.0939,20.6415],[78.1009,20.6665],[78.0896,20.6726],[78.0392,20.667],[78.0218,20.6428],[78.0272,20.6334],[77.9967,20.6234],[77.9744,20.5907],[77.9347,20.5776],[77.9249,20.5591],[77.913,20.566],[77.9197,20.6051],[77.8937,20.624],[77.8473,20.5882],[77.8474,20.571],[77.8382,20.5661],[77.8121,20.5877],[77.8076,20.5674],[77.7722,20.5405],[77.7425,20.5619],[77.6674,20.581],[77.6455,20.5298],[77.671,20.5377],[77.6917,20.5239],[77.6555,20.4873],[77.6482,20.4495],[77.6173,20.4614],[77.602,20.4454],[77.597,20.4111],[77.5855,20.4121],[77.5761,20.3931],[77.5683,20.3339],[77.585,20.3259],[77.6123,20.2645],[77.6692,20.2482],[77.6604,20.2026],[77.6472,20.1907],[77.6543,20.1742],[77.682,20.1695],[77.6723,20.1049],[77.6265,20.0419],[77.5815,20.0303],[77.5267,20.0946],[77.4565,20.0709],[77.3701,20.1016],[77.3558,20.0688],[77.3744,20.0468],[77.3416,20.0069],[77.3407,19.9697],[77.3257,19.9568],[77.3083,19.9631],[77.288,19.9361]]]}},{"type":"Feature","properties":{"name":"Anugul","state":"Odisha","level":"district"},"geometry":{"type":"Polygon","coordinates":[[[84.2674,20.8899],[84.3571,20.8362],[84.3571,20.7821],[84.3719,20.7634],[84.4263,20.7422],[84.457,20.744],[84.5715,20.6878],[84.6375,20.6254],[84.7032,20.6123],[84.7341,20.6184],[84.7781,20.6025],[84.8514,20.5288],[84.8979,20.5809],[84.951,20.5813],[84.9862,20.5677],[84.9921,20.5832],[85.0269,20.588],[85.0669,20.5776],[85.093,20.6114],[85.1229,20.6105],[85.1367,20.64],[85.1148,20.6823],[85.1404,20.7299],[85.1535,20.7319],[85.1753,20.7011],[85.168,20.6595],[85.1968,20.6781],[85.2157,20.7367],[85.2442,20.7417],[85.2626,20.7626],[85.2487,20.7592],[85.2576,20.7713],[85.268,20.7671],[85.3007,20.7969],[85.2916,20.8165],[85.3063,20.8291],[85.2911,20.8799],[85.2431,20.9039],[85.2446,20.9605],[85.2637,20.9806],[85.2583,20.991],[85.1731,21.0447],[85.1689,21.058],[85.1862,21.0809],[85.2332,21.0717],[85.2508,21.1146],[85.2441,21.1246],[85.2736,21.1744],[85.2911,21.1812],[85.3207,21.1608],[85.3408,21.1797],[85.3513,21.169],[85.3836,21.1703],[85.3945,21.185],[85.4083,21.1786],[85.3681,21.2406],[85.3004,21.2748],[85.287,21.266],[85.2738,21.2756],[85.2745,21.3021],[85.3156,21.3294],[85.3265,21.32],[85.3435,21.3593],[85.307,21.3954],[85.3051,21.4144],[85.275,21.4276],[85.2591,21.4516],[85.3085,21.4496],[85.3336,21.482],[85.3241,21.532],[85.3016,21.5398],[85.3135,21.5652],[85.2876,21.5875],[85.2921,21.6027],[85.2652,21.6289],[85.2509,21.6765],[85.1939,21.6637],[85.1834,21.6548],[85.197,21.6407],[85.1912,21.6245],[85.1705,21.6228],[85.1543,21.6052],[85.1502,21.5945],[85.1909,21.5879],[85.2154,21.5545],[85.2061,21.5209],[85.1572,21.4609],[85.0772,21.4578],[85.06,21.4429],[85.024,21.4574],[85.0209,21.4438],[85.0141,21.453],[85.0039,21.4402],[84.9957,21.4111],[85.0129,21.3182],[85.0372,21.2949],[84.992,21.2889],[84.9631,21.2991],[84.9016,21.2597],[84.9306,21.2323],[84.9434,21.1978],[84.9684,21.1919],[84.9737,21.1617],[84.9628,21.1492],[84.9499,21.1762],[84.9341,21.1813],[84.9363,21.1575],[84.9224,21.1426],[84.8805,21.1657],[84.8232,21.1731],[84.7995,21.1674],[84.8189,21.1457],[84.8003,21.1341],[84.7446,21.1711],[84.7254,21.1498],[84.6854,21.1495],[84.6706,21.096],[84.6831,21.0647],[84.6516,21.0849],[84.5891,21.0644],[84.5351,21.0891],[84.485,21.0831],[84.442,21.0351],[84.4105,21.0313],[84.4358,21.0148],[84.4072,20.9795],[84.3724,20.9554],[84.3321,20.9527],[84.2827,20.9277],[84.2674,20.8899]]]}},{"type":"Feature","properties":{"name":"Balangir","state":"Odisha","level":"district"},"geometry":{"type":"Polygon","coordinates":[[[83.4592,21.0555],[83.4277,21.0322],[83.3981,21.0681],[83.3586,21.0701],[83.3247,21.0559],[83.2969,21.016],[83.33,20.9854],[83.3645,21.0061],[83.3862,20.9937],[83.3833,20.9439],[83.4163,20.9103],[83.4131,20.8966],[83.3507,20.877],[83.333,20.8848],[83.3202,20.8637],[83.2828,20.8446],[83.2541,20.9199],[83.2194,20.9356],[83.2014,20.907],[83.1477,20.8835],[83.1325,20.8641],[83.1047,20.8766],[83.0908,20.8617],[83.0138,20.8615],[82.9934,20.8497],[82.968,20.8974],[82.9295,20.8884],[82.9153,20.9066],[82.8909,20.9093],[82.7759,20.8079],[82.7488,20.7736],[82.7376,20.726],[82.7029,20.7263],[82.6963,20.6813],[82.7241,20.6723],[82.7432,20.6236],[82.7303,20.5817],[82.7134,20.5675],[82.7075,20.5008],[82.6869,20.455],[82.7322,20.3848],[82.7168,20.3625],[82.7713,20.3553],[82.8173,20.3837],[82.7923,20.3266],[82.8147,20.3287],[82.8175,20.3592],[82.855,20.3376],[82.8507,20.2938],[82.8401,20.2955],[82.8373,20.3211],[82.8232,20.3224],[82.8144,20.2957],[82.8601,20.2774],[82.8584,20.2185],[82.849,20.1969],[82.8182,20.189],[82.8132,20.1735],[82.8614,20.1634],[82.8837,20.146],[82.9113,20.1491],[82.9324,20.1799],[83.0134,20.1711],[83.091,20.1992],[83.1282,20.1945],[83.1455,20.1708],[83.1837,20.1734],[83.2264,20.2056],[83.2412,20.2592],[83.2853,20.2815],[83.3003,20.3041],[83.3603,20.3156],[83.3704,20.3433],[83.4122,20.3731],[83.4235,20.4039],[83.4877,20.4546],[83.4919,20.4067],[83.5082,20.416],[83.5558,20.401],[83.5771,20.3657],[83.6251,20.3513],[83.63,20.3692],[83.6553,20.3683],[83.6488,20.3866],[83.6659,20.4236],[83.5849,20.4867],[83.5722,20.4851],[83.5829,20.5243],[83.6062,20.5305],[83.5954,20.5426],[83.5958,20.6042],[83.6224,20.6311],[83.6777,20.7428],[83.6533,20.7525],[83.6559,20.7736],[83.6376,20.7723],[83.6255,20.8273],[83.5738,20.8534],[83.5797,20.874],[83.6208,20.9042],[83.6112,20.9339],[83.6415,20.9814],[83.5752,20.9756],[83.4708,20.9981],[83.4506,21.0197],[83.4592,21.0555]]]}},{"type":"Feature","properties":{"name":"Baleshwar","state":"Odisha","level":"district"},"geometry":{"type":"Polygon","coordinates":[[[87.443,21.7697],[87.3871,21.7762],[87.3739,21.7655],[87.3559,21.7911],[87.3405,21.7845],[87.2967,21.8108],[87.2755,21.8087],[87.2388,21.9007],[87.2548,21.927],[87.2394,21.9388],[87.2377,21.9598],[87.1993,21.9591],[87.1715,21.9784],[87.1624,21.9356],[87.1088,21.9229],[87.0929,21.9029],[87.1051,21.857],[87.1756,21.8144],[87.1593,21.7686],[87.1455,21.7639],[87.1238,21.7718],[87.1188,21.7865],[87.1054,21.7836],[87.1223,21.7553],[87.1014,21.7514],[87.095,21.7325],[87.0872,21.7379],[87.0937,21.727],[87.0716,21.7068],[87.0482,21.7111],[87.0477,21.7397],[87.0268,21.7412],[87.0383,21.6962],[87.0538,21.6837],[87.0309,21.6608],[87.015,21.6746],[86.9891,21.6674],[86.9933,21.6491],[87.0119,21.6483],[87.0006,21.6056],[87.0302,21.5828],[87.0126,21.5676],[86.9911,21.5772],[86.9607,21.5586],[86.8871,21.6255],[86.8797,21.6164],[86.895,21.585],[86.8796,21.574],[86.8546,21.6039],[86.8123,21.6071],[86.7921,21.5982],[86.754,21.6058],[86.7059,21.5849],[86.6876,21.5944],[86.6521,21.5793],[86.637,21.5296],[86.5849,21.5213],[86.5344,21.4283],[86.4893,21.3808],[86.4428,21.3562],[86.4274,21.3322],[86.3614,21.3007],[86.3742,21.2319],[86.4169,21.2098],[86.4367,21.2326],[86.4589,21.2357],[86.462,21.1597],[86.5111,21.1378],[86.5396,21.1606],[86.5581,21.1575],[86.592,21.0986],[86.6282,21.0938],[86.6312,21.0691],[86.6488,21.0639],[86.6459,21.0823],[86.6635,21.084],[86.6679,21.097],[86.6556,21.1092],[86.6717,21.1644],[86.7091,21.1834],[86.7756,21.1716],[86.7599,21.1991],[86.7741,21.2288],[86.8482,21.2397],[86.8963,21.3175],[86.9561,21.3839],[87.1186,21.5153],[87.2442,21.5499],[87.3933,21.5437],[87.3379,21.5769],[87.4042,21.5585],[87.4868,21.6112],[87.4857,21.6315],[87.4623,21.6505],[87.4698,21.7306],[87.4467,21.7345],[87.4548,21.7408],[87.443,21.7697]]]}},{"type":"Feature","properties":{"name":"Bargarh","state":"Odisha","level":"district"},"geometry":{"type":"Polygon","coordinates":[[[83.2772,21.3788],[83.2613,21.3234],[83.266,21.306],[83.2819,21.3026],[83.2749,21.2725],[83.2496,21.2803],[83.2255,21.264],[83.2262,21.2277],[83.2,21.1436],[83.1686,21.1355],[83.1412,21.1093],[83.0478,21.1229],[83.0002,21.1582],[82.9724,21.1596],[82.9633,21.1793],[82.8865,21.1529],[82.8761,21.1635],[82.8197,21.1622],[82.7962,21.143],[82.7596,21.1634],[82.6433,21.153],[82.6551,21.1285],[82.6392,21.0906],[82.6687,21.0693],[82.6938,21.0222],[82.6897,20.973],[82.7014,20.9409],[82.6856,20.8733],[82.6984,20.7578],[82.6908,20.7299],[82.7376,20.726],[82.7488,20.7736],[82.7759,20.8079],[82.8909,20.9093],[82.9153,20.9066],[82.9295,20.8884],[82.968,20.8974],[82.9934,20.8497],[83.0138,20.8615],[83.0908,20.8617],[83.1047,20.8766],[83.1325,20.8641],[83.1477,20.8835],[83.2014,20.907],[83.2194,20.9356],[83.2541,20.9199],[83.2828,20.8446],[83.3202,20.8637],[83.333,20.8848],[83.3507,20.877],[83.4131,20.8966],[83.4163,20.9103],[83.3833,20.9439],[83.3862,20.9937],[83.3645,21.0061],[83.33,20.9854],[83.2969,21.016],[83.3247,21.0559],[83.3945,21.07],[83.4277,21.0322],[83.4659,21.0606],[83.4989,21.0422],[83.4976,21.0623],[83.5498,21.0762],[83.6137,21.1295],[83.718,21.1216],[83.7699,21.1555],[83.7853,21.1526],[83.7996,21.1165],[83.8447,21.0979],[83.9111,21.224],[83.8914,21.2971],[83.8783,21.2943],[83.8715,21.3111],[83.8808,21.3906],[83.8494,21.4107],[83.8867,21.4393],[83.8467,21.5278],[83.8151,21.5402],[83.7271,21.6312],[83.6948,21.7021],[83.5986,21.7354],[83.5598,21.7435],[83.5271,21.6731],[83.4901,21.6431],[83.4916,21.6291],[83.477,21.6303],[83.47,21.609],[83.4484,21.6216],[83.4483,21.6527],[83.3753,21.6005],[83.3729,21.5532],[83.3417,21.4992],[83.3574,21.4477],[83.3773,21.4398],[83.4008,21.4015],[83.4314,21.3946],[83.4097,21.3849],[83.4079,21.3506],[83.3685,21.3483],[83.2772,21.3788]]]}},{"type":"Feature","properties":{"name":"Baudh","state":"Odisha","level":"district"},"geometry":{"type":"Polygon","coordinates":[[[83.689,20.5612],[83.5829,20.5243],[83.5753,20.4819],[83.5849,20.4867],[83.6659,20.4236],[83.6801,20.4297],[83.6954,20.4167],[83.7221,20.4352],[83.7788,20.4126],[83.7875,20.4437],[83.8096,20.4328],[83.8118,20.4504],[83.8296,20.4518],[83.7962,20.5103],[83.8187,20.5245],[83.8236,20.548],[83.8426,20.545],[83.8582,20.5728],[83.9146,20.5808],[83.917,20.6169],[83.9379,20.6038],[83.943,20.5831],[83.9724,20.5868],[84.0068,20.5702],[84.0743,20.5987],[84.1455,20.5845],[84.1782,20.6051],[84.1887,20.5913],[84.2213,20.5877],[84.2559,20.6057],[84.2825,20.6433],[84.2782,20.675],[84.3189,20.695],[84.3606,20.6744],[84.3855,20.6028],[84.393,20.5319],[84.4351,20.5092],[84.429,20.484],[84.4552,20.4685],[84.4653,20.4423],[84.4627,20.3974],[84.4872,20.3873],[84.5468,20.4226],[84.5615,20.4135],[84.6219,20.4349],[84.6749,20.4305],[84.6921,20.4428],[84.6846,20.4635],[84.7204,20.5263],[84.7444,20.5411],[84.7707,20.5319],[84.7961,20.5609],[84.7941,20.5817],[84.7637,20.6095],[84.6375,20.6254],[84.5715,20.6878],[84.457,20.744],[84.4263,20.7422],[84.3719,20.7634],[84.3571,20.7821],[84.361,20.8274],[84.3515,20.8421],[84.2298,20.903],[84.0548,20.8288],[83.9404,20.8416],[83.8985,20.8166],[83.845,20.8243],[83.7811,20.7994],[83.7632,20.7756],[83.7593,20.7161],[83.7186,20.6408],[83.7347,20.6229],[83.7314,20.6068],[83.689,20.5612]]]}},{"type":"Feature","properties":{"name":"Bhadrak","state":"Odisha","level":"district"},"geometry":{"type":"MultiPolygon","coordinates":[[[[86.3709,21.2391],[86.3528,21.2352],[86.3555,21.2106],[86.3399,21.1801],[86.2926,21.1762],[86.2734,21.1432],[86.3103,21.1119],[86.3067,21.0881],[86.3261,21.06],[86.3151,21.0571],[86.3065,21.0175],[86.2896,21.019],[86.282,20.907],[86.3358,20.8788],[86.3293,20.8661],[86.3547,20.8537],[86.4013,20.8644],[86.4522,20.8453],[86.498,20.869],[86.5698,20.8664],[86.5965,20.8577],[86.6246,20.8105],[86.6163,20.7982],[86.6458,20.7904],[86.6605,20.7992],[86.7104,20.7774],[86.7131,20.7632],[86.7602,20.771],[86.7575,20.7436],[86.7686,20.7357],[86.7975,20.7391],[86.7954,20.753],[86.8172,20.7527],[86.8226,20.7699],[86.8792,20.8086],[86.8847,20.7947],[86.9606,20.7876],[86.9714,20.8212],[86.9617,20.8584],[86.8238,21.1394],[86.8241,21.1754],[86.8482,21.2397],[86.7741,21.2288],[86.7599,21.1991],[86.7756,21.1716],[86.7091,21.1834],[86.6717,21.1644],[86.6556,21.1092],[86.6679,21.097],[86.6635,21.084],[86.6459,21.0823],[86.6423,21.0615],[86.6282,21.0938],[86.592,21.0986],[86.5581,21.1575],[86.5396,21.1606],[86.5111,21.1378],[86.462,21.1597],[86.4589,21.2357],[86.4367,21.2326],[86.4169,21.2098],[86.3709,21.2391]]],[[[86.9503,20.7742],[86.893,20.7869],[86.8655,20.7834],[86.8854,20.7733],[86.9503,20.7742]]],[[[87.0141,20.7938],[87.0173,20.8241],[86.9999,20.834],[87.0141,20.7938]]],[[[86.9794,20.7778],[86.989,20.7843],[86.9784,20.7833],[86.9794,20.7778]]]]}},{"type":"Feature","properties":{"name":"Cuttack","state":"Odisha","level":"district"},"geometry":{"type":"Polygon","coordinates":[[[86.1891,20.0541],[86.1571,20.0946],[86.1668,20.1125],[86.1464,20.1467],[86.1511,20.2226],[86.079,20.2462],[86.0692,20.2722],[86.0325,20.2974],[86.0355,20.3406],[86.0147,20.3818],[86.0274,20.4019],[86.0869,20.3679],[86.1368,20.3576],[86.1751,20.3783],[86.2286,20.3621],[86.2546,20.3671],[86.2532,20.3787],[86.2807,20.3979],[86.2713,20.399],[86.2786,20.4466],[86.268,20.4515],[86.2775,20.5179],[86.2527,20.539],[86.2835,20.5845],[86.2624,20.5897],[86.2545,20.6079],[86.214,20.6182],[86.2099,20.6337],[86.1889,20.6244],[86.1676,20.6395],[86.1929,20.6429],[86.1925,20.6568],[86.1491,20.644],[86.1195,20.618],[86.0926,20.6185],[86.0824,20.5989],[86.0478,20.5907],[86.0522,20.5748],[86.0249,20.5721],[85.912,20.6937],[85.884,20.6585],[85.866,20.6682],[85.809,20.6608],[85.7918,20.6731],[85.7669,20.6608],[85.7573,20.6355],[85.7294,20.6458],[85.7086,20.6273],[85.7104,20.6055],[85.6586,20.5505],[85.5995,20.5367],[85.5893,20.5127],[85.5115,20.536],[85.4579,20.4858],[85.4065,20.5106],[85.4027,20.4867],[85.386,20.4992],[85.2522,20.5188],[85.2128,20.5484],[85.2004,20.568],[85.2092,20.5756],[85.1293,20.6158],[85.093,20.6114],[85.0669,20.5776],[85.0269,20.588],[84.9921,20.5832],[84.9862,20.5677],[84.951,20.5813],[84.8979,20.5809],[84.8514,20.5288],[84.8847,20.4997],[84.9453,20.4929],[85.0762,20.4163],[85.1914,20.3881],[85.2487,20.3936],[85.2859,20.3723],[85.3676,20.3927],[85.3737,20.3511],[85.3547,20.3361],[85.3559,20.3024],[85.3368,20.2728],[85.3826,20.2862],[85.408,20.2567],[85.4216,20.2728],[85.4544,20.2672],[85.4612,20.2951],[85.5227,20.2939],[85.5528,20.3137],[85.6264,20.2926],[85.6458,20.3249],[85.6786,20.3249],[85.7155,20.3999],[85.7675,20.4127],[85.7733,20.4037],[85.787,20.4101],[85.787,20.4334],[85.8072,20.4342],[85.8229,20.4083],[85.8394,20.4127],[85.8443,20.3986],[85.8575,20.4002],[85.8554,20.3875],[85.9001,20.3681],[85.9015,20.3517],[85.9286,20.329],[85.9314,20.3122],[85.9206,20.3241],[85.9141,20.3177],[85.9371,20.2876],[85.9337,20.2732],[86.0074,20.2247],[86.0275,20.1714],[86.0425,20.1807],[86.0545,20.1657],[86.0359,20.1439],[86.0848,20.105],[86.0914,20.0924],[86.077,20.0789],[86.0899,20.0605],[86.1172,20.0675],[86.129,20.0569],[86.1218,20.0428],[86.1343,20.0401],[86.1891,20.0541]]]}},{"type":"Feature","properties":{"name":"Debagarh","state":"Odisha","level":"district"},"geometry":{"type":"Polygon","coordinates":[[[85.2009,21.5795],[85.0879,21.6039],[85.0517,21.5894],[85.0366,21.6071],[85.0275,21.672],[85.0001,21.6825],[84.9799,21.6737],[84.9597,21.6833],[84.9424,21.6603],[84.917,21.6708],[84.8657,21.6529],[84.793,21.6689],[84.7931,21.6323],[84.7591,21.6252],[84.7489,21.6819],[84.7204,21.7154],[84.6977,21.7071],[84.6797,21.735],[84.6451,21.7398],[84.6275,21.6952],[84.5785,21.7005],[84.5446,21.6772],[84.5053,21.6799],[84.4913,21.6382],[84.5274,21.6231],[84.5748,21.5729],[84.5397,21.5791],[84.5446,21.5701],[84.5114,21.5598],[84.496,21.5274],[84.4828,21.5344],[84.4722,21.505],[84.4534,21.5038],[84.4452,21.4803],[84.3817,21.4568],[84.3781,21.3415],[84.4593,21.3674],[84.5004,21.3556],[84.5004,21.3309],[84.5567,21.3469],[84.57,21.3212],[84.5708,21.2516],[84.6323,21.2761],[84.6724,21.3158],[84.7171,21.3155],[84.7661,21.2728],[84.7581,21.2582],[84.7722,21.2527],[84.761,21.2249],[84.7439,21.2325],[84.722,21.2063],[84.7411,21.1972],[84.7446,21.1711],[84.764,21.1506],[84.8126,21.1376],[84.8189,21.1457],[84.7995,21.1674],[84.8232,21.1731],[84.8805,21.1657],[84.9224,21.1426],[84.9363,21.1575],[84.9302,21.1815],[84.9499,21.1762],[84.9628,21.1492],[84.9737,21.1617],[84.9684,21.1919],[84.9434,21.1978],[84.9306,21.2323],[84.9016,21.2597],[84.9631,21.2991],[84.992,21.2889],[85.0372,21.2949],[85.0129,21.3182],[84.9957,21.4111],[85.0112,21.4519],[85.0159,21.4428],[85.024,21.4574],[85.06,21.4429],[85.0772,21.4578],[85.1572,21.4609],[85.2061,21.5209],[85.2154,21.5545],[85.2009,21.5795]]]}},{"type":"Feature","properties":{"name":"Dhenkanal","state":"Odisha","level":"district"},"geometry":{"type":"Polygon","coordinates":[[[85.1293,20.6158],[85.1792,20.5988],[85.2092,20.5756],[85.2004,20.568],[85.2128,20.5484],[85.2826,20.5094],[85.386,20.4992],[85.4027,20.4867],[85.4065,20.5106],[85.4579,20.4858],[85.5115,20.536],[85.5893,20.5127],[85.5995,20.5367],[85.6586,20.5505],[85.7104,20.6055],[85.7086,20.6273],[85.7294,20.6458],[85.7573,20.6355],[85.7669,20.6608],[85.7918,20.6731],[85.809,20.6608],[85.866,20.6682],[85.884,20.6585],[85.9099,20.6835],[85.9083,20.7129],[85.9962,20.7402],[86.0093,20.7245],[86.0257,20.7267],[86.0335,20.8094],[85.9012,20.8472],[85.9218,20.8987],[85.9197,20.9279],[85.8276,20.9267],[85.8036,20.967],[85.7793,20.9822],[85.7424,20.9924],[85.7241,20.9838],[85.7302,21.0636],[85.7057,21.0745],[85.6847,21.1184],[85.7003,21.1396],[85.7282,21.1438],[85.7101,21.182],[85.6841,21.1859],[85.6648,21.1667],[85.6377,21.166],[85.6108,21.1377],[85.5484,21.1669],[85.4975,21.1139],[85.463,21.1277],[85.4268,21.1621],[85.4283,21.1506],[85.3945,21.185],[85.3836,21.1703],[85.3513,21.169],[85.3408,21.1797],[85.3207,21.1608],[85.2911,21.1812],[85.2687,21.1704],[85.2441,21.1246],[85.2508,21.1146],[85.2332,21.0717],[85.1862,21.0809],[85.1677,21.0538],[85.2583,20.991],[85.2637,20.9806],[85.2446,20.9605],[85.2431,20.9039],[85.2911,20.8799],[85.3063,20.8291],[85.2916,20.8165],[85.3007,20.7969],[85.268,20.7671],[85.2576,20.7713],[85.2487,20.7592],[85.2626,20.7626],[85.2442,20.7417],[85.2157,20.7367],[85.1968,20.6781],[85.168,20.6595],[85.1753,20.7011],[85.1535,20.7319],[85.1404,20.7299],[85.1148,20.6823],[85.1367,20.64],[85.1293,20.6158]]]}},{"type":"Feature","properties":{"name":"Gajapati","state":"Odisha","level":"district"},"geometry":{"type":"Polygon","coordinates":[[[84.4228,18.9475],[84.4083,18.9379],[84.4,18.9497],[84.4163,18.9714],[84.3955,18.9588],[84.3717,18.9733],[84.3823,18.9907],[84.3701,19.0106],[84.3857,19.041],[84.3797,19.0704],[84.4028,19.1041],[84.3613,19.0494],[84.3583,19.0537],[84.3823,19.0893],[84.3882,19.126],[84.3774,19.141],[84.3906,19.1414],[84.3985,19.1224],[84.4176,19.1435],[84.3951,19.208],[84.4252,19.2623],[84.416,19.334],[84.4406,19.3632],[84.3824,19.3816],[84.4071,19.4455],[84.3746,19.484],[84.3715,19.54],[84.3326,19.5492],[84.3177,19.5386],[84.3048,19.4961],[84.2567,19.4976],[84.2512,19.5723],[84.2004,19.5917],[84.1577,19.5821],[84.1275,19.6335],[84.0926,19.6296],[84.0905,19.6172],[84.061,19.6308],[84.0287,19.6331],[84.0111,19.6182],[83.9271,19.6309],[83.9439,19.5506],[83.9771,19.5309],[83.9607,19.5005],[83.9785,19.4861],[83.9441,19.4204],[83.9469,19.3982],[84.0172,19.3747],[84.0299,19.346],[84.0109,19.2521],[83.9828,19.2096],[83.9982,19.1886],[83.9844,19.1621],[84.0321,19.1316],[84.0148,19.1284],[84.0134,19.0941],[84.03,19.0546],[83.9714,19.0662],[83.9651,19.0451],[83.9878,19.0211],[83.9585,18.9867],[83.9133,19.0181],[83.8978,18.9842],[83.8628,18.98],[83.8179,19.0298],[83.8016,19.0284],[83.7965,19.0073],[83.8223,18.9623],[83.8248,18.9187],[83.8478,18.9133],[83.8512,18.8607],[83.8945,18.8149],[83.9095,18.8264],[83.9473,18.8061],[84.0345,18.8118],[84.0733,18.7615],[84.1304,18.7581],[84.1588,18.7856],[84.1872,18.7788],[84.2241,18.7971],[84.2595,18.7824],[84.2912,18.8007],[84.3198,18.7891],[84.3395,18.802],[84.3366,18.8189],[84.3513,18.8218],[84.3433,18.8765],[84.3696,18.8609],[84.3786,18.8767],[84.3587,18.8929],[84.3904,18.8791],[84.3948,18.8875],[84.3725,18.906],[84.417,18.9004],[84.4133,18.9159],[84.4251,18.9104],[84.4365,18.9235],[84.4228,18.9475]]]}},{"type":"Feature","properties":{"name":"Ganjam","state":"Odisha","level":"district"},"geometry":{"type":"Polygon","coordinates":[[[84.7676,19.0812],[84.8048,19.149],[84.8619,19.216],[84.9739,19.3112],[85.0819,19.376],[85.1044,19.4136],[85.1743,19.4679],[85.1368,19.5215],[85.177,19.5583],[85.1842,19.6761],[85.1283,19.7496],[85.0876,19.7673],[85.077,19.7921],[85.0316,19.8092],[85.0094,19.8032],[84.9721,19.8534],[84.936,19.8731],[84.9401,19.8977],[84.9065,19.9118],[84.9239,19.942],[84.9019,19.9936],[84.8628,20.0009],[84.8567,20.0309],[84.799,20.0951],[84.8036,20.1151],[84.8219,20.1234],[84.8346,20.2175],[84.7693,20.2481],[84.7437,20.2456],[84.6965,20.282],[84.6734,20.2741],[84.6336,20.1944],[84.6003,20.1782],[84.5845,20.1915],[84.5869,20.1745],[84.5588,20.1617],[84.5642,20.1414],[84.5177,20.1556],[84.5059,20.1411],[84.4859,20.1434],[84.4531,20.1703],[84.4581,20.1923],[84.4461,20.2074],[84.4354,20.203],[84.4406,20.1512],[84.4277,20.1456],[84.4008,20.0773],[84.4153,20.0544],[84.356,20.037],[84.3244,19.9884],[84.3363,19.978],[84.3593,19.9883],[84.393,19.9557],[84.4654,19.9531],[84.4626,19.8596],[84.4458,19.8441],[84.4508,19.8357],[84.383,19.8423],[84.3211,19.8774],[84.3077,19.9062],[84.2779,19.8788],[84.1851,19.8603],[84.2019,19.8353],[84.1684,19.8043],[84.1742,19.7929],[84.2342,19.785],[84.2251,19.7673],[84.1989,19.7611],[84.2109,19.7544],[84.1896,19.7035],[84.2007,19.6841],[84.2391,19.6637],[84.2469,19.6425],[84.2271,19.6264],[84.2512,19.5723],[84.2531,19.5012],[84.3048,19.4961],[84.3235,19.5452],[84.3715,19.54],[84.3746,19.484],[84.4071,19.4455],[84.3824,19.3816],[84.4406,19.3632],[84.416,19.334],[84.4252,19.2623],[84.3951,19.208],[84.4176,19.1435],[84.3985,19.1224],[84.3906,19.1414],[84.3774,19.141],[84.3882,19.126],[84.3823,19.0893],[84.3583,19.0537],[84.4028,19.1041],[84.3797,19.0704],[84.3857,19.041],[84.3701,19.0106],[84.3823,18.9907],[84.3717,18.9733],[84.3955,18.9588],[84.4163,18.9714],[84.3996,18.9538],[84.412,18.9388],[84.4238,18.9643],[84.4443,18.9753],[84.4223,19.0234],[84.4787,18.9909],[84.4964,19.0305],[84.5606,19.057],[84.5731,19.0746],[84.5851,19.0717],[84.5806,19.0447],[84.5947,19.0226],[84.6197,19.0644],[84.6614,19.0619],[84.6715,19.0759],[84.6611,19.0906],[84.6268,19.0861],[84.5988,19.1333],[84.6681,19.1314],[84.6719,19.1661],[84.7121,19.1585],[84.7044,19.1183],[84.7676,19.0812]]]}},{"type":"Feature","properties":{"name":"Jagatsinghapur","state":"Odisha","level":"district"},"geometry":{"type":"Polygon","coordinates":[[[86.372,19.9559],[86.4163,19.9793],[86.4181,20.021],[86.4361,20.0563],[86.5245,20.1715],[86.6069,20.2315],[86.6804,20.259],[86.6806,20.2698],[86.7179,20.2878],[86.7162,20.3011],[86.695,20.3029],[86.659,20.335],[86.6121,20.3446],[86.5616,20.3281],[86.5289,20.3441],[86.4567,20.3341],[86.3981,20.3691],[86.3905,20.3573],[86.353,20.3542],[86.3419,20.3708],[86.3027,20.3563],[86.274,20.3727],[86.2286,20.3621],[86.1751,20.3783],[86.1368,20.3576],[86.0869,20.3679],[86.0274,20.4019],[86.0147,20.3818],[86.0355,20.3406],[86.0325,20.2974],[86.0692,20.2722],[86.079,20.2462],[86.1511,20.2226],[86.1464,20.1467],[86.1601,20.1354],[86.1668,20.1125],[86.1571,20.0946],[86.1705,20.0743],[86.2094,20.0403],[86.2477,20.0393],[86.2566,20.055],[86.2819,20.0559],[86.273,20.0449],[86.3273,20.0194],[86.372,19.9559]]]}},{"type":"Feature","properties":{"name":"Jajapur","state":"Odisha","level":"district"},"geometry":{"type":"Polygon","coordinates":[[[85.912,20.6937],[86.0249,20.5721],[86.0522,20.5748],[86.0478,20.5907],[86.0824,20.5989],[86.0926,20.6185],[86.1195,20.618],[86.1491,20.644],[86.1757,20.6454],[86.1812,20.6595],[86.196,20.6464],[86.1676,20.6395],[86.1889,20.6244],[86.2099,20.6337],[86.214,20.6182],[86.2545,20.6079],[86.2624,20.5897],[86.3041,20.5793],[86.3227,20.5871],[86.3229,20.6305],[86.3333,20.6107],[86.375,20.5952],[86.4058,20.6268],[86.4261,20.6268],[86.4297,20.6439],[86.4563,20.6509],[86.455,20.6768],[86.4703,20.6883],[86.4869,20.6801],[86.5199,20.6996],[86.5468,20.696],[86.5623,20.7401],[86.5425,20.7347],[86.5441,20.7545],[86.5684,20.7765],[86.6093,20.7737],[86.6253,20.7911],[86.6144,20.8016],[86.6246,20.8105],[86.5965,20.8577],[86.5698,20.8664],[86.498,20.869],[86.4522,20.8453],[86.4013,20.8644],[86.3547,20.8537],[86.3293,20.8661],[86.3358,20.8788],[86.282,20.907],[86.2912,21.0152],[86.2616,21.0397],[86.1345,21.0746],[86.0954,21.0512],[86.0893,21.0187],[86.0479,21.0245],[86.0283,21.0736],[86.0732,21.1284],[86.0868,21.1685],[86.0384,21.1571],[86.0234,21.1378],[85.9785,21.1446],[85.9427,21.1285],[85.9346,21.1366],[85.9185,21.0946],[85.8873,21.0866],[85.7755,21.1044],[85.7576,21.1494],[85.7003,21.1396],[85.6847,21.1184],[85.7057,21.0745],[85.7302,21.0636],[85.7241,20.9838],[85.7424,20.9924],[85.7793,20.9822],[85.8036,20.967],[85.8276,20.9267],[85.9197,20.9279],[85.9218,20.8987],[85.9012,20.8472],[86.0335,20.8094],[86.0257,20.7267],[85.9885,20.7391],[85.961,20.7212],[85.9083,20.7129],[85.912,20.6937]]]}},{"type":"Feature","properties":{"name":"Jharsuguda","state":"Odisha","level":"district"},"geometry":{"type":"Polygon","coordinates":[[[83.4901,21.6431],[83.5271,21.6731],[83.5598,21.7435],[83.6948,21.7021],[83.7271,21.6312],[83.7997,21.5667],[83.8233,21.5947],[83.8941,21.5742],[83.964,21.5716],[83.9811,21.5958],[83.9731,21.7092],[83.9441,21.7281],[83.9697,21.7662],[83.9907,21.7523],[84.0148,21.7866],[84.0385,21.7596],[84.1151,21.7894],[84.19,21.7547],[84.2472,21.7693],[84.2863,21.7625],[84.3772,21.9549],[84.3691,21.9725],[84.3932,21.9928],[84.3904,22.0221],[84.3576,22.037],[84.2995,22.0342],[84.2332,21.9754],[84.1213,22.0115],[84.1101,21.9938],[84.0729,21.9901],[84.0894,21.9675],[84.0787,21.9376],[84.0291,21.9533],[83.9809,21.9067],[83.9611,21.9418],[83.8978,21.9457],[83.8292,21.8819],[83.8164,21.8836],[83.8123,21.8646],[83.7824,21.8568],[83.7036,21.7749],[83.6868,21.8041],[83.6431,21.8171],[83.6295,21.8488],[83.5928,21.8261],[83.5383,21.8351],[83.5436,21.7972],[83.498,21.8177],[83.4742,21.786],[83.4912,21.7449],[83.4851,21.7313],[83.4636,21.6985],[83.4282,21.6899],[83.4478,21.6586],[83.4901,21.6431]]]}},{"type":"Feature","properties":{"name":"Kalahandi","state":"Odisha","level":"district"},"geometry":{"type":"Polygon","coordinates":[[[82.5927,19.7771],[82.6032,19.7471],[82.5641,19.7271],[82.5743,19.7137],[82.5685,19.6839],[82.5784,19.6806],[82.5575,19.6448],[82.5281,19.6306],[82.5499,19.6104],[82.532,19.5822],[82.5592,19.58],[82.5691,19.5436],[82.617,19.539],[82.6084,19.5209],[82.6428,19.5112],[82.6341,19.483],[82.6936,19.4176],[82.7095,19.4193],[82.7086,19.384],[82.7275,19.3469],[82.743,19.3498],[82.7573,19.3286],[82.7812,19.3445],[82.8001,19.3295],[82.8493,19.324],[82.8271,19.2572],[82.8055,19.2375],[82.839,19.2356],[82.8483,19.2094],[82.8725,19.2003],[82.8788,19.1847],[82.9023,19.23],[82.8908,19.255],[82.9049,19.2858],[82.9575,19.3256],[82.953,19.3912],[82.9286,19.4422],[82.9917,19.448],[82.9938,19.4907],[83.027,19.513],[83.039,19.5532],[83.071,19.5628],[83.0891,19.5406],[83.1073,19.5404],[83.1095,19.5097],[83.1215,19.5015],[83.1355,19.5098],[83.1592,19.4861],[83.1503,19.4695],[83.1681,19.4328],[83.1855,19.4269],[83.188,19.4645],[83.2181,19.4361],[83.2053,19.4641],[83.2285,19.5039],[83.2481,19.5088],[83.2675,19.6015],[83.303,19.5921],[83.3552,19.606],[83.3733,19.5988],[83.3862,19.6677],[83.4308,19.6988],[83.4557,19.7406],[83.4593,19.7974],[83.4408,19.8028],[83.4085,19.924],[83.4429,19.9338],[83.4522,19.9731],[83.4961,19.9602],[83.5062,19.9974],[83.5443,20.0226],[83.5679,20.0573],[83.5892,20.1008],[83.584,20.1153],[83.6355,20.0905],[83.678,20.1132],[83.7109,20.103],[83.734,20.1499],[83.7738,20.1621],[83.7907,20.1813],[83.7861,20.2132],[83.7322,20.2137],[83.7413,20.225],[83.7203,20.2395],[83.7056,20.3709],[83.6525,20.39],[83.6553,20.3683],[83.63,20.3692],[83.6251,20.3513],[83.5771,20.3657],[83.5558,20.401],[83.5082,20.416],[83.4919,20.4067],[83.4877,20.4546],[83.4235,20.4039],[83.4122,20.3731],[83.3704,20.3433],[83.3603,20.3156],[83.3003,20.3041],[83.2853,20.2815],[83.2412,20.2592],[83.2264,20.2056],[83.1837,20.1734],[83.1455,20.1708],[83.1282,20.1945],[83.091,20.1992],[83.0134,20.1711],[82.9324,20.1799],[82.9092,20.1484],[82.825,20.1661],[82.8153,20.1024],[82.7904,20.1022],[82.7564,20.0562],[82.7364,20.0585],[82.7407,20.0286],[82.7048,19.9984],[82.7185,19.9891],[82.7081,19.8993],[82.7251,19.8768],[82.7103,19.8371],[82.6534,19.8314],[82.6306,19.7954],[82.5927,19.7771]]]}},{"type":"Feature","properties":{"name":"Kandhamal","state":"Odisha","level":"district"},"geometry":{"type":"Polygon","coordinates":[[[84.2409,19.5759],[84.2271,19.6264],[84.2469,19.6425],[84.2407,19.6611],[84.1896,19.7035],[84.2109,19.7544],[84.1989,19.7611],[84.2251,19.7673],[84.2342,19.785],[84.1742,19.7929],[84.1739,19.8203],[84.2019,19.8353],[84.1851,19.8603],[84.2779,19.8788],[84.3077,19.9062],[84.3443,19.8615],[84.4456,19.831],[84.4626,19.8596],[84.4654,19.9531],[84.393,19.9557],[84.3556,19.9897],[84.3363,19.978],[84.3244,19.9884],[84.3307,20.0069],[84.356,20.037],[84.4153,20.0544],[84.4008,20.0773],[84.4277,20.1456],[84.4406,20.1512],[84.429,20.1861],[84.4373,20.2065],[84.4581,20.1923],[84.4531,20.1703],[84.4859,20.1434],[84.5059,20.1411],[84.5177,20.1556],[84.5642,20.1414],[84.5588,20.1617],[84.5869,20.1745],[84.5473,20.2451],[84.5438,20.3274],[84.5163,20.3214],[84.5128,20.3407],[84.4873,20.3429],[84.5196,20.3731],[84.5126,20.3987],[84.4872,20.3873],[84.4627,20.3974],[84.4653,20.4423],[84.4552,20.4685],[84.429,20.484],[84.4351,20.5092],[84.393,20.5319],[84.3855,20.6028],[84.3606,20.6744],[84.3189,20.695],[84.2782,20.675],[84.2825,20.6433],[84.2559,20.6057],[84.2213,20.5877],[84.1887,20.5913],[84.1782,20.6051],[84.1455,20.5845],[84.0743,20.5987],[84.0068,20.5702],[83.9724,20.5868],[83.943,20.5831],[83.9379,20.6038],[83.917,20.6169],[83.9146,20.5808],[83.8582,20.5728],[83.8426,20.545],[83.8236,20.548],[83.8187,20.5245],[83.7962,20.5103],[83.8296,20.4518],[83.8118,20.4504],[83.8127,20.4339],[83.7875,20.4437],[83.7788,20.4126],[83.7221,20.4352],[83.6954,20.4167],[83.6801,20.4297],[83.6659,20.4236],[83.6525,20.39],[83.7056,20.3709],[83.7203,20.2395],[83.7413,20.225],[83.7322,20.2137],[83.7861,20.2132],[83.7907,20.1813],[83.7738,20.1621],[83.734,20.1499],[83.7109,20.103],[83.678,20.1132],[83.6355,20.0905],[83.584,20.1153],[83.5892,20.1008],[83.5679,20.0573],[83.5443,20.0226],[83.5062,19.9974],[83.4961,19.9602],[83.5625,19.9293],[83.5285,19.8776],[83.5289,19.8583],[83.5889,19.8233],[83.6024,19.8335],[83.6194,19.8156],[83.6222,19.7785],[83.6099,19.7555],[83.6282,19.7431],[83.6448,19.7043],[83.6374,19.673],[83.6492,19.6586],[83.6946,19.6889],[83.7404,19.6551],[83.7637,19.6801],[83.769,19.7136],[83.8139,19.7176],[83.8434,19.7102],[83.8739,19.6747],[83.9326,19.6775],[83.938,19.6693],[83.9264,19.6635],[83.9431,19.6357],[83.976,19.6212],[84.004,19.6274],[84.0111,19.6182],[84.0287,19.6331],[84.0905,19.6172],[84.0926,19.6296],[84.1275,19.6335],[84.1577,19.5821],[84.2004,19.5917],[84.2409,19.5759]]]}},{"type":"Feature","properties":{"name":"Kendrapara","state":"Odisha","level":"district"},"geometry":{"type":"MultiPolygon","coordinates":[[[[86.7162,20.3011],[86.7824,20.3383],[86.776,20.39],[86.7457,20.3786],[86.7382,20.3969],[86.7266,20.3779],[86.7116,20.396],[86.7327,20.4111],[86.7369,20.4659],[86.7252,20.48],[86.7447,20.47],[86.7541,20.5177],[86.7732,20.5063],[86.8031,20.5501],[87.0556,20.7113],[86.9653,20.689],[86.9684,20.7065],[86.9027,20.7102],[87.0061,20.7137],[86.9931,20.7697],[86.9046,20.7629],[86.8628,20.7745],[86.8127,20.7302],[86.7815,20.7442],[86.7622,20.7381],[86.7602,20.771],[86.7131,20.7632],[86.7104,20.7774],[86.6796,20.7922],[86.6292,20.7991],[86.6093,20.7737],[86.5684,20.7765],[86.5441,20.7545],[86.5425,20.7347],[86.5623,20.7401],[86.5488,20.7242],[86.5579,20.7072],[86.5439,20.6941],[86.5199,20.6996],[86.4869,20.6801],[86.4703,20.6883],[86.455,20.6768],[86.4563,20.6509],[86.4297,20.6439],[86.4261,20.6268],[86.4058,20.6268],[86.375,20.5952],[86.3333,20.6107],[86.3229,20.6305],[86.3227,20.5871],[86.2835,20.5845],[86.2775,20.5678],[86.2598,20.5634],[86.2729,20.5598],[86.2527,20.539],[86.2775,20.5179],[86.268,20.4515],[86.2786,20.4466],[86.2713,20.399],[86.2807,20.3979],[86.2532,20.3787],[86.2546,20.3671],[86.274,20.3727],[86.2793,20.3611],[86.3221,20.3566],[86.3419,20.3708],[86.353,20.3542],[86.3905,20.3573],[86.3981,20.3691],[86.4567,20.3341],[86.5289,20.3441],[86.5511,20.3278],[86.6121,20.3446],[86.659,20.335],[86.695,20.3029],[86.7162,20.3011]]],[[[86.7908,20.4444],[86.81,20.4763],[86.8029,20.5009],[86.8007,20.4609],[86.7908,20.4444]]],[[[86.7896,20.3875],[86.7961,20.4118],[86.7913,20.4283],[86.7881,20.4046],[86.7896,20.3875]]],[[[86.7962,20.3723],[86.791,20.373],[86.7914,20.3646],[86.7962,20.3723]]],[[[86.7976,20.3762],[86.7911,20.3757],[86.7964,20.3739],[86.7976,20.3762]]],[[[86.7943,20.3844],[86.7937,20.3876],[86.7919,20.3857],[86.7943,20.3844]]]]}},{"type":"Feature","properties":{"name":"Kendujhar","state":"Odisha","level":"district"},"geometry":{"type":"Polygon","coordinates":[[[85.2369,22.0045],[85.2794,21.9575],[85.2823,21.9681],[85.2953,21.9534],[85.3162,21.9587],[85.3687,21.9405],[85.3769,21.9102],[85.3434,21.8278],[85.3171,21.8192],[85.2854,21.8364],[85.2438,21.8041],[85.2306,21.8226],[85.2044,21.7685],[85.2152,21.7416],[85.1867,21.7086],[85.1972,21.6605],[85.211,21.6753],[85.2509,21.6765],[85.2652,21.6289],[85.2921,21.6027],[85.2876,21.5875],[85.3135,21.5652],[85.3042,21.5322],[85.3241,21.532],[85.3289,21.5105],[85.3336,21.482],[85.3085,21.4496],[85.2591,21.4516],[85.275,21.4276],[85.3051,21.4144],[85.307,21.3954],[85.3435,21.3593],[85.3265,21.32],[85.3156,21.3294],[85.2745,21.3021],[85.2738,21.2756],[85.287,21.266],[85.3004,21.2748],[85.3681,21.2406],[85.4283,21.1506],[85.4268,21.1621],[85.463,21.1277],[85.4975,21.1139],[85.5484,21.1669],[85.6108,21.1377],[85.6377,21.166],[85.6648,21.1667],[85.6871,21.1858],[85.7101,21.182],[85.7066,21.1716],[85.7364,21.1392],[85.7635,21.1467],[85.7755,21.1044],[85.8873,21.0866],[85.9185,21.0946],[85.9346,21.1366],[85.9427,21.1285],[85.9785,21.1446],[86.0234,21.1378],[86.0384,21.1571],[86.0868,21.1685],[86.0732,21.1284],[86.0283,21.0736],[86.0479,21.0245],[86.0893,21.0187],[86.0954,21.0512],[86.1345,21.0746],[86.3065,21.0175],[86.3248,21.0667],[86.3067,21.0881],[86.3103,21.1119],[86.2899,21.1187],[86.2741,21.1473],[86.2926,21.1762],[86.3141,21.1711],[86.3503,21.1924],[86.3528,21.2352],[86.3749,21.2497],[86.3571,21.2822],[86.3582,21.3202],[86.2696,21.3797],[86.2101,21.2834],[86.19,21.2738],[86.1596,21.2928],[86.1383,21.2816],[86.1382,21.2664],[86.1203,21.2724],[86.0938,21.3119],[86.1314,21.3885],[86.1633,21.4206],[86.1211,21.4777],[86.0098,21.5328],[86.0187,21.559],[86.0478,21.574],[86.0802,21.6294],[86.0818,21.69],[86.0607,21.6887],[86.051,21.7146],[86.0279,21.6925],[86.0178,21.7453],[85.9715,21.7401],[85.9406,21.7627],[85.906,21.7679],[85.8828,21.7945],[85.8107,21.8125],[85.8052,21.8877],[85.7903,21.9065],[85.7944,21.9545],[85.7394,21.9936],[85.7051,21.9861],[85.7035,22.0077],[85.6715,22.0135],[85.6636,22.033],[85.678,22.0641],[85.6503,22.0946],[85.5968,22.0787],[85.5453,22.0908],[85.4162,22.1601],[85.3691,22.1586],[85.3672,22.1255],[85.3289,22.129],[85.306,22.1111],[85.2369,22.0045]]]}},{"type":"Feature","properties":{"name":"Khordha","state":"Odisha","level":"district"},"geometry":{"type":"Polygon","coordinates":[[[86.0823,20.107],[86.0395,20.1358],[86.0545,20.1657],[86.0425,20.1807],[86.0275,20.1714],[86.0074,20.2247],[85.9337,20.2732],[85.9371,20.2876],[85.9141,20.3177],[85.9206,20.3241],[85.9314,20.3122],[85.9286,20.329],[85.9015,20.3517],[85.9001,20.3681],[85.8554,20.3875],[85.8575,20.4002],[85.8443,20.3986],[85.8394,20.4127],[85.8229,20.4083],[85.8072,20.4342],[85.787,20.4334],[85.787,20.4101],[85.7155,20.3999],[85.6786,20.3249],[85.6458,20.3249],[85.6264,20.2926],[85.5528,20.3137],[85.5227,20.2939],[85.4612,20.2951],[85.4544,20.2672],[85.4216,20.2728],[85.408,20.2567],[85.3826,20.2862],[85.3495,20.2728],[85.3347,20.2809],[85.3271,20.2543],[85.3428,20.2517],[85.3239,20.2315],[85.2561,20.227],[85.2442,20.2086],[85.2266,20.2237],[85.2188,20.2177],[85.2014,20.1881],[85.2144,20.1653],[85.2056,20.1551],[85.2322,20.119],[85.2407,20.1151],[85.2708,20.147],[85.312,20.1547],[85.3122,20.167],[85.3515,20.1889],[85.3701,20.1784],[85.356,20.1458],[85.3844,20.1564],[85.3921,20.1361],[85.4142,20.1281],[85.3807,20.0721],[85.4148,20.0212],[85.4348,20.0277],[85.4166,19.9956],[85.4406,19.9949],[85.4569,19.9737],[85.4212,19.9275],[85.3633,19.9588],[85.3316,19.9263],[85.2451,19.9061],[85.167,19.9051],[85.1277,19.9339],[85.0982,19.9311],[85.0286,19.9039],[84.9401,19.8977],[84.936,19.8731],[84.9721,19.8534],[85.0094,19.8032],[85.0316,19.8092],[85.077,19.7921],[85.0876,19.7673],[85.1283,19.7496],[85.1842,19.6761],[85.2058,19.685],[85.1908,19.7118],[85.2194,19.7462],[85.2416,19.7419],[85.2547,19.7842],[85.3235,19.7965],[85.3461,19.8286],[85.397,19.8591],[85.4065,19.8863],[85.5363,19.8917],[85.5608,19.879],[85.5644,19.8552],[85.5666,19.9174],[85.5285,19.9417],[85.5101,19.9264],[85.5195,19.9425],[85.5022,19.9461],[85.5314,19.9779],[85.565,19.9501],[85.5726,20.0244],[85.5944,19.9955],[85.6173,20.0187],[85.6175,19.9919],[85.6309,20.0252],[85.6171,20.0426],[85.6202,20.0593],[85.6454,20.0844],[85.6331,20.1006],[85.6521,20.0969],[85.6532,20.0662],[85.6799,20.0722],[85.6773,20.0874],[85.6921,20.0957],[85.6775,20.1236],[85.6939,20.1524],[85.7199,20.1426],[85.7224,20.1302],[85.7329,20.1519],[85.7629,20.1526],[85.7652,20.1672],[85.7834,20.1672],[85.7964,20.1515],[85.8269,20.159],[85.8393,20.1949],[85.8451,20.1753],[85.856,20.1762],[85.8534,20.1941],[85.889,20.177],[85.9006,20.1485],[85.8751,20.1229],[85.8852,20.1106],[85.9049,20.1272],[85.995,20.1073],[86.0074,20.1168],[86.0208,20.1033],[86.0823,20.107]]]}},{"type":"Feature","properties":{"name":"Koraput","state":"Odisha","level":"district"},"geometry":{"type":"Polygon","coordinates":[[[83.074,18.4026],[83.068,18.438],[83.0456,18.4283],[83.0455,18.4442],[83.0236,18.4537],[83.0599,18.4868],[83.0974,18.5471],[83.0593,18.5441],[83.0406,18.557],[83.035,18.577],[83.062,18.5955],[83.0492,18.6057],[83.0161,18.5974],[83.0293,18.6194],[83.0196,18.6479],[83.059,18.6631],[83.0787,18.706],[83.1245,18.7567],[83.1202,18.767],[83.1409,18.7812],[83.1588,18.7675],[83.1898,18.7692],[83.2098,18.7471],[83.192,18.7344],[83.213,18.7248],[83.2303,18.7539],[83.2273,18.7747],[83.274,18.7659],[83.2874,18.7985],[83.3641,18.809],[83.3613,18.8364],[83.4041,18.8396],[83.4057,18.8615],[83.4191,18.8682],[83.3817,18.8947],[83.3917,18.9084],[83.3683,18.9099],[83.358,18.9246],[83.3568,18.9425],[83.3788,18.9258],[83.388,18.932],[83.3688,18.962],[83.3528,18.9649],[83.3469,18.9249],[83.3267,18.937],[83.3402,18.952],[83.3121,18.9955],[83.339,18.9986],[83.3642,19.0469],[83.3445,19.0554],[83.341,19.1021],[83.2809,19.1227],[83.2626,19.0707],[83.2669,19.0504],[83.2387,19.024],[83.2396,18.9704],[83.204,18.9786],[83.1902,19.0156],[83.1949,19.0755],[83.1705,19.0829],[83.1675,19.0971],[83.2017,19.1374],[83.2441,19.1272],[83.2599,19.1649],[83.2402,19.1681],[83.2021,19.1677],[83.2046,19.1502],[83.1726,19.1413],[83.161,19.1239],[83.1375,19.1374],[83.1308,19.0943],[83.1043,19.1125],[83.0761,19.0816],[83.0637,19.0449],[83.023,19.0649],[83.0308,19.0812],[82.984,19.1338],[82.9795,19.1743],[82.9505,19.1554],[82.9047,19.1594],[82.8635,19.2068],[82.8287,19.1809],[82.8298,19.1486],[82.8182,19.1711],[82.8017,19.1502],[82.7896,19.1713],[82.7741,19.1669],[82.7565,19.184],[82.7418,19.1606],[82.7237,19.1604],[82.7239,19.1741],[82.6796,19.1966],[82.6393,19.176],[82.6375,19.149],[82.6181,19.1587],[82.6137,19.195],[82.6131,19.1865],[82.5897,19.2022],[82.582,19.1962],[82.5737,19.2121],[82.5723,19.2014],[82.517,19.2032],[82.4898,19.1809],[82.4362,19.1715],[82.437,19.1963],[82.41,19.214],[82.4117,19.1811],[82.3672,19.2047],[82.3478,19.2059],[82.3286,19.1864],[82.3236,19.2015],[82.3007,19.1989],[82.2905,19.1746],[82.2328,19.1627],[82.2377,19.1347],[82.2021,19.1284],[82.2066,19.1011],[82.2201,19.0975],[82.2021,19.0673],[82.2331,19.0217],[82.2476,18.9178],[82.1808,18.9026],[82.1663,18.8768],[82.1693,18.7984],[82.1372,18.7652],[82.0929,18.7659],[82.093,18.74],[82.1303,18.7235],[82.1274,18.7081],[82.1475,18.6927],[82.1355,18.6766],[82.1484,18.6602],[82.1613,18.6696],[82.1761,18.6338],[82.1921,18.6314],[82.2253,18.6696],[82.233,18.6255],[82.2557,18.614],[82.2651,18.5886],[82.3148,18.5789],[82.3654,18.624],[82.4102,18.5957],[82.4238,18.6065],[82.4473,18.6001],[82.4407,18.5652],[82.4104,18.5546],[82.407,18.5183],[82.4374,18.4935],[82.4899,18.5469],[82.4897,18.5236],[82.5074,18.5103],[82.5314,18.5125],[82.5358,18.4769],[82.5244,18.4645],[82.5385,18.443],[82.5621,18.4464],[82.5406,18.4023],[82.6074,18.3806],[82.6069,18.363],[82.6196,18.3555],[82.6049,18.3499],[82.6105,18.3263],[82.5848,18.3159],[82.5993,18.301],[82.5891,18.2792],[82.5976,18.2659],[82.6401,18.2378],[82.6672,18.2958],[82.7754,18.3403],[82.8016,18.4041],[82.7845,18.4288],[82.8074,18.4485],[82.8266,18.4476],[82.8532,18.4189],[82.8929,18.422],[82.8932,18.3879],[82.911,18.3653],[82.9847,18.3644],[83.0002,18.3844],[83.0254,18.3939],[83.0477,18.3796],[83.074,18.4026]]]}},{"type":"Feature","properties":{"name":"Malkangiri","state":"Odisha","level":"district"},"geometry":{"type":"Polygon","coordinates":[[[81.8097,17.9449],[82.0103,18.0326],[82.0152,18.058],[82.0333,18.0667],[82.0683,18.054],[82.0808,18.0745],[82.1357,18.06],[82.141,18.0447],[82.1689,18.0527],[82.186,18.0197],[82.2618,17.9895],[82.2791,18.007],[82.2668,18.0441],[82.2755,18.0575],[82.3065,18.0712],[82.3051,18.0554],[82.3218,18.044],[82.3259,18.0578],[82.3449,18.0565],[82.3522,18.0842],[82.3407,18.1033],[82.3419,18.1515],[82.3661,18.1343],[82.3737,18.1488],[82.3572,18.1709],[82.3188,18.1836],[82.3146,18.2046],[82.3413,18.2247],[82.3298,18.2313],[82.3453,18.2751],[82.3803,18.283],[82.4014,18.3152],[82.3928,18.3275],[82.3572,18.3149],[82.3429,18.3258],[82.3928,18.3778],[82.3694,18.4185],[82.4352,18.4855],[82.4048,18.5282],[82.4169,18.565],[82.4317,18.5587],[82.4443,18.5698],[82.4473,18.6001],[82.4238,18.6065],[82.4102,18.5957],[82.3654,18.624],[82.3148,18.5789],[82.2651,18.5886],[82.2557,18.614],[82.233,18.6255],[82.2253,18.6696],[82.1921,18.6314],[82.1761,18.6338],[82.1613,18.6696],[82.1484,18.6602],[82.1355,18.6766],[82.1475,18.6927],[82.1274,18.7081],[82.1303,18.7235],[82.093,18.74],[82.0868,18.7197],[82.0419,18.7263],[81.9691,18.6934],[81.9557,18.6364],[81.8936,18.6578],[81.8966,18.6285],[81.9628,18.5944],[81.9552,18.5668],[81.9169,18.5719],[81.9051,18.5361],[81.8663,18.5207],[81.8526,18.4893],[81.7705,18.4191],[81.7533,18.3532],[81.6665,18.3471],[81.6576,18.3388],[81.6671,18.3189],[81.6018,18.309],[81.576,18.281],[81.5364,18.2668],[81.5132,18.1917],[81.5311,18.1652],[81.5172,18.1005],[81.4825,18.0367],[81.4859,17.9783],[81.4539,17.9345],[81.4459,17.8844],[81.4025,17.8935],[81.4067,17.8552],[81.3937,17.815],[81.4681,17.8332],[81.4899,17.8115],[81.5775,17.8366],[81.6199,17.8241],[81.6515,17.848],[81.6718,17.8856],[81.697,17.8935],[81.7119,17.8699],[81.7911,17.9185],[81.8097,17.9449]]]}},{"type":"Feature","properties":{"name":"Mayurbhanj","state":"Odisha","level":"district"},"geometry":{"type":"Polygon","coordinates":[[[85.9861,22.5135],[85.9589,22.4598],[85.9984,22.4261],[86.0141,22.4282],[86.0268,22.3858],[85.9982,22.3422],[86.0258,22.3335],[86.0138,22.3141],[86.0486,22.3103],[86.0138,22.2968],[85.9751,22.2476],[86.032,22.1896],[86.0,22.1362],[86.0079,22.1175],[85.9569,22.0362],[85.9176,22.0094],[85.9108,21.9713],[85.8965,21.9831],[85.8238,21.9746],[85.8209,21.9847],[85.7663,21.9943],[85.7616,22.0129],[85.7811,22.0328],[85.7759,22.0557],[85.7934,22.0816],[85.8362,22.0814],[85.8076,22.1152],[85.7279,22.0625],[85.6775,22.0558],[85.6636,22.033],[85.6715,22.0135],[85.7035,22.0077],[85.7051,21.9861],[85.7394,21.9936],[85.7944,21.9545],[85.7903,21.9065],[85.8052,21.8877],[85.8107,21.8125],[85.8828,21.7945],[85.906,21.7679],[85.9406,21.7627],[85.9715,21.7401],[86.0178,21.7453],[86.0279,21.6925],[86.051,21.7146],[86.0607,21.6887],[86.0818,21.69],[86.0802,21.6294],[86.0478,21.574],[86.0187,21.559],[86.0098,21.5328],[86.1211,21.4777],[86.1633,21.4206],[86.1314,21.3885],[86.0938,21.3119],[86.1203,21.2724],[86.1382,21.2664],[86.1383,21.2816],[86.1596,21.2928],[86.19,21.2738],[86.2101,21.2834],[86.2696,21.3797],[86.3582,21.3202],[86.3614,21.3007],[86.4274,21.3322],[86.5344,21.4283],[86.5849,21.5213],[86.637,21.5296],[86.6521,21.5793],[86.6876,21.5944],[86.7059,21.5849],[86.754,21.6058],[86.8489,21.6054],[86.8796,21.574],[86.895,21.585],[86.8797,21.6164],[86.8871,21.6255],[86.9607,21.5586],[86.9911,21.5772],[87.0126,21.5676],[87.0302,21.5828],[87.0006,21.6056],[87.0119,21.6483],[86.9933,21.6491],[86.9891,21.6674],[87.015,21.6746],[87.0309,21.6608],[87.0538,21.6837],[87.0383,21.6962],[87.0268,21.7412],[87.0477,21.7397],[87.0482,21.7111],[87.0716,21.7068],[87.0937,21.727],[87.0872,21.7379],[87.095,21.7325],[87.1014,21.7514],[87.1223,21.7553],[87.1054,21.7836],[87.1188,21.7865],[87.1238,21.7718],[87.1455,21.7639],[87.1593,21.7686],[87.1756,21.8144],[87.0988,21.8655],[87.0345,21.8705],[87.0091,21.9006],[87.0098,21.9457],[87.0385,21.9941],[87.022,22.046],[86.9982,22.0516],[86.9616,22.0882],[86.8365,22.0998],[86.8016,22.1308],[86.7948,22.1586],[86.72,22.1481],[86.7256,22.2214],[86.6868,22.224],[86.6698,22.243],[86.6558,22.2377],[86.6503,22.2658],[86.6132,22.2831],[86.5957,22.2792],[86.5832,22.3022],[86.5372,22.3025],[86.5048,22.3452],[86.4433,22.3276],[86.4383,22.3058],[86.3577,22.3496],[86.2849,22.4495],[86.2255,22.4531],[86.2234,22.4721],[86.1126,22.4888],[86.0745,22.5468],[86.0439,22.5673],[86.0237,22.5474],[86.0336,22.5381],[86.0274,22.5243],[85.9861,22.5135]]]}},{"type":"Feature","properties":{"name":"Nabarangapur","state":"Odisha","level":"district"},"geometry":{"type":"Polygon","coordinates":[[[82.2047,19.124],[82.2377,19.1347],[82.2328,19.1627],[82.294,19.1765],[82.3007,19.1989],[82.3236,19.2015],[82.3286,19.1864],[82.3478,19.2059],[82.3672,19.2047],[82.4117,19.1811],[82.41,19.214],[82.437,19.1963],[82.4362,19.1715],[82.4898,19.1809],[82.517,19.2032],[82.5723,19.2014],[82.5737,19.2121],[82.582,19.1962],[82.5897,19.2022],[82.6131,19.1865],[82.6084,19.1976],[82.6137,19.195],[82.6255,19.1509],[82.6428,19.1522],[82.6393,19.176],[82.6796,19.1966],[82.7239,19.1741],[82.7237,19.1604],[82.7418,19.1606],[82.7565,19.184],[82.7741,19.1669],[82.7896,19.1713],[82.8017,19.1502],[82.8182,19.1711],[82.8298,19.1486],[82.8287,19.1809],[82.8562,19.2063],[82.839,19.2356],[82.8055,19.2375],[82.8271,19.2572],[82.8501,19.3216],[82.8001,19.3295],[82.7812,19.3445],[82.7573,19.3286],[82.743,19.3498],[82.7275,19.3469],[82.7086,19.384],[82.7095,19.4193],[82.6936,19.4176],[82.6341,19.483],[82.6428,19.5112],[82.6084,19.5209],[82.617,19.539],[82.5691,19.5436],[82.5592,19.58],[82.532,19.5822],[82.5499,19.6104],[82.5281,19.6306],[82.5575,19.6448],[82.5784,19.6806],[82.5685,19.6839],[82.5743,19.7137],[82.5641,19.7271],[82.6032,19.7471],[82.5789,19.8283],[82.605,19.8664],[82.5519,19.8749],[82.5375,19.8879],[82.5307,19.8786],[82.5019,19.9031],[82.4471,19.9086],[82.3965,19.8874],[82.3471,19.8356],[82.3059,19.889],[82.2694,19.9769],[82.2383,20.0033],[82.1861,19.9833],[82.1735,20.0033],[82.1238,20.0155],[82.0655,20.0548],[82.0321,20.015],[82.0176,20.0497],[81.9942,20.0569],[81.949,20.1069],[81.8971,20.048],[81.8742,20.0408],[81.845,19.9549],[81.8565,19.9435],[81.8535,19.9198],[81.8769,19.8978],[81.9681,19.8599],[81.9651,19.8412],[81.9879,19.8011],[82.0676,19.7885],[82.0453,19.7095],[82.0591,19.6302],[82.0418,19.5965],[82.054,19.5445],[82.0303,19.5078],[82.0676,19.5096],[82.0787,19.5219],[82.0999,19.5159],[82.1047,19.4672],[82.1272,19.4301],[82.1751,19.4361],[82.1909,19.4239],[82.1743,19.3723],[82.1487,19.3683],[82.1502,19.3546],[82.1882,19.3387],[82.1911,19.3262],[82.1597,19.272],[82.1637,19.2032],[82.1813,19.1911],[82.1868,19.1657],[82.1721,19.1614],[82.1828,19.1521],[82.1678,19.1333],[82.1778,19.1197],[82.1842,19.1319],[82.2047,19.124]]]}},{"type":"Feature","properties":{"name":"Nayagarh","state":"Odisha","level":"district"},"geometry":{"type":"Polygon","coordinates":[[[84.7941,20.5817],[84.7961,20.5609],[84.7768,20.5364],[84.739,20.5397],[84.6996,20.4994],[84.6846,20.4635],[84.6921,20.4428],[84.6637,20.4261],[84.6219,20.4349],[84.5615,20.4135],[84.5468,20.4226],[84.5126,20.3987],[84.5196,20.3731],[84.4852,20.3515],[84.4892,20.3393],[84.5128,20.3407],[84.5163,20.3214],[84.5438,20.3274],[84.5473,20.2451],[84.5899,20.1839],[84.607,20.1798],[84.6479,20.2074],[84.6734,20.2741],[84.6965,20.282],[84.7437,20.2456],[84.7693,20.2481],[84.8287,20.2231],[84.8219,20.1234],[84.8036,20.1151],[84.799,20.0951],[84.8567,20.0309],[84.8628,20.0009],[84.9019,19.9936],[84.9239,19.942],[84.906,19.9149],[84.9114,19.9059],[85.0099,19.9003],[85.1277,19.9339],[85.167,19.9051],[85.2451,19.9061],[85.3316,19.9263],[85.3633,19.9588],[85.4035,19.9302],[85.4361,19.9408],[85.4569,19.9737],[85.4406,19.9949],[85.4166,19.9956],[85.4348,20.0277],[85.4148,20.0212],[85.3807,20.0721],[85.4142,20.1281],[85.3921,20.1361],[85.3844,20.1564],[85.356,20.1458],[85.3685,20.1813],[85.333,20.1807],[85.312,20.1547],[85.2708,20.147],[85.2407,20.1151],[85.2174,20.1288],[85.2056,20.1551],[85.2144,20.1653],[85.2014,20.1881],[85.2266,20.2237],[85.2442,20.2086],[85.2561,20.227],[85.3239,20.2315],[85.3403,20.2457],[85.3425,20.2541],[85.3271,20.2543],[85.3301,20.2753],[85.3559,20.3024],[85.3547,20.3361],[85.3737,20.3511],[85.3676,20.3927],[85.2859,20.3723],[85.2487,20.3936],[85.1914,20.3881],[85.0762,20.4163],[84.9453,20.4929],[84.8847,20.4997],[84.7941,20.5817]]]}},{"type":"Feature","properties":{"name":"Nuapada","state":"Odisha","level":"district"},"geometry":{"type":"Polygon","coordinates":[[[82.7048,19.9984],[82.7407,20.0286],[82.7364,20.0585],[82.7564,20.0562],[82.7904,20.1022],[82.8153,20.1024],[82.825,20.1661],[82.8142,20.1812],[82.849,20.1969],[82.8624,20.2709],[82.8505,20.2881],[82.8272,20.2826],[82.8144,20.2957],[82.8232,20.3224],[82.8373,20.3211],[82.8401,20.2955],[82.8507,20.2938],[82.8531,20.3411],[82.8269,20.3448],[82.8175,20.3592],[82.8147,20.3287],[82.7923,20.3266],[82.8173,20.3837],[82.7713,20.3553],[82.7197,20.3581],[82.7322,20.3848],[82.6867,20.4506],[82.7075,20.5008],[82.7134,20.5675],[82.7303,20.5817],[82.7432,20.6236],[82.7241,20.6723],[82.6963,20.6813],[82.7029,20.7263],[82.6894,20.7354],[82.6984,20.7578],[82.6856,20.8733],[82.7014,20.9409],[82.6897,20.973],[82.6938,21.0222],[82.6687,21.0693],[82.6392,21.0906],[82.6167,21.0748],[82.6297,21.0403],[82.6118,21.0096],[82.5531,20.9388],[82.4931,20.9073],[82.4893,20.8592],[82.4665,20.8278],[82.423,20.8295],[82.4088,20.8662],[82.3665,20.8703],[82.3666,20.8864],[82.3541,20.8876],[82.3415,20.8444],[82.3426,20.7624],[82.3757,20.6283],[82.3462,20.5985],[82.3481,20.574],[82.3315,20.5582],[82.3563,20.5273],[82.388,20.5143],[82.3956,20.4571],[82.4176,20.4778],[82.4367,20.4304],[82.4174,20.4074],[82.4013,20.3403],[82.43,20.3145],[82.4368,20.2879],[82.4126,20.2684],[82.4212,20.2073],[82.3865,20.1498],[82.4034,20.0543],[82.5097,20.019],[82.5512,20.0177],[82.606,19.9913],[82.6393,20.0058],[82.7048,19.9984]]]}},{"type":"Feature","properties":{"name":"Puri","state":"Odisha","level":"district"},"geometry":{"type":"Polygon","coordinates":[[[86.0823,20.107],[86.0208,20.1033],[86.0074,20.1168],[85.995,20.1073],[85.9049,20.1272],[85.8852,20.1106],[85.8751,20.1229],[85.9006,20.1485],[85.889,20.177],[85.8534,20.1941],[85.856,20.1762],[85.8451,20.1753],[85.8393,20.1949],[85.8269,20.159],[85.7964,20.1515],[85.7834,20.1672],[85.7652,20.1672],[85.7629,20.1526],[85.7329,20.1519],[85.7224,20.1302],[85.7199,20.1426],[85.6891,20.1496],[85.6771,20.1127],[85.6921,20.0957],[85.6773,20.0874],[85.6799,20.0722],[85.6532,20.0662],[85.6521,20.0969],[85.6331,20.1006],[85.6454,20.0844],[85.6202,20.0593],[85.6171,20.0426],[85.6309,20.0252],[85.6175,19.9919],[85.6173,20.0187],[85.5944,19.9955],[85.5726,20.0244],[85.565,19.9501],[85.5314,19.9779],[85.5022,19.9461],[85.5195,19.9425],[85.5101,19.9264],[85.5285,19.9417],[85.5666,19.9174],[85.5644,19.8552],[85.5608,19.879],[85.5363,19.8917],[85.4065,19.8863],[85.4091,19.8739],[85.3813,19.8428],[85.3461,19.8286],[85.3235,19.7965],[85.2547,19.7842],[85.2416,19.7419],[85.2194,19.7462],[85.1908,19.7118],[85.2058,19.685],[85.1842,19.6761],[85.177,19.5583],[85.1368,19.5215],[85.159,19.4835],[85.1743,19.4679],[85.336,19.5786],[85.6695,19.7404],[85.9246,19.8232],[86.196,19.8895],[86.375,19.9582],[86.3166,20.0288],[86.273,20.0449],[86.2785,20.0577],[86.2566,20.055],[86.2477,20.0393],[86.2094,20.0403],[86.1997,20.0541],[86.1218,20.0428],[86.128,20.0608],[86.0816,20.0693],[86.077,20.0829],[86.0914,20.0924],[86.0823,20.107]]]}},{"type":"Feature","properties":{"name":"Rayagada","state":"Odisha","level":"district"},"geometry":{"type":"Polygon","coordinates":[[[83.7471,18.9874],[83.8141,19.032],[83.8628,18.98],[83.8978,18.9842],[83.9133,19.0181],[83.9585,18.9867],[83.9878,19.0211],[83.9651,19.0451],[83.9714,19.0662],[84.03,19.0546],[84.0134,19.0941],[84.0148,19.1284],[84.0321,19.1316],[83.9844,19.1621],[83.9982,19.1886],[83.9828,19.2096],[84.0109,19.2521],[84.0299,19.346],[84.0172,19.3747],[83.9469,19.3982],[83.9441,19.4204],[83.9785,19.4861],[83.9607,19.5005],[83.9771,19.5309],[83.9439,19.5506],[83.9343,19.5721],[83.9271,19.6309],[83.9431,19.6357],[83.9264,19.6635],[83.938,19.6693],[83.9204,19.6798],[83.8739,19.6747],[83.8434,19.7102],[83.8087,19.7174],[83.769,19.7136],[83.7637,19.6801],[83.7404,19.6551],[83.6946,19.6889],[83.6492,19.6586],[83.6374,19.673],[83.6448,19.7043],[83.6282,19.7431],[83.6099,19.7555],[83.6222,19.7785],[83.6194,19.8156],[83.6024,19.8335],[83.5889,19.8233],[83.5289,19.8583],[83.5285,19.8776],[83.5625,19.9293],[83.4522,19.9731],[83.4429,19.9338],[83.4073,19.921],[83.4292,19.8752],[83.4408,19.8028],[83.4593,19.7974],[83.4557,19.7406],[83.4308,19.6988],[83.3862,19.6677],[83.3733,19.5988],[83.3552,19.606],[83.303,19.5921],[83.2675,19.6015],[83.2481,19.5088],[83.2285,19.5039],[83.2053,19.4641],[83.2181,19.4361],[83.188,19.4645],[83.183,19.4249],[83.1551,19.4577],[83.1592,19.4861],[83.1474,19.5006],[83.1095,19.5097],[83.105,19.5432],[83.0891,19.5406],[83.071,19.5628],[83.039,19.5532],[83.027,19.513],[82.9938,19.4907],[82.9917,19.448],[82.9605,19.4377],[82.9394,19.4504],[82.9246,19.4359],[82.953,19.3912],[82.9575,19.3256],[82.9049,19.2858],[82.8908,19.255],[82.9023,19.23],[82.8788,19.1847],[82.9047,19.1594],[82.9505,19.1554],[82.9795,19.1743],[82.984,19.1338],[83.0308,19.0812],[83.023,19.0649],[83.0637,19.0449],[83.0761,19.0816],[83.1043,19.1125],[83.1308,19.0943],[83.1375,19.1374],[83.161,19.1239],[83.1726,19.1413],[83.2046,19.1502],[83.2021,19.1677],[83.2599,19.1649],[83.2441,19.1272],[83.2017,19.1374],[83.1716,19.1126],[83.1705,19.0829],[83.1949,19.0755],[83.1902,19.0156],[83.2065,18.9764],[83.2415,18.9733],[83.2387,19.024],[83.2669,19.0504],[83.2626,19.0707],[83.2853,19.1251],[83.2872,19.1151],[83.2993,19.1221],[83.341,19.1021],[83.3445,19.0554],[83.3642,19.0469],[83.3484,19.0175],[83.3752,19.0022],[83.4166,19.0048],[83.4165,18.9885],[83.4632,18.9543],[83.468,18.9894],[83.4562,19.0082],[83.4823,19.0089],[83.4857,19.0298],[83.4671,19.0781],[83.4809,19.0862],[83.5013,19.0616],[83.5131,19.0733],[83.5213,19.0334],[83.5012,19.0354],[83.5031,19.0197],[83.5391,19.0141],[83.5599,19.0558],[83.5541,19.0824],[83.5626,19.0867],[83.5653,19.06],[83.5864,19.0584],[83.5922,19.0884],[83.612,19.0968],[83.6019,19.1288],[83.6308,19.1621],[83.6374,19.1355],[83.657,19.1304],[83.6644,19.0836],[83.7046,19.0253],[83.7308,19.0208],[83.7126,19.0083],[83.7133,18.9942],[83.7339,18.9845],[83.7497,18.9322],[83.7781,18.9107],[83.7847,18.9282],[83.7579,18.9534],[83.7471,18.9874]]]}},{"type":"Feature","properties":{"name":"Sambalpur","state":"Odisha","level":"district"},"geometry":{"type":"Polygon","coordinates":[[[84.2827,20.9277],[84.4015,20.9745],[84.4358,21.0148],[84.4105,21.0313],[84.442,21.0351],[84.485,21.0831],[84.5351,21.0891],[84.5891,21.0644],[84.6516,21.0849],[84.6831,21.0647],[84.6706,21.096],[84.6854,21.1495],[84.7254,21.1498],[84.7446,21.1711],[84.7244,21.2179],[84.7439,21.2325],[84.761,21.2249],[84.7722,21.2527],[84.7581,21.2582],[84.7661,21.2728],[84.7005,21.3201],[84.6654,21.3121],[84.6323,21.2761],[84.5708,21.2516],[84.57,21.3212],[84.5567,21.3469],[84.5004,21.3309],[84.5004,21.3556],[84.4593,21.3674],[84.3781,21.3415],[84.3817,21.4568],[84.4452,21.4803],[84.4534,21.5038],[84.4722,21.505],[84.4828,21.5344],[84.496,21.5274],[84.5114,21.5598],[84.5446,21.5701],[84.5397,21.5791],[84.5748,21.5729],[84.5274,21.6231],[84.4913,21.6382],[84.5053,21.6799],[84.5446,21.6772],[84.5785,21.7005],[84.6275,21.6952],[84.6391,21.705],[84.6388,21.7374],[84.6797,21.735],[84.6775,21.7543],[84.6545,21.7671],[84.5934,21.7582],[84.5588,21.7675],[84.5687,21.7876],[84.5285,21.8137],[84.5386,21.861],[84.5312,21.8825],[84.4957,21.908],[84.53,21.9281],[84.5204,21.9457],[84.5288,21.9741],[84.5079,21.9607],[84.5034,21.9707],[84.5107,22.0199],[84.5298,22.0451],[84.5135,22.0537],[84.5143,22.0848],[84.4967,22.0989],[84.4779,22.189],[84.3258,22.1249],[84.2787,22.1211],[84.2678,22.1047],[84.2696,22.0145],[84.2897,22.0173],[84.2995,22.0342],[84.3576,22.037],[84.3892,22.0246],[84.3932,21.9928],[84.3691,21.9725],[84.3772,21.9549],[84.2908,21.7666],[84.221,21.7669],[84.19,21.7547],[84.1151,21.7894],[84.0385,21.7596],[84.0148,21.7866],[83.9907,21.7523],[83.9697,21.7662],[83.9441,21.7281],[83.9731,21.7092],[83.9735,21.578],[83.8941,21.5742],[83.8233,21.5947],[83.7997,21.5667],[83.8151,21.5402],[83.8467,21.5278],[83.8867,21.4393],[83.8494,21.4107],[83.8808,21.3906],[83.8715,21.3111],[83.8783,21.2943],[83.8914,21.2971],[83.9133,21.2465],[83.8959,21.1787],[83.9859,21.1353],[83.9908,21.0798],[84.02,21.0558],[84.1478,21.0361],[84.1608,20.9762],[84.1945,20.9772],[84.2416,20.9267],[84.2827,20.9277]]]}},{"type":"Feature","properties":{"name":"Subarnapur","state":"Odisha","level":"district"},"geometry":{"type":"Polygon","coordinates":[[[84.2827,20.9277],[84.2416,20.9267],[84.1945,20.9772],[84.1608,20.9762],[84.1478,21.0361],[84.02,21.0558],[83.9908,21.0798],[83.9859,21.1353],[83.8959,21.1787],[83.8447,21.0979],[83.7996,21.1165],[83.7821,21.1551],[83.718,21.1216],[83.6137,21.1295],[83.5498,21.0762],[83.4976,21.0623],[83.4989,21.0422],[83.4659,21.0606],[83.4501,21.0238],[83.4708,20.9981],[83.5135,20.9825],[83.641,20.9829],[83.6112,20.9339],[83.6208,20.9042],[83.5797,20.874],[83.5738,20.8534],[83.6255,20.8273],[83.6376,20.7723],[83.6559,20.7736],[83.6533,20.7525],[83.6777,20.7428],[83.6224,20.6311],[83.5958,20.6042],[83.5954,20.5426],[83.6113,20.5288],[83.689,20.5612],[83.7314,20.6068],[83.7347,20.6229],[83.7186,20.6408],[83.7593,20.7161],[83.7632,20.7756],[83.7811,20.7994],[83.845,20.8243],[83.8985,20.8166],[83.9404,20.8416],[84.0548,20.8288],[84.1127,20.8462],[84.2177,20.9022],[84.2674,20.8899],[84.2827,20.9277]]]}},{"type":"Feature","properties":{"name":"Sundargarh","state":"Odisha","level":"district"},"geometry":{"type":"Polygon","coordinates":[[[84.0644,22.5126],[83.987,22.5244],[83.983,22.5047],[84.0484,22.4667],[84.0469,22.4355],[84.0308,22.4248],[84.0111,22.3703],[83.9224,22.3623],[83.9039,22.3423],[83.8679,22.3464],[83.8321,22.3222],[83.8264,22.2951],[83.8006,22.2903],[83.7597,22.2455],[83.7,22.2481],[83.6527,22.2272],[83.5643,22.1027],[83.6073,22.0683],[83.5905,22.0578],[83.55,22.0622],[83.5395,22.0369],[83.5556,22.0096],[83.5422,21.9665],[83.5648,21.9469],[83.5604,21.9352],[83.5948,21.9292],[83.6075,21.9139],[83.5785,21.875],[83.5929,21.8508],[83.5805,21.8329],[83.5928,21.8261],[83.6295,21.8488],[83.6431,21.8171],[83.6868,21.8041],[83.7036,21.7749],[83.7824,21.8568],[83.8123,21.8646],[83.8164,21.8836],[83.8292,21.8819],[83.8978,21.9457],[83.9611,21.9418],[83.9809,21.9067],[84.0291,21.9533],[84.0787,21.9376],[84.0894,21.9675],[84.0729,21.9901],[84.1101,21.9938],[84.1213,22.0115],[84.2332,21.9754],[84.2693,22.0079],[84.2678,22.1047],[84.2787,22.1211],[84.3258,22.1249],[84.4779,22.189],[84.4967,22.0989],[84.5143,22.0848],[84.5135,22.0537],[84.5298,22.0451],[84.5107,22.0199],[84.5034,21.9707],[84.5079,21.9607],[84.5288,21.9741],[84.5204,21.9457],[84.53,21.9281],[84.4957,21.908],[84.5312,21.8825],[84.5386,21.861],[84.5285,21.8137],[84.5687,21.7876],[84.5588,21.7675],[84.5934,21.7582],[84.6545,21.7671],[84.6775,21.7543],[84.6977,21.7071],[84.7204,21.7154],[84.7489,21.6819],[84.7591,21.6252],[84.7931,21.6323],[84.793,21.6689],[84.8657,21.6529],[84.917,21.6708],[84.9424,21.6603],[84.9597,21.6833],[84.9799,21.6737],[85.0001,21.6825],[85.0275,21.672],[85.0366,21.6071],[85.0517,21.5894],[85.0879,21.6039],[85.1502,21.5945],[85.197,21.6407],[85.1837,21.6472],[85.1939,21.6637],[85.1872,21.711],[85.2152,21.7416],[85.2044,21.7685],[85.2306,21.8226],[85.2438,21.8041],[85.2854,21.8364],[85.3171,21.8192],[85.3434,21.8278],[85.3599,21.8524],[85.3739,21.9343],[85.3472,21.951],[85.2724,21.9622],[85.2209,22.0149],[85.2167,22.0473],[85.1851,22.0689],[85.1704,22.0693],[85.1732,22.0528],[85.1616,22.0745],[85.1249,22.0705],[85.1015,22.1034],[85.05,22.1146],[85.0261,22.1073],[85.0085,22.0839],[84.9861,22.0885],[85.0299,22.1159],[85.0315,22.1578],[85.0539,22.1781],[85.0756,22.2344],[85.0766,22.2758],[85.1206,22.2941],[85.1201,22.3178],[85.0941,22.3177],[85.0991,22.3446],[85.0802,22.3521],[85.0892,22.3819],[85.0632,22.4481],[85.0798,22.47],[85.0687,22.4817],[85.0395,22.4802],[84.9608,22.4422],[84.9535,22.4543],[84.9035,22.4217],[84.8865,22.4209],[84.8828,22.4465],[84.8389,22.4296],[84.819,22.4348],[84.8141,22.45],[84.7591,22.4452],[84.7502,22.4179],[84.668,22.417],[84.6386,22.4317],[84.5332,22.423],[84.4832,22.409],[84.4842,22.3867],[84.4544,22.3821],[84.4335,22.3677],[84.4327,22.3519],[84.2959,22.3403],[84.2533,22.3766],[84.2009,22.3746],[84.1593,22.4037],[84.1427,22.4234],[84.1417,22.4736],[84.1129,22.4764],[84.0644,22.5126]]]}},{"type":"Feature","properties":{"name":"Karaikal","state":"Puducherry","level":"district"},"geometry":{"type":"Polygon","coordinates":[[[79.8549,10.9852],[79.8434,11.0045],[79.8013,10.9886],[79.8127,10.9664],[79.8108,10.9086],[79.7928,10.8963],[79.8365,10.8797],[79.8207,10.8796],[79.8307,10.8644],[79.8147,10.8648],[79.8431,10.8248],[79.8522,10.8247],[79.8549,10.9852]]]}},{"type":"Feature","properties":{"name":"Mahe","state":"Puducherry","level":"district"},"geometry":{"type":"MultiPolygon","coordinates":[[[[75.5558,11.7213],[75.5336,11.7585],[75.5432,11.7414],[75.5287,11.7269],[75.5318,11.7082],[75.5558,11.7213]]],[[[75.5298,11.7019],[75.5419,11.6959],[75.5414,11.7091],[75.5298,11.7019]]]]}},{"type":"Feature","properties":{"name":"Puducherry","state":"Puducherry","level":"district"},"geometry":{"type":"MultiPolygon","coordinates":[[[[79.8405,11.9562],[79.8281,11.9577],[79.816,11.987],[79.8026,11.9668],[79.7572,11.9468],[79.7525,11.9676],[79.7264,11.9754],[79.7296,11.9892],[79.746,11.983],[79.7637,11.9969],[79.7636,12.0076],[79.7454,12.0086],[79.7137,11.9876],[79.7151,11.971],[79.6945,11.9556],[79.7198,11.9299],[79.7096,11.9489],[79.7234,11.9494],[79.7203,11.9334],[79.7404,11.9085],[79.7291,11.8919],[79.7149,11.8944],[79.7097,11.9147],[79.7196,11.9233],[79.6995,11.922],[79.6909,11.8946],[79.7078,11.8932],[79.7188,11.8565],[79.7311,11.8674],[79.7478,11.8501],[79.752,11.8759],[79.7622,11.8759],[79.7657,11.8397],[79.7796,11.8563],[79.7978,11.8543],[79.809,11.8368],[79.8405,11.9562]],[[79.7749,11.9022],[79.7964,11.8981],[79.7849,11.8631],[79.7721,11.8841],[79.7749,11.9022]]],[[[79.8013,10.9886],[79.7693,11.0082],[79.7633,10.9895],[79.777,10.96],[79.7324,10.974],[79.7321,10.9584],[79.7481,10.9587],[79.7373,10.9354],[79.7729,10.9188],[79.7694,10.9044],[79.7759,10.914],[79.7818,10.902],[79.7745,10.9049],[79.7672,10.8966],[79.8108,10.9086],[79.8127,10.9664],[79.8013,10.9886]]],[[[79.8073,11.8313],[79.7973,11.8399],[79.7982,11.8267],[79.7675,11.8239],[79.7371,11.8438],[79.7402,11.809],[79.7184,11.7905],[79.7543,11.7764],[79.7624,11.7882],[79.7969,11.7889],[79.8073,11.8313]]],[[[79.6509,12.0223],[79.6245,12.0306],[79.616,11.9859],[79.6287,11.9005],[79.6558,11.907],[79.6707,11.929],[79.6565,11.9473],[79.6428,11.9435],[79.6355,11.9952],[79.6509,12.0223]]],[[[79.886,12.0646],[79.8457,12.0752],[79.8349,12.0205],[79.8623,12.0171],[79.886,12.0646]]],[[[79.6978,12.0334],[79.6589,12.0116],[79.6568,11.9902],[79.7178,11.9907],[79.6978,12.0334]]],[[[79.6231,11.8901],[79.6098,11.8759],[79.6005,11.8819],[79.6024,11.8571],[79.6264,11.8689],[79.6264,11.8526],[79.6582,11.8523],[79.6624,11.8664],[79.6231,11.8901]]],[[[79.6718,11.8225],[79.6474,11.8438],[79.6411,11.8231],[79.6637,11.812],[79.6718,11.8225]]],[[[79.6871,11.9677],[79.662,11.968],[79.6527,11.9565],[79.6762,11.948],[79.6871,11.9677]]],[[[79.6808,11.7961],[79.6877,11.8123],[79.6756,11.8124],[79.6808,11.7961]]],[[[79.7785,12.0176],[79.7935,12.0217],[79.778,12.0283],[79.7785,12.0176]]],[[[79.7042,11.8139],[79.695,11.8223],[79.6933,11.8142],[79.7042,11.8139]]]]}},{"type":"Feature","properties":{"name":"Ariyalur","state":"Tamil Nadu","level":"district"},"geometry":{"type":"Polygon","coordinates":[[[79.3952,11.0633],[79.5143,11.2275],[79.4966,11.2492],[79.5015,11.3122],[79.4391,11.3345],[79.4386,11.3578],[79.3954,11.3559],[79.3869,11.4101],[79.3841,11.3982],[79.3705,11.4204],[79.3147,11.4194],[79.2973,11.4131],[79.2992,11.382],[79.2597,11.3896],[79.2457,11.3707],[79.2344,11.3932],[79.1774,11.3746],[79.143,11.3852],[79.1273,11.3333],[79.1301,11.3115],[79.1452,11.3024],[79.118,11.2948],[79.1114,11.2735],[79.1242,11.2495],[79.1029,11.2299],[79.0968,11.1996],[79.0684,11.2055],[79.0756,11.1582],[79.0578,11.1344],[79.0701,11.1071],[79.0111,11.0609],[79.0153,11.0095],[78.9883,11.0013],[78.9783,10.9671],[78.9535,10.9706],[78.9396,10.9595],[78.9666,10.9496],[78.9815,10.9222],[79.0003,10.9214],[79.0079,10.8906],[79.0329,10.8829],[79.0638,10.8919],[79.0785,10.9197],[79.119,10.9199],[79.1526,10.9413],[79.2143,10.9397],[79.2951,11.0148],[79.3952,11.0633]]]}},{"type":"Feature","properties":{"name":"Chengalputtu","state":"Tamil Nadu","level":"district"},"geometry":{"type":"Polygon","coordinates":[[[79.7475,12.5311],[79.7559,12.5583],[79.7659,12.5474],[79.7982,12.5639],[79.8238,12.5621],[79.8066,12.6242],[79.8255,12.6164],[79.8986,12.6368],[79.9289,12.6324],[79.9174,12.692],[79.9485,12.702],[79.9219,12.7403],[79.8772,12.7604],[79.8854,12.767],[79.8721,12.7741],[79.8957,12.7785],[79.9049,12.7967],[79.9325,12.7803],[79.9531,12.7853],[79.9563,12.8208],[80.0064,12.8041],[80.0518,12.8334],[80.0632,12.8975],[80.1223,12.9834],[80.18,12.9988],[80.1977,13.0285],[80.1487,13.0314],[80.1311,13.0561],[80.1,13.0464],[80.0838,13.022],[80.079,13.0429],[80.0565,13.0325],[80.0568,13.0463],[80.0101,13.0584],[79.9921,13.0325],[79.9792,13.0397],[79.9897,13.058],[79.9467,13.0345],[79.9044,13.0519],[79.9056,13.016],[79.9228,13.0203],[79.9446,13.0042],[79.9298,12.9918],[79.9133,13.0042],[79.8979,12.9958],[79.9172,12.9782],[79.896,12.9475],[79.8254,12.9644],[79.8209,13.0014],[79.7998,13.0277],[79.6612,12.9493],[79.6619,12.931],[79.5734,12.9006],[79.5608,12.8507],[79.6403,12.8174],[79.6384,12.7887],[79.6569,12.7649],[79.6702,12.785],[79.6887,12.7855],[79.7469,12.7439],[79.716,12.7278],[79.7394,12.717],[79.7456,12.6947],[79.6847,12.6687],[79.6489,12.6688],[79.6341,12.6322],[79.6473,12.6261],[79.6505,12.6023],[79.7242,12.5895],[79.7286,12.5799],[79.7077,12.5722],[79.7218,12.5665],[79.7177,12.5502],[79.7475,12.5311]]]}},{"type":"Feature","properties":{"name":"Chennai","state":"Tamil Nadu","level":"district"},"geometry":{"type":"Polygon","coordinates":[[[80.1901,13.0264],[80.2117,13.0269],[80.201,13.0165],[80.2151,13.0063],[80.2048,12.9847],[80.2174,12.9695],[80.2486,12.9845],[80.2667,12.9726],[80.3101,13.1075],[80.2977,13.1012],[80.3038,13.1423],[80.2536,13.1486],[80.2437,13.1284],[80.2033,13.1269],[80.1868,13.0757],[80.1901,13.0264]]]}},{"type":"Feature","properties":{"name":"Coimbatore","state":"Tamil Nadu","level":"district"},"geometry":{"type":"Polygon","coordinates":[[[77.0536,10.2616],[77.0477,10.282],[77.0957,10.3096],[77.093,10.3754],[77.0478,10.4261],[77.0738,10.4558],[77.0656,10.4724],[77.0783,10.5604],[77.0917,10.5854],[77.166,10.5897],[77.1794,10.6422],[77.1417,10.668],[77.1341,10.7555],[77.1698,10.8025],[77.2129,10.8047],[77.2096,10.7874],[77.2392,10.7769],[77.2717,10.7864],[77.2995,10.8147],[77.2905,10.8549],[77.2621,10.8662],[77.256,10.901],[77.1796,10.9253],[77.1556,10.9969],[77.1775,11.0361],[77.1662,11.0681],[77.241,11.1095],[77.2635,11.1102],[77.2396,11.1409],[77.2242,11.1274],[77.1904,11.1538],[77.1777,11.1426],[77.1828,11.1652],[77.165,11.1717],[77.1624,11.2022],[77.1504,11.2106],[77.1736,11.2853],[77.1224,11.2992],[77.1281,11.3116],[77.1531,11.3089],[77.1547,11.327],[77.1406,11.3364],[77.1276,11.3783],[77.1127,11.3782],[77.1095,11.4066],[77.0696,11.3827],[77.0683,11.4025],[77.0492,11.4017],[77.0164,11.3685],[76.9748,11.3856],[76.9346,11.3756],[76.9532,11.3629],[76.9094,11.3487],[76.8917,11.365],[76.8882,11.3497],[76.8796,11.3559],[76.8525,11.3384],[76.8635,11.307],[76.8566,11.293],[76.8107,11.2962],[76.7904,11.2781],[76.774,11.2888],[76.7693,11.2623],[76.7401,11.2459],[76.7107,11.2631],[76.7022,11.2561],[76.7033,11.2422],[76.7372,11.2155],[76.7319,11.1935],[76.6967,11.1666],[76.7074,11.1416],[76.7206,11.1493],[76.7331,11.1315],[76.7496,11.1303],[76.7451,11.1024],[76.7591,11.0842],[76.7455,11.0729],[76.7482,11.0566],[76.7784,11.0413],[76.8047,11.0562],[76.7931,11.0381],[76.7176,11.0403],[76.6584,10.9379],[76.7442,10.8901],[76.7846,10.8908],[76.8293,10.8711],[76.8568,10.8379],[76.8524,10.817],[76.9005,10.8093],[76.9098,10.7803],[76.8961,10.7168],[76.8679,10.6847],[76.8826,10.6735],[76.8851,10.6389],[76.8173,10.6356],[76.821,10.6038],[76.8422,10.5944],[76.844,10.5339],[76.8202,10.4242],[76.8524,10.3691],[76.8329,10.3046],[76.8518,10.287],[76.8776,10.2995],[76.8757,10.2765],[76.9191,10.2343],[76.9415,10.2392],[76.9847,10.2184],[77.0536,10.2616]]]}},{"type":"Feature","properties":{"name":"Cuddalore","state":"Tamil Nadu","level":"district"},"geometry":{"type":"MultiPolygon","coordinates":[[[[79.7081,11.8886],[79.6886,11.8854],[79.7031,11.8324],[79.686,11.8335],[79.6909,11.8086],[79.6808,11.7961],[79.6691,11.8107],[79.6368,11.8011],[79.5934,11.8402],[79.4561,11.8712],[79.4536,11.8487],[79.4713,11.848],[79.4849,11.8081],[79.4735,11.7991],[79.4436,11.8089],[79.4416,11.7643],[79.4665,11.768],[79.461,11.7397],[79.4296,11.7315],[79.4455,11.6652],[79.3833,11.6799],[79.3617,11.6718],[79.3632,11.6609],[79.3331,11.6599],[79.3112,11.6343],[79.2903,11.649],[79.2503,11.6513],[79.2363,11.6286],[79.2117,11.6353],[79.1853,11.5876],[79.1546,11.5985],[79.141,11.5894],[79.0931,11.626],[79.0715,11.621],[79.079,11.5986],[79.0556,11.5869],[79.0189,11.5928],[79.0055,11.5669],[78.9308,11.5663],[78.9056,11.5035],[78.8763,11.5062],[78.9655,11.4023],[79.0347,11.3943],[79.1085,11.4024],[79.1774,11.3746],[79.2344,11.3932],[79.2457,11.3707],[79.2597,11.3896],[79.2992,11.382],[79.2973,11.4131],[79.3705,11.4204],[79.3746,11.3999],[79.3856,11.3984],[79.3825,11.412],[79.3949,11.4042],[79.3954,11.3559],[79.4386,11.3578],[79.4391,11.3345],[79.5015,11.3122],[79.4966,11.2492],[79.5143,11.2275],[79.4603,11.1505],[79.5994,11.2187],[79.619,11.2557],[79.6495,11.251],[79.6529,11.3009],[79.7292,11.3486],[79.7609,11.3524],[79.7658,11.3814],[79.791,11.3724],[79.8055,11.3836],[79.8135,11.4191],[79.7634,11.5347],[79.7576,11.5791],[79.7969,11.7889],[79.7624,11.7882],[79.7543,11.7764],[79.7175,11.7953],[79.7402,11.809],[79.7371,11.8438],[79.7675,11.8239],[79.809,11.8368],[79.7978,11.8543],[79.7796,11.8563],[79.7657,11.8397],[79.7622,11.8759],[79.752,11.8759],[79.7478,11.8501],[79.7311,11.8674],[79.7188,11.8565],[79.7081,11.8886]],[[79.695,11.8223],[79.7042,11.8139],[79.6933,11.8142],[79.695,11.8223]]],[[[79.7749,11.9022],[79.7721,11.8841],[79.7849,11.8631],[79.7964,11.8981],[79.7749,11.9022]]]]}},{"type":"Feature","properties":{"name":"Dharmapuri","state":"Tamil Nadu","level":"district"},"geometry":{"type":"Polygon","coordinates":[[[77.6765,11.9504],[77.7388,11.9381],[77.763,11.9125],[77.8474,11.8941],[77.868,11.9136],[77.9744,11.8937],[78.037,11.929],[78.1375,11.9626],[78.2359,11.9762],[78.2515,11.9535],[78.2497,11.9319],[78.2828,11.9446],[78.3037,11.9295],[78.2829,11.9203],[78.2874,11.9003],[78.328,11.9262],[78.3277,11.8966],[78.3112,11.8776],[78.364,11.9119],[78.3869,11.9109],[78.3145,11.7804],[78.3298,11.7731],[78.356,11.7937],[78.4175,11.8768],[78.4414,11.8658],[78.439,11.8458],[78.4547,11.825],[78.543,11.8016],[78.5966,11.8197],[78.6369,11.885],[78.6558,11.8801],[78.6887,11.8991],[78.7069,11.8916],[78.7249,11.9165],[78.7059,11.9349],[78.7188,11.9807],[78.699,11.9895],[78.7267,12.0924],[78.7478,12.1264],[78.7411,12.135],[78.6644,12.1035],[78.6598,12.1245],[78.6337,12.1305],[78.6499,12.1627],[78.6138,12.187],[78.5793,12.1665],[78.5668,12.1985],[78.5495,12.1846],[78.5078,12.1808],[78.4987,12.1404],[78.4545,12.1483],[78.4572,12.1748],[78.4314,12.1936],[78.3589,12.199],[78.3855,12.2288],[78.3376,12.2348],[78.3324,12.2621],[78.314,12.2742],[78.2545,12.2691],[78.2456,12.3018],[78.2231,12.3121],[78.2213,12.328],[78.2379,12.3373],[78.2327,12.3572],[78.2031,12.3423],[78.1701,12.35],[78.1316,12.4225],[78.1439,12.4561],[78.1161,12.4859],[78.0964,12.4786],[78.0752,12.5059],[78.01,12.5237],[78.0041,12.5468],[77.9814,12.5498],[77.9548,12.5221],[77.9368,12.5458],[77.8993,12.5306],[77.9277,12.5127],[77.9288,12.4772],[77.9427,12.4865],[77.9694,12.451],[77.9503,12.4121],[77.951,12.3668],[77.9332,12.3555],[77.872,12.355],[77.8729,12.2811],[77.8236,12.2426],[77.7992,12.1529],[77.7749,12.1756],[77.7514,12.1612],[77.7519,12.14],[77.7797,12.1117],[77.698,12.017],[77.6765,11.9504]]]}},{"type":"Feature","properties":{"name":"Dindigul","state":"Tamil Nadu","level":"district"},"geometry":{"type":"Polygon","coordinates":[[[77.2683,10.1218],[77.2838,10.1173],[77.3048,10.1363],[77.3256,10.1264],[77.3311,10.1396],[77.344,10.1335],[77.3625,10.1482],[77.3725,10.1377],[77.3951,10.16],[77.4246,10.1367],[77.4653,10.1288],[77.4687,10.1444],[77.5138,10.1608],[77.5384,10.1877],[77.5466,10.1815],[77.5483,10.2042],[77.5691,10.1808],[77.6234,10.2165],[77.6657,10.1899],[77.6953,10.199],[77.7035,10.2151],[77.7015,10.1914],[77.7287,10.1602],[77.7301,10.1326],[77.6741,10.1455],[77.6676,10.1228],[77.7012,10.104],[77.7116,10.0215],[77.7648,10.0567],[77.7828,10.0511],[77.8553,10.0765],[77.8773,10.0603],[77.9209,10.0755],[77.9484,10.0917],[77.9377,10.108],[77.9534,10.1415],[77.9753,10.1325],[78.031,10.1806],[78.1421,10.1837],[78.1641,10.1415],[78.1709,10.0933],[78.2127,10.0658],[78.2166,10.0764],[78.2603,10.0868],[78.2847,10.1495],[78.2818,10.1652],[78.2566,10.164],[78.3294,10.2271],[78.3382,10.3269],[78.2786,10.3822],[78.3071,10.4097],[78.3155,10.4396],[78.2085,10.4732],[78.1723,10.5031],[78.1984,10.5481],[78.1343,10.5743],[78.139,10.6007],[78.1665,10.615],[78.165,10.6502],[78.1469,10.6527],[78.1471,10.6723],[78.1557,10.7452],[78.1855,10.8323],[78.1592,10.8324],[78.15,10.8063],[78.1069,10.8062],[78.0986,10.7658],[78.0731,10.7763],[78.0583,10.764],[78.0345,10.7814],[77.9858,10.7607],[77.9402,10.7668],[77.9329,10.736],[77.998,10.7426],[78.017,10.719],[78.0081,10.6751],[77.9722,10.6709],[77.9802,10.639],[77.9098,10.6557],[77.8975,10.6453],[77.8854,10.6513],[77.8738,10.6319],[77.8316,10.6328],[77.8173,10.648],[77.8173,10.682],[77.7896,10.6856],[77.7561,10.6715],[77.7564,10.651],[77.7244,10.6312],[77.702,10.6597],[77.7092,10.7086],[77.7027,10.7312],[77.6901,10.7347],[77.6651,10.7159],[77.6565,10.6748],[77.631,10.6697],[77.5858,10.6834],[77.5405,10.6081],[77.5103,10.6067],[77.5021,10.6434],[77.4823,10.6502],[77.4181,10.6264],[77.3883,10.5964],[77.3684,10.5446],[77.3787,10.5261],[77.4057,10.5234],[77.4013,10.4995],[77.381,10.4922],[77.3856,10.4505],[77.3253,10.4509],[77.3144,10.3633],[77.3367,10.3546],[77.3268,10.3204],[77.3511,10.2771],[77.3437,10.2619],[77.3262,10.2732],[77.3097,10.2452],[77.2976,10.2522],[77.2683,10.1218]]]}},{"type":"Feature","properties":{"name":"Erode","state":"Tamil Nadu","level":"district"},"geometry":{"type":"Polygon","coordinates":[[[76.8475,11.5836],[76.91,11.5772],[76.9186,11.564],[76.9243,11.5775],[76.9412,11.5771],[77.008,11.5448],[77.0185,11.5217],[77.0005,11.5139],[76.9896,11.4821],[77.0097,11.4387],[76.9779,11.4403],[76.9779,11.401],[76.9603,11.3791],[76.9748,11.3856],[77.0164,11.3685],[77.0492,11.4017],[77.0683,11.4025],[77.0696,11.3827],[77.1095,11.4066],[77.1127,11.3782],[77.1276,11.3783],[77.1406,11.3364],[77.1668,11.3146],[77.1813,11.3138],[77.1771,11.3399],[77.1964,11.3343],[77.2254,11.3511],[77.2348,11.3147],[77.2006,11.3023],[77.2421,11.3024],[77.2417,11.3232],[77.2534,11.323],[77.2534,11.3093],[77.2844,11.341],[77.2928,11.3291],[77.2861,11.2896],[77.3137,11.2795],[77.2975,11.272],[77.3039,11.2665],[77.3324,11.2561],[77.3477,11.2877],[77.3327,11.3154],[77.3651,11.3168],[77.3641,11.3376],[77.4172,11.3098],[77.4601,11.3109],[77.4736,11.2782],[77.4708,11.2442],[77.5217,11.1972],[77.5165,11.1753],[77.4781,11.1775],[77.4722,11.1661],[77.4882,11.1585],[77.485,11.1439],[77.5009,11.1467],[77.5108,11.1092],[77.571,11.1016],[77.5789,11.1149],[77.6069,11.1065],[77.6271,11.1214],[77.6463,11.1181],[77.7072,11.095],[77.7203,11.0767],[77.7439,11.0855],[77.7769,11.0555],[77.8145,11.0687],[77.867,11.0226],[77.8997,11.0319],[77.9328,11.0686],[77.8902,11.081],[77.8842,11.1581],[77.8631,11.1828],[77.8723,11.2128],[77.8629,11.2456],[77.809,11.2659],[77.754,11.3506],[77.6852,11.4149],[77.704,11.4841],[77.7342,11.512],[77.7271,11.5353],[77.7478,11.5653],[77.7245,11.6072],[77.7481,11.6193],[77.7771,11.6939],[77.745,11.6541],[77.7157,11.6489],[77.7037,11.6332],[77.6925,11.6462],[77.6932,11.7176],[77.7232,11.7932],[77.6846,11.8182],[77.6505,11.8153],[77.6636,11.8762],[77.6857,11.8756],[77.6765,11.9504],[77.5356,11.9323],[77.4958,11.9427],[77.4884,11.8863],[77.4642,11.8988],[77.4678,11.8494],[77.4308,11.7609],[77.3709,11.7889],[77.3374,11.769],[77.2959,11.8083],[77.2894,11.7997],[77.2527,11.8123],[77.238,11.7936],[77.1135,11.7727],[77.1201,11.7224],[77.0823,11.7345],[77.0606,11.7672],[77.067,11.7866],[77.0327,11.7741],[77.0421,11.7934],[77.0147,11.8124],[76.983,11.8103],[76.9698,11.7745],[76.9546,11.7906],[76.9097,11.7924],[76.8909,11.7337],[76.8636,11.7079],[76.8385,11.6532],[76.8611,11.611],[76.8475,11.5836]]]}},{"type":"Feature","properties":{"name":"Kallakurichi","state":"Tamil Nadu","level":"district"},"geometry":{"type":"Polygon","coordinates":[[[78.7188,11.9807],[78.7059,11.9349],[78.7249,11.9165],[78.7069,11.8916],[78.6887,11.8991],[78.6558,11.8801],[78.6369,11.885],[78.6275,11.8647],[78.6952,11.8467],[78.6907,11.7998],[78.6694,11.7952],[78.6415,11.7611],[78.6389,11.7192],[78.6534,11.7127],[78.6479,11.6569],[78.6794,11.6409],[78.68,11.6759],[78.6907,11.6842],[78.7823,11.6998],[78.8048,11.6861],[78.8058,11.6605],[78.7788,11.6391],[78.79,11.6268],[78.7799,11.6048],[78.822,11.5851],[78.8168,11.5456],[78.8763,11.5062],[78.9056,11.5035],[78.9308,11.5663],[79.0055,11.5669],[79.0189,11.5928],[79.0556,11.5869],[79.079,11.5986],[79.0715,11.621],[79.0931,11.626],[79.141,11.5894],[79.1546,11.5985],[79.1853,11.5876],[79.2117,11.6353],[79.2363,11.6286],[79.2503,11.6513],[79.2903,11.649],[79.3112,11.6343],[79.3331,11.6599],[79.3632,11.6609],[79.3617,11.6718],[79.3833,11.6799],[79.4455,11.6652],[79.4296,11.7315],[79.461,11.7397],[79.4665,11.768],[79.4416,11.7643],[79.4408,11.7836],[79.4234,11.7945],[79.4144,11.7845],[79.4092,11.8037],[79.3845,11.803],[79.3696,11.8152],[79.3712,11.8311],[79.326,11.8224],[79.2935,11.8312],[79.2791,11.8496],[79.2669,11.8412],[79.2444,11.8505],[79.2386,11.8666],[79.2557,11.8827],[79.2785,11.8727],[79.2893,11.905],[79.2598,11.9095],[79.2865,11.9421],[79.2427,11.9524],[79.2137,11.9755],[79.1356,11.9702],[79.1202,12.0076],[79.0754,12.0044],[79.0162,12.0488],[78.9611,12.0678],[78.9229,12.0236],[78.892,12.0352],[78.8205,12.009],[78.8073,12.0183],[78.7611,12.0105],[78.7388,11.9828],[78.7188,11.9807]]]}},{"type":"Feature","properties":{"name":"Kancheepuram","state":"Tamil Nadu","level":"district"},"geometry":{"type":"Polygon","coordinates":[[[79.6452,12.3463],[79.6856,12.3173],[79.703,12.3356],[79.7529,12.3256],[79.7995,12.3374],[79.8431,12.2795],[79.9005,12.2304],[79.9258,12.231],[79.9267,12.2469],[79.9738,12.2359],[80.0094,12.2558],[80.1552,12.462],[80.1672,12.5285],[80.2553,12.7819],[80.249,12.8503],[80.2667,12.9726],[80.2486,12.9845],[80.2237,12.967],[80.2061,12.9795],[80.2151,13.0063],[80.2015,13.0222],[80.2117,13.0269],[80.1977,13.0285],[80.18,12.9988],[80.1223,12.9834],[80.0632,12.8975],[80.0518,12.8334],[80.0064,12.8041],[79.9563,12.8208],[79.9531,12.7853],[79.9325,12.7803],[79.9049,12.7967],[79.8957,12.7785],[79.8721,12.7741],[79.8854,12.767],[79.8772,12.7604],[79.9219,12.7403],[79.9485,12.702],[79.9174,12.692],[79.9289,12.6324],[79.8986,12.6368],[79.8255,12.6164],[79.8066,12.6242],[79.8238,12.5621],[79.7982,12.5639],[79.7659,12.5474],[79.7559,12.5583],[79.7475,12.5311],[79.7573,12.5127],[79.7245,12.496],[79.7473,12.484],[79.74,12.4344],[79.7177,12.437],[79.7048,12.4309],[79.706,12.4145],[79.6911,12.4188],[79.6968,12.3993],[79.6639,12.3837],[79.668,12.3722],[79.6469,12.3606],[79.6452,12.3463]]]}},{"type":"Feature","properties":{"name":"Kanniyakumari","state":"Tamil Nadu","level":"district"},"geometry":{"type":"MultiPolygon","coordinates":[[[[77.0964,8.2905],[77.2222,8.197],[77.2375,8.1739],[77.2919,8.1479],[77.3137,8.1195],[77.3588,8.1205],[77.5508,8.0776],[77.5652,8.0926],[77.5608,8.1214],[77.592,8.1427],[77.5549,8.166],[77.5449,8.19],[77.5536,8.1943],[77.5467,8.2444],[77.5782,8.2502],[77.5567,8.2788],[77.5674,8.2817],[77.5517,8.3882],[77.4934,8.3817],[77.4656,8.4296],[77.4685,8.4685],[77.448,8.4754],[77.4429,8.5051],[77.3815,8.5232],[77.3642,8.5419],[77.271,8.5808],[77.2848,8.5473],[77.2672,8.5111],[77.2422,8.4979],[77.2259,8.514],[77.206,8.5029],[77.2293,8.4472],[77.2084,8.4442],[77.1735,8.3867],[77.1546,8.3878],[77.1556,8.3549],[77.1752,8.3588],[77.1797,8.3218],[77.1418,8.3321],[77.0964,8.2905]]],[[[77.5564,8.0781],[77.5551,8.0788],[77.5537,8.0775],[77.5564,8.0781]]]]}},{"type":"Feature","properties":{"name":"Karur","state":"Tamil Nadu","level":"district"},"geometry":{"type":"Polygon","coordinates":[[[78.1686,11.012],[78.0965,11.0761],[78.0573,11.0753],[78.0136,11.0945],[77.9886,11.092],[77.9512,11.0658],[77.9328,11.0686],[77.9195,11.0464],[77.8725,11.023],[77.8317,11.0448],[77.8145,11.0687],[77.78,11.0614],[77.7871,11.0149],[77.7504,10.9758],[77.7697,10.9562],[77.7609,10.9007],[77.7758,10.8676],[77.7902,10.8826],[77.8305,10.8357],[77.8631,10.8462],[77.8732,10.8336],[77.8677,10.7989],[77.8912,10.7898],[77.8911,10.7744],[77.8692,10.7721],[77.812,10.8044],[77.7769,10.7903],[77.7692,10.7668],[77.8251,10.7515],[77.8248,10.7161],[77.8088,10.695],[77.8173,10.648],[77.8316,10.6328],[77.8738,10.6319],[77.8854,10.6513],[77.8975,10.6453],[77.9098,10.6557],[77.9802,10.639],[77.9722,10.6709],[78.0081,10.6751],[78.017,10.719],[77.998,10.7426],[77.9329,10.736],[77.9402,10.7668],[77.9858,10.7607],[78.0345,10.7814],[78.0583,10.764],[78.0731,10.7763],[78.0986,10.7658],[78.1069,10.8062],[78.15,10.8063],[78.1696,10.8344],[78.1855,10.8323],[78.187,10.8205],[78.1557,10.7452],[78.1471,10.6723],[78.1469,10.6527],[78.165,10.6502],[78.1665,10.615],[78.139,10.6007],[78.1343,10.5743],[78.1984,10.5481],[78.2401,10.555],[78.2616,10.5817],[78.2835,10.7456],[78.2947,10.7036],[78.3411,10.7071],[78.3472,10.7217],[78.3688,10.7252],[78.4167,10.6737],[78.4331,10.6935],[78.4588,10.691],[78.4745,10.7051],[78.5146,10.6935],[78.5187,10.7096],[78.5657,10.7355],[78.5691,10.7764],[78.5465,10.7985],[78.5546,10.813],[78.5764,10.8102],[78.5868,10.8289],[78.5717,10.8343],[78.5778,10.8517],[78.5496,10.8769],[78.4938,10.8935],[78.4698,10.8865],[78.4713,10.8985],[78.4963,10.8983],[78.4868,10.912],[78.3828,10.9658],[78.1995,10.9603],[78.1686,11.012]]]}},{"type":"Feature","properties":{"name":"Krishnagiri","state":"Tamil Nadu","level":"district"},"geometry":{"type":"Polygon","coordinates":[[[78.2322,12.7637],[78.132,12.781],[78.0577,12.8531],[78.0258,12.8566],[78.0277,12.8442],[78.0042,12.8243],[78.0125,12.8061],[77.9924,12.8062],[77.9923,12.821],[77.9683,12.832],[77.9563,12.8598],[77.9442,12.8552],[77.9438,12.8234],[77.9212,12.8301],[77.926,12.8547],[77.9452,12.8665],[77.9304,12.8739],[77.935,12.8882],[77.8929,12.8687],[77.8361,12.8692],[77.7999,12.8493],[77.81,12.7971],[77.7821,12.77],[77.7931,12.7484],[77.7636,12.7353],[77.7736,12.7247],[77.7608,12.6975],[77.7378,12.693],[77.742,12.6742],[77.716,12.682],[77.706,12.6614],[77.6889,12.6591],[77.6783,12.6607],[77.6807,12.6813],[77.6647,12.6842],[77.6006,12.6675],[77.6082,12.631],[77.5804,12.5679],[77.589,12.517],[77.617,12.5099],[77.5859,12.4784],[77.6073,12.4747],[77.6279,12.4956],[77.6359,12.4874],[77.6309,12.4187],[77.6147,12.364],[77.5536,12.2939],[77.4809,12.2719],[77.4801,12.2066],[77.5223,12.1941],[77.5497,12.2048],[77.6668,12.1982],[77.731,12.1821],[77.7507,12.1586],[77.7749,12.1756],[77.7992,12.1529],[77.8236,12.2426],[77.8729,12.2811],[77.872,12.355],[77.937,12.3568],[77.9576,12.3879],[77.9503,12.4121],[77.9694,12.451],[77.9427,12.4865],[77.9288,12.4772],[77.9277,12.5127],[77.8993,12.5306],[77.9368,12.5458],[77.9548,12.5221],[77.9847,12.5509],[78.0084,12.5451],[78.01,12.5237],[78.0752,12.5059],[78.0964,12.4786],[78.1161,12.4859],[78.1439,12.4561],[78.1316,12.4225],[78.1701,12.35],[78.2031,12.3423],[78.2327,12.3572],[78.2379,12.3373],[78.2213,12.328],[78.2231,12.3121],[78.2456,12.3018],[78.2545,12.2691],[78.314,12.2742],[78.3324,12.2621],[78.3376,12.2348],[78.3855,12.2288],[78.3589,12.199],[78.4314,12.1936],[78.4572,12.1748],[78.4545,12.1483],[78.4844,12.1373],[78.4987,12.1404],[78.5078,12.1808],[78.5495,12.1846],[78.5668,12.1985],[78.5793,12.1665],[78.6138,12.187],[78.6351,12.177],[78.645,12.2051],[78.6596,12.1975],[78.6729,12.225],[78.6532,12.2399],[78.6527,12.2589],[78.6372,12.2627],[78.6439,12.2826],[78.6266,12.2652],[78.6054,12.2674],[78.6118,12.3088],[78.5902,12.3131],[78.6186,12.3471],[78.5835,12.3642],[78.5707,12.3865],[78.5165,12.4056],[78.4977,12.4104],[78.4906,12.3877],[78.4369,12.3942],[78.4553,12.4301],[78.4514,12.4506],[78.4215,12.4753],[78.4097,12.6253],[78.3804,12.6235],[78.3023,12.6643],[78.2762,12.7032],[78.2443,12.705],[78.2398,12.6851],[78.2014,12.6925],[78.2388,12.7264],[78.2322,12.7637]]]}},{"type":"Feature","properties":{"name":"Madurai","state":"Tamil Nadu","level":"district"},"geometry":{"type":"Polygon","coordinates":[[[78.3657,10.2946],[78.3346,10.3012],[78.3294,10.2271],[78.2566,10.164],[78.2818,10.1652],[78.2847,10.1495],[78.2603,10.0868],[78.2166,10.0764],[78.2127,10.0658],[78.1709,10.0933],[78.1503,10.1758],[78.1221,10.1902],[78.031,10.1806],[77.9753,10.1325],[77.9534,10.1415],[77.9377,10.108],[77.9484,10.0917],[77.9209,10.0755],[77.8773,10.0603],[77.8553,10.0765],[77.7828,10.0511],[77.7648,10.0567],[77.7218,10.0192],[77.6989,10.0142],[77.6938,9.969],[77.675,9.9608],[77.6767,9.9261],[77.6686,9.913],[77.6581,9.9198],[77.6503,9.892],[77.6232,9.8647],[77.6192,9.8083],[77.465,9.5802],[77.4791,9.564],[77.4948,9.5735],[77.5368,9.6593],[77.5501,9.6658],[77.5535,9.6531],[77.588,9.6883],[77.6313,9.7078],[77.67,9.6781],[77.6857,9.6791],[77.6962,9.6982],[77.7094,9.6918],[77.7117,9.7051],[77.7635,9.685],[77.7768,9.6417],[77.7975,9.6497],[77.8443,9.6368],[77.8482,9.6515],[77.8693,9.6488],[77.892,9.6432],[77.9155,9.6151],[77.9545,9.6495],[77.9938,9.6255],[78.0416,9.6777],[78.0626,9.6718],[78.0616,9.6612],[78.0843,9.6635],[78.09,9.6835],[78.0639,9.7422],[78.0858,9.7602],[78.1025,9.7562],[78.0929,9.7807],[78.11,9.7862],[78.1408,9.7621],[78.1471,9.8078],[78.1716,9.7991],[78.1638,9.7753],[78.1775,9.772],[78.1937,9.8081],[78.1698,9.8303],[78.1328,9.8141],[78.1273,9.8554],[78.1546,9.8517],[78.1619,9.8764],[78.1808,9.8682],[78.2054,9.876],[78.2482,9.8596],[78.2407,9.8475],[78.2604,9.8353],[78.2693,9.8499],[78.2541,9.8736],[78.314,9.8664],[78.32,9.9243],[78.3482,9.939],[78.3738,9.9339],[78.3731,9.9514],[78.3904,9.9455],[78.4587,9.9691],[78.4511,9.9891],[78.4626,10.0118],[78.4297,10.0534],[78.4618,10.0709],[78.4583,10.1015],[78.4766,10.1278],[78.4392,10.1428],[78.4303,10.1237],[78.4044,10.1381],[78.4155,10.1603],[78.3967,10.179],[78.4133,10.2138],[78.3926,10.2526],[78.424,10.2595],[78.4243,10.2696],[78.3671,10.2751],[78.3657,10.2946]]]}},{"type":"Feature","properties":{"name":"Mayiladuthurai","state":"Tamil Nadu","level":"district"},"geometry":{"type":"Polygon","coordinates":[[[79.8549,10.9852],[79.855,11.189],[79.8377,11.3529],[79.8135,11.4191],[79.7971,11.3749],[79.7658,11.3814],[79.7609,11.3524],[79.7292,11.3486],[79.6529,11.3009],[79.6495,11.251],[79.619,11.2557],[79.5994,11.2187],[79.5239,11.182],[79.5743,11.1462],[79.5381,11.1033],[79.5426,11.095],[79.5491,11.1041],[79.542,11.0873],[79.552,11.0809],[79.5158,11.0412],[79.5197,11.0262],[79.5349,11.026],[79.5275,11.008],[79.5491,11.0017],[79.5106,10.9845],[79.5277,10.9588],[79.5771,10.9707],[79.5795,10.9822],[79.6036,10.9713],[79.6082,10.9811],[79.634,10.9786],[79.6509,11.0143],[79.6915,11.0171],[79.735,10.9962],[79.7887,11.0032],[79.8054,10.987],[79.8219,11.0043],[79.8434,11.0045],[79.8549,10.9852]]]}},{"type":"Feature","properties":{"name":"Nagapattinam","state":"Tamil Nadu","level":"district"},"geometry":{"type":"Polygon","coordinates":[[[79.8061,10.9029],[79.7892,10.9105],[79.7877,10.8993],[79.7672,10.8966],[79.7818,10.902],[79.7759,10.914],[79.7694,10.9044],[79.7729,10.9188],[79.7373,10.9354],[79.7161,10.9199],[79.6822,10.9215],[79.6559,10.8835],[79.6568,10.8358],[79.6432,10.8147],[79.6605,10.8091],[79.6605,10.7897],[79.6811,10.7861],[79.6653,10.8147],[79.6896,10.8264],[79.7289,10.8278],[79.736,10.8089],[79.7109,10.7875],[79.6894,10.7184],[79.6597,10.7096],[79.6793,10.6887],[79.668,10.6558],[79.6963,10.6411],[79.6645,10.6141],[79.6606,10.5595],[79.7064,10.5535],[79.693,10.5242],[79.6993,10.4936],[79.6904,10.4727],[79.651,10.4583],[79.6441,10.3605],[79.655,10.3339],[79.6383,10.3394],[79.6118,10.3221],[79.7232,10.2906],[79.7478,10.3013],[79.7764,10.2727],[79.8702,10.2833],[79.8839,10.3056],[79.8648,10.4412],[79.8522,10.8247],[79.8357,10.8272],[79.8333,10.8498],[79.8159,10.8567],[79.8158,10.8671],[79.8318,10.8663],[79.8207,10.8796],[79.8365,10.8797],[79.7928,10.8922],[79.8061,10.9029]]]}},{"type":"Feature","properties":{"name":"Namakkal","state":"Tamil Nadu","level":"district"},"geometry":{"type":"Polygon","coordinates":[[[78.4869,11.4043],[78.4285,11.3848],[78.4461,11.3991],[78.458,11.4376],[78.426,11.4706],[78.4369,11.4959],[78.4641,11.4951],[78.4727,11.5166],[78.46,11.5319],[78.4692,11.5344],[78.4547,11.5396],[78.4527,11.5945],[78.3875,11.5835],[78.3838,11.5739],[78.3757,11.5852],[78.3321,11.5312],[78.3139,11.5378],[78.3296,11.5564],[78.3069,11.5648],[78.3215,11.582],[78.3075,11.5918],[78.2676,11.5796],[78.2597,11.5674],[78.2804,11.5629],[78.2675,11.5576],[78.208,11.5619],[78.16,11.5364],[78.1211,11.5375],[78.1099,11.5536],[78.0875,11.5436],[78.0844,11.5527],[78.0791,11.5221],[78.0586,11.5127],[78.0336,11.528],[77.9824,11.5274],[77.9734,11.4686],[77.9273,11.4598],[77.902,11.4191],[77.8795,11.421],[77.8742,11.4098],[77.8662,11.4182],[77.8571,11.41],[77.847,11.4346],[77.8241,11.441],[77.8308,11.4657],[77.7961,11.4465],[77.787,11.45],[77.7952,11.4648],[77.7704,11.48],[77.7599,11.4501],[77.7398,11.4423],[77.7095,11.4503],[77.7105,11.4643],[77.6969,11.4596],[77.6841,11.4204],[77.754,11.3506],[77.809,11.2659],[77.8629,11.2456],[77.8723,11.2128],[77.8631,11.1828],[77.8842,11.1581],[77.8932,11.0775],[77.9512,11.0658],[78.0008,11.0952],[78.0573,11.0753],[78.0903,11.0778],[78.1686,11.012],[78.1959,11.0224],[78.1986,11.0408],[78.1663,11.0488],[78.204,11.0728],[78.2285,11.0535],[78.2302,11.0943],[78.2488,11.092],[78.2652,11.0682],[78.2844,11.0775],[78.3245,11.0575],[78.3294,11.0314],[78.3453,11.0257],[78.3631,11.0637],[78.3265,11.0988],[78.3438,11.1123],[78.3472,11.1376],[78.3828,11.1396],[78.3819,11.188],[78.4216,11.2116],[78.4668,11.312],[78.4483,11.3433],[78.461,11.3402],[78.4665,11.378],[78.4869,11.4043]]]}},{"type":"Feature","properties":{"name":"Perambalur","state":"Tamil Nadu","level":"district"},"geometry":{"type":"Polygon","coordinates":[[[79.1455,11.3854],[79.1085,11.4024],[79.0347,11.3943],[78.9655,11.4023],[78.8593,11.5202],[78.8169,11.5086],[78.8003,11.4807],[78.7914,11.4529],[78.8227,11.4263],[78.7992,11.3849],[78.7417,11.4485],[78.7006,11.4547],[78.6886,11.4333],[78.6521,11.4208],[78.6658,11.3732],[78.6309,11.3382],[78.6402,11.3258],[78.663,11.3294],[78.6663,11.3169],[78.6781,11.3262],[78.7333,11.3222],[78.7519,11.2856],[78.7129,11.2493],[78.7044,11.2294],[78.7143,11.2131],[78.7019,11.1936],[78.6795,11.1939],[78.6536,11.1682],[78.6775,11.1573],[78.7008,11.0795],[78.7126,11.0956],[78.7414,11.0843],[78.7378,11.1087],[78.7626,11.1228],[78.8113,11.113],[78.8096,11.09],[78.8363,11.0892],[78.8332,11.0777],[78.8469,11.0892],[78.8768,11.0851],[78.8897,11.1029],[78.9756,11.0939],[79.0055,11.0603],[79.0218,11.0621],[79.0701,11.1071],[79.0578,11.1344],[79.0756,11.1582],[79.0684,11.2055],[79.0968,11.1996],[79.1029,11.2299],[79.1242,11.2495],[79.1155,11.2914],[79.1424,11.294],[79.1273,11.3333],[79.1455,11.3854]]]}},{"type":"Feature","properties":{"name":"Pudukkottai","state":"Tamil Nadu","level":"district"},"geometry":{"type":"Polygon","coordinates":[[[78.991,9.9466],[79.0466,9.8612],[79.1146,9.8475],[79.1264,9.892],[79.1545,9.9317],[79.267,10.0377],[79.2293,10.0887],[79.2297,10.1415],[79.2061,10.1408],[79.1946,10.1645],[79.1539,10.1631],[79.1533,10.1984],[79.1853,10.2009],[79.1819,10.2192],[79.1486,10.2186],[79.1462,10.2377],[79.1176,10.2381],[79.1338,10.2657],[79.1202,10.3024],[79.1356,10.3254],[79.1197,10.331],[79.1501,10.344],[79.1554,10.4002],[79.1295,10.434],[79.1555,10.45],[79.1534,10.4637],[79.1599,10.4478],[79.1768,10.4473],[79.1692,10.4562],[79.1958,10.4632],[79.1307,10.4953],[79.1527,10.5295],[79.1859,10.5381],[79.1919,10.579],[79.1799,10.5721],[79.1794,10.5871],[79.1437,10.5876],[79.1284,10.6346],[79.107,10.6168],[79.0713,10.6374],[79.0696,10.6711],[79.0186,10.6757],[79.0186,10.6914],[79.0334,10.6975],[79.01,10.6995],[79.0004,10.7236],[78.9714,10.6685],[78.9425,10.6887],[78.9463,10.6737],[78.9089,10.6722],[78.8719,10.7072],[78.8734,10.6889],[78.8213,10.6944],[78.7981,10.6646],[78.7464,10.6597],[78.7372,10.6715],[78.7429,10.7092],[78.6895,10.7328],[78.6971,10.7024],[78.6638,10.6549],[78.6542,10.6613],[78.6595,10.7036],[78.6375,10.7078],[78.6233,10.6768],[78.6144,10.682],[78.5961,10.6578],[78.5679,10.6611],[78.57,10.6801],[78.5586,10.686],[78.5262,10.6744],[78.5289,10.6285],[78.4846,10.6386],[78.4513,10.6062],[78.4652,10.5434],[78.4834,10.5406],[78.4857,10.5122],[78.5111,10.483],[78.5377,10.496],[78.5398,10.5305],[78.5544,10.5152],[78.5829,10.5219],[78.5713,10.4887],[78.59,10.4657],[78.5646,10.4281],[78.5252,10.4372],[78.5234,10.3769],[78.514,10.3717],[78.508,10.3879],[78.4984,10.3857],[78.5049,10.3646],[78.4908,10.3562],[78.5099,10.3253],[78.5061,10.2883],[78.5232,10.28],[78.5207,10.2644],[78.4547,10.2666],[78.4557,10.2429],[78.4853,10.2543],[78.4671,10.207],[78.4893,10.1905],[78.5176,10.1911],[78.5258,10.2571],[78.5547,10.2484],[78.5732,10.2573],[78.5814,10.2859],[78.6278,10.2674],[78.6351,10.2294],[78.6728,10.2059],[78.6658,10.1793],[78.6833,10.1478],[78.7087,10.1749],[78.7317,10.1605],[78.7683,10.1655],[78.7718,10.199],[78.8112,10.2127],[78.824,10.1973],[78.8178,10.1657],[78.8471,10.1262],[78.8841,10.1547],[78.9033,10.1552],[78.9288,10.1156],[78.941,10.1113],[78.9625,10.1308],[78.9726,10.1219],[78.9869,10.0896],[78.9503,10.0898],[78.9355,10.0729],[78.9439,10.0562],[78.9241,10.0455],[78.9405,10.0146],[78.9655,10.0093],[78.9754,9.9915],[79.0142,9.9842],[78.991,9.9466]]]}},{"type":"Feature","properties":{"name":"Ramanathapuram","state":"Tamil Nadu","level":"district"},"geometry":{"type":"MultiPolygon","coordinates":[[[[78.4647,9.6228],[78.3691,9.5729],[78.3883,9.5369],[78.3847,9.5174],[78.3275,9.5195],[78.3349,9.4719],[78.3563,9.4617],[78.3181,9.467],[78.3024,9.4603],[78.3038,9.4419],[78.2163,9.4499],[78.2125,9.4374],[78.2257,9.4114],[78.2448,9.4064],[78.2454,9.3782],[78.2971,9.39],[78.338,9.3671],[78.3771,9.3194],[78.3629,9.2972],[78.3781,9.2931],[78.3786,9.278],[78.3501,9.2805],[78.3326,9.2628],[78.2833,9.2765],[78.2752,9.2487],[78.2732,9.2033],[78.3017,9.2056],[78.2767,9.1423],[78.3579,9.118],[78.361,9.0994],[78.3902,9.0961],[78.4321,9.1186],[78.5184,9.1352],[78.579,9.13],[78.6582,9.1572],[78.6428,9.1744],[78.66,9.192],[78.7184,9.1902],[78.7276,9.209],[78.8748,9.2564],[78.9085,9.2494],[78.9254,9.2653],[78.9667,9.2719],[79.0894,9.2594],[79.1917,9.2818],[79.106,9.2886],[79.0425,9.3132],[78.9569,9.387],[78.9026,9.4689],[78.9009,9.4923],[78.9189,9.4918],[78.9337,9.5931],[78.9598,9.6275],[78.9809,9.6897],[79.1146,9.8475],[79.0466,9.8612],[78.991,9.9466],[78.9596,9.9186],[78.9172,9.9177],[78.9048,9.8813],[78.878,9.8741],[78.8844,9.8003],[78.9009,9.7863],[78.8893,9.7575],[78.8584,9.7557],[78.8302,9.7228],[78.817,9.7413],[78.8376,9.769],[78.8251,9.7711],[78.8103,9.7455],[78.7856,9.7709],[78.7614,9.7723],[78.7367,9.7473],[78.7749,9.7413],[78.7743,9.7283],[78.7525,9.7171],[78.7769,9.72],[78.7979,9.7068],[78.7893,9.6378],[78.8042,9.6217],[78.8409,9.6304],[78.8351,9.6003],[78.7458,9.5781],[78.7123,9.608],[78.6759,9.6111],[78.6846,9.5678],[78.6543,9.5446],[78.6621,9.5199],[78.6178,9.5372],[78.5722,9.5717],[78.5751,9.5821],[78.5172,9.5834],[78.5039,9.6093],[78.4647,9.6228]]],[[[79.315,9.2826],[79.3346,9.3125],[79.3109,9.3282],[79.2682,9.2941],[79.2207,9.2915],[79.2045,9.2743],[79.2169,9.2522],[79.2577,9.258],[79.3235,9.2341],[79.4459,9.1522],[79.3273,9.2605],[79.315,9.2826]]],[[[79.1695,9.2166],[79.0641,9.2102],[79.0551,9.1957],[79.0867,9.188],[79.1079,9.2041],[79.1663,9.2067],[79.1695,9.2166]]],[[[79.2221,9.248],[79.1894,9.2507],[79.1792,9.2438],[79.1976,9.2325],[79.2221,9.248]]],[[[78.9412,9.1844],[78.9057,9.1839],[78.8983,9.1788],[78.932,9.1804],[78.9412,9.1844]]],[[[78.5879,9.1073],[78.5786,9.1133],[78.5697,9.1015],[78.5879,9.1073]]],[[[78.8149,9.1576],[78.8215,9.1603],[78.8291,9.1666],[78.8266,9.1739],[78.8149,9.1576]]],[[[78.4875,9.0894],[78.4953,9.091],[78.4911,9.0936],[78.4875,9.0894]]],[[[78.693,9.1524],[78.697,9.1516],[78.6961,9.1562],[78.693,9.1524]]],[[[79.2373,9.2439],[79.2321,9.2434],[79.2358,9.2403],[79.2373,9.2439]]],[[[79.5399,9.102],[79.5379,9.1044],[79.5349,9.099],[79.5399,9.102]]],[[[78.9664,9.1871],[78.9707,9.1864],[78.9668,9.1891],[78.9664,9.1871]]],[[[78.5349,9.1029],[78.5382,9.1025],[78.5394,9.1056],[78.5349,9.1029]]]]}},{"type":"Feature","properties":{"name":"Ranipet","state":"Tamil Nadu","level":"district"},"geometry":{"type":"Polygon","coordinates":[[[79.1821,13.0659],[79.1968,13.0255],[79.2122,13.0359],[79.2283,13.0127],[79.2832,13.0167],[79.2716,12.9616],[79.2149,12.9565],[79.1852,12.9216],[79.1609,12.9146],[79.1755,12.909],[79.1855,12.9197],[79.2099,12.8974],[79.1924,12.8929],[79.1833,12.8626],[79.1942,12.796],[79.2094,12.784],[79.2418,12.797],[79.2554,12.8231],[79.2624,12.8067],[79.2729,12.818],[79.2887,12.7569],[79.3428,12.7327],[79.3465,12.6942],[79.3589,12.6978],[79.3595,12.7194],[79.3916,12.7328],[79.3945,12.7134],[79.3828,12.7053],[79.3965,12.69],[79.3564,12.6684],[79.3649,12.6573],[79.3556,12.6457],[79.3845,12.6284],[79.4625,12.6849],[79.4777,12.732],[79.4577,12.7374],[79.4572,12.7558],[79.4717,12.7567],[79.4771,12.7772],[79.4638,12.8012],[79.4774,12.7983],[79.4575,12.8112],[79.4587,12.837],[79.4746,12.8516],[79.4744,12.8726],[79.5608,12.8507],[79.5734,12.9006],[79.6619,12.931],[79.6612,12.9493],[79.7859,13.0232],[79.7902,13.0476],[79.7715,13.0603],[79.7213,13.0548],[79.7409,13.0754],[79.7326,13.0963],[79.702,13.1008],[79.7349,13.1174],[79.7362,13.1655],[79.7006,13.1571],[79.6924,13.1761],[79.7006,13.1885],[79.6714,13.1825],[79.6711,13.2018],[79.6554,13.2094],[79.6327,13.17],[79.6365,13.1486],[79.5944,13.1465],[79.5955,13.1233],[79.5175,13.1438],[79.4828,13.1392],[79.4741,13.1081],[79.4537,13.0933],[79.4317,13.1191],[79.452,13.1267],[79.4374,13.1262],[79.419,13.1496],[79.4027,13.107],[79.4221,13.0991],[79.4173,13.0841],[79.3476,13.0616],[79.3018,13.0907],[79.2839,13.151],[79.2598,13.161],[79.2493,13.1397],[79.2309,13.1484],[79.2269,13.1098],[79.2059,13.1026],[79.1821,13.0659]]]}},{"type":"Feature","properties":{"name":"Salem","state":"Tamil Nadu","level":"district"},"geometry":{"type":"Polygon","coordinates":[[[78.6309,11.3382],[78.6658,11.3732],[78.6521,11.4208],[78.6886,11.4333],[78.7006,11.4547],[78.7417,11.4485],[78.7992,11.3849],[78.8227,11.4263],[78.7914,11.4529],[78.8003,11.4807],[78.8102,11.4822],[78.8116,11.5051],[78.8359,11.5064],[78.8454,11.5208],[78.8363,11.5394],[78.8168,11.5456],[78.822,11.5851],[78.7799,11.6048],[78.79,11.6268],[78.7788,11.6391],[78.8058,11.6605],[78.8048,11.6861],[78.7823,11.6998],[78.6907,11.6842],[78.68,11.6759],[78.6794,11.6409],[78.6479,11.6569],[78.6534,11.7127],[78.6389,11.7192],[78.6415,11.7611],[78.6694,11.7952],[78.6907,11.7998],[78.687,11.8536],[78.6275,11.8647],[78.5966,11.8197],[78.543,11.8016],[78.4547,11.825],[78.439,11.8458],[78.4414,11.8658],[78.4175,11.8768],[78.3298,11.7731],[78.3145,11.7804],[78.3869,11.9109],[78.364,11.9119],[78.3112,11.8776],[78.3277,11.8966],[78.328,11.9262],[78.2874,11.9003],[78.2829,11.9203],[78.3037,11.9295],[78.2828,11.9446],[78.2497,11.9319],[78.2515,11.9535],[78.2359,11.9762],[78.1375,11.9626],[78.037,11.929],[77.9744,11.8937],[77.868,11.9136],[77.8474,11.8941],[77.763,11.9125],[77.7388,11.9381],[77.6765,11.9504],[77.6857,11.8756],[77.6636,11.8762],[77.6505,11.8153],[77.6846,11.8182],[77.7232,11.7932],[77.6932,11.7176],[77.6925,11.6462],[77.7037,11.6332],[77.7157,11.6489],[77.745,11.6541],[77.7771,11.6939],[77.7481,11.6193],[77.7245,11.6072],[77.7478,11.5653],[77.7271,11.5353],[77.7342,11.512],[77.6978,11.469],[77.6969,11.4596],[77.7138,11.4599],[77.7095,11.4503],[77.7599,11.4501],[77.7704,11.48],[77.7952,11.4648],[77.787,11.45],[77.7961,11.4465],[77.8308,11.4657],[77.8241,11.441],[77.847,11.4346],[77.8571,11.41],[77.8662,11.4182],[77.8742,11.4098],[77.8795,11.421],[77.902,11.4191],[77.9273,11.4598],[77.9734,11.4686],[77.9824,11.5274],[78.0336,11.528],[78.0586,11.5127],[78.0791,11.5221],[78.0844,11.5527],[78.0875,11.5436],[78.1099,11.5536],[78.1211,11.5375],[78.16,11.5364],[78.208,11.5619],[78.2675,11.5576],[78.2804,11.5629],[78.2597,11.5674],[78.2676,11.5796],[78.3075,11.5918],[78.3215,11.582],[78.3069,11.5648],[78.3296,11.5564],[78.3139,11.5378],[78.3321,11.5312],[78.3757,11.5852],[78.3838,11.5739],[78.3875,11.5835],[78.4527,11.5945],[78.4547,11.5396],[78.4692,11.5344],[78.46,11.5319],[78.4727,11.5166],[78.4641,11.4951],[78.4369,11.4959],[78.426,11.4706],[78.458,11.4376],[78.4461,11.3991],[78.4285,11.3848],[78.4833,11.41],[78.4989,11.4038],[78.5105,11.3936],[78.5065,11.3795],[78.5526,11.3585],[78.5567,11.316],[78.6309,11.3382]]]}},{"type":"Feature","properties":{"name":"Sivaganga","state":"Tamil Nadu","level":"district"},"geometry":{"type":"Polygon","coordinates":[[[78.4191,9.5973],[78.4647,9.6228],[78.5039,9.6093],[78.5172,9.5834],[78.5751,9.5821],[78.5722,9.5717],[78.6178,9.5372],[78.6621,9.5199],[78.6543,9.5446],[78.6846,9.5678],[78.6759,9.6111],[78.7123,9.608],[78.7458,9.5781],[78.8351,9.6003],[78.8409,9.6304],[78.8042,9.6217],[78.7893,9.6378],[78.7979,9.7068],[78.7769,9.72],[78.7525,9.7171],[78.7743,9.7283],[78.7749,9.7413],[78.7367,9.7473],[78.7614,9.7723],[78.7856,9.7709],[78.8103,9.7455],[78.8251,9.7711],[78.8376,9.769],[78.817,9.7413],[78.8302,9.7228],[78.8584,9.7557],[78.8893,9.7575],[78.9009,9.7863],[78.8844,9.8003],[78.878,9.8741],[78.9048,9.8813],[78.9172,9.9177],[78.9662,9.9236],[79.015,9.9805],[78.9306,10.023],[78.9251,10.049],[78.9449,10.0602],[78.9355,10.0729],[78.9629,10.0959],[78.9716,10.0828],[78.9869,10.0896],[78.9686,10.1267],[78.9288,10.1156],[78.9033,10.1552],[78.8841,10.1547],[78.8471,10.1262],[78.8178,10.1657],[78.824,10.1973],[78.8112,10.2127],[78.7718,10.199],[78.7683,10.1655],[78.7317,10.1605],[78.7087,10.1749],[78.6833,10.1478],[78.6658,10.1793],[78.6728,10.2059],[78.6351,10.2294],[78.6278,10.2674],[78.5814,10.2859],[78.5732,10.2573],[78.5547,10.2484],[78.5258,10.2571],[78.5176,10.1911],[78.4893,10.1905],[78.4671,10.207],[78.4853,10.2543],[78.4557,10.2429],[78.4547,10.2666],[78.5207,10.2644],[78.5232,10.28],[78.5061,10.2883],[78.5099,10.3253],[78.4908,10.3562],[78.5049,10.3646],[78.5022,10.3841],[78.4581,10.4085],[78.4379,10.3979],[78.4353,10.3816],[78.448,10.3728],[78.4257,10.3633],[78.3609,10.2856],[78.3671,10.2751],[78.4243,10.2696],[78.424,10.2595],[78.3926,10.2526],[78.4133,10.2138],[78.3967,10.179],[78.4155,10.1603],[78.4044,10.1381],[78.4303,10.1237],[78.4392,10.1428],[78.4766,10.1278],[78.4583,10.1015],[78.4618,10.0709],[78.4297,10.0534],[78.4626,10.0118],[78.4511,9.9891],[78.4587,9.9691],[78.3904,9.9455],[78.3731,9.9514],[78.3738,9.9339],[78.3482,9.939],[78.32,9.9243],[78.314,9.8664],[78.2541,9.8736],[78.2693,9.8499],[78.2604,9.8353],[78.2407,9.8475],[78.2482,9.8596],[78.2054,9.876],[78.1808,9.8682],[78.1619,9.8764],[78.1546,9.8517],[78.1273,9.8554],[78.1328,9.8141],[78.1698,9.8303],[78.1937,9.8081],[78.1775,9.772],[78.1638,9.7753],[78.1716,9.7991],[78.1439,9.8072],[78.1682,9.7495],[78.2008,9.7679],[78.2753,9.7534],[78.2486,9.7024],[78.2728,9.6868],[78.2781,9.7265],[78.2991,9.7487],[78.2903,9.7186],[78.3395,9.7036],[78.3394,9.664],[78.3936,9.6504],[78.3906,9.6324],[78.4163,9.6194],[78.4191,9.5973]]]}},{"type":"Feature","properties":{"name":"Tenkasi","state":"Tamil Nadu","level":"district"},"geometry":{"type":"Polygon","coordinates":[[[77.2135,9.0984],[77.1999,9.0464],[77.1715,9.0464],[77.1499,9.0216],[77.1983,8.9569],[77.1986,8.9256],[77.223,8.9273],[77.2246,8.9031],[77.2505,8.879],[77.3187,8.8808],[77.3248,8.8618],[77.3087,8.8571],[77.3247,8.8312],[77.3061,8.7931],[77.3522,8.7634],[77.3637,8.7413],[77.3731,8.7537],[77.4033,8.741],[77.4276,8.7608],[77.447,8.7437],[77.4601,8.7486],[77.463,8.855],[77.4772,8.8504],[77.4816,8.8701],[77.5463,8.8393],[77.5448,8.815],[77.5631,8.8011],[77.5901,8.8306],[77.5982,8.8729],[77.5866,8.8804],[77.5708,8.868],[77.5503,8.8923],[77.5713,8.888],[77.5659,8.9156],[77.5971,8.9149],[77.5972,8.9518],[77.6143,8.9341],[77.624,8.9544],[77.6607,8.9622],[77.662,8.9405],[77.7025,8.9269],[77.685,8.9752],[77.7209,8.9667],[77.7324,8.985],[77.7243,9.0017],[77.6889,9.0092],[77.7136,9.0451],[77.7063,9.0732],[77.7466,9.0777],[77.742,9.1048],[77.6906,9.1017],[77.6742,9.1268],[77.6767,9.1369],[77.7024,9.1369],[77.6932,9.1584],[77.7082,9.1876],[77.739,9.2101],[77.7422,9.2762],[77.7132,9.2908],[77.6575,9.2835],[77.6051,9.3011],[77.5888,9.3089],[77.5924,9.3452],[77.5754,9.3441],[77.5757,9.3556],[77.5606,9.3553],[77.5569,9.3362],[77.4771,9.3417],[77.474,9.3293],[77.4608,9.3326],[77.4683,9.3484],[77.4433,9.3936],[77.3901,9.3929],[77.3412,9.4186],[77.3287,9.3383],[77.3014,9.3378],[77.3008,9.3112],[77.2841,9.3011],[77.2844,9.219],[77.2542,9.1893],[77.266,9.1859],[77.2695,9.1532],[77.2135,9.0984]]]}},{"type":"Feature","properties":{"name":"Thanjavur","state":"Tamil Nadu","level":"district"},"geometry":{"type":"Polygon","coordinates":[[[79.0526,10.8846],[78.9607,10.8933],[78.9203,10.8656],[78.7793,10.8267],[78.8681,10.8266],[78.8645,10.8029],[78.8809,10.7796],[78.8686,10.7598],[78.8688,10.7151],[78.9089,10.6722],[78.9463,10.6737],[78.9425,10.6887],[78.9714,10.6685],[79.0004,10.7236],[79.01,10.6995],[79.0334,10.6975],[79.0186,10.6914],[79.0186,10.6757],[79.0696,10.6711],[79.0713,10.6374],[79.107,10.6168],[79.1284,10.6346],[79.1437,10.5876],[79.1794,10.5871],[79.1799,10.5721],[79.1919,10.579],[79.1859,10.5381],[79.1527,10.5295],[79.1307,10.4953],[79.1958,10.4632],[79.1692,10.4562],[79.1768,10.4473],[79.1599,10.4478],[79.1534,10.4637],[79.1555,10.45],[79.1295,10.434],[79.1554,10.4002],[79.1501,10.344],[79.1197,10.331],[79.1356,10.3254],[79.1202,10.3024],[79.1338,10.2657],[79.1176,10.2381],[79.1462,10.2377],[79.1448,10.2204],[79.1819,10.2192],[79.1888,10.2066],[79.1533,10.1984],[79.1539,10.1631],[79.1946,10.1645],[79.2061,10.1408],[79.2297,10.1415],[79.242,10.1815],[79.2814,10.2145],[79.2682,10.2324],[79.3199,10.2779],[79.3668,10.2925],[79.3852,10.3157],[79.5175,10.3127],[79.472,10.3215],[79.4822,10.3217],[79.4781,10.3381],[79.4954,10.3181],[79.5066,10.3346],[79.5158,10.3207],[79.5185,10.3297],[79.5278,10.3263],[79.5222,10.3175],[79.5419,10.3256],[79.5042,10.3523],[79.5054,10.37],[79.4863,10.3819],[79.4622,10.3758],[79.4713,10.3872],[79.4633,10.3986],[79.4803,10.3995],[79.4532,10.4353],[79.4806,10.4429],[79.4708,10.4591],[79.4843,10.4866],[79.4554,10.4945],[79.4693,10.5108],[79.4247,10.5358],[79.4512,10.5575],[79.4082,10.5512],[79.403,10.5769],[79.3473,10.591],[79.3571,10.6481],[79.3178,10.6614],[79.3002,10.7363],[79.305,10.7458],[79.3366,10.7395],[79.3573,10.7497],[79.3626,10.763],[79.3455,10.7684],[79.3452,10.7818],[79.3716,10.8006],[79.2914,10.8326],[79.2961,10.8628],[79.2682,10.891],[79.2698,10.9081],[79.2988,10.9025],[79.2779,10.9254],[79.298,10.9383],[79.3734,10.8915],[79.3953,10.8946],[79.4547,10.8608],[79.4872,10.8721],[79.5084,10.9024],[79.4861,10.9193],[79.5191,10.9451],[79.5106,10.9845],[79.5491,11.0017],[79.5275,11.008],[79.5349,11.026],[79.5197,11.0262],[79.5158,11.0412],[79.552,11.0809],[79.542,11.0873],[79.5491,11.1041],[79.5426,11.095],[79.5381,11.1033],[79.5743,11.1462],[79.5413,11.1633],[79.5383,11.1786],[79.5019,11.1754],[79.4603,11.1505],[79.3952,11.0633],[79.2951,11.0148],[79.2217,10.9439],[79.1526,10.9413],[79.119,10.9199],[79.0785,10.9197],[79.0526,10.8846]]]}},{"type":"Feature","properties":{"name":"The Nilgiris","state":"Tamil Nadu","level":"district"},"geometry":{"type":"Polygon","coordinates":[[[76.7075,11.2403],[76.7107,11.2631],[76.7342,11.2457],[76.7693,11.2623],[76.774,11.2888],[76.7904,11.2781],[76.8107,11.2962],[76.8566,11.293],[76.8635,11.307],[76.8525,11.3384],[76.8796,11.3559],[76.8882,11.3497],[76.8917,11.365],[76.9094,11.3487],[76.9532,11.3629],[76.9346,11.3756],[76.9603,11.3791],[76.9779,11.401],[76.9779,11.4403],[77.0097,11.4387],[76.9896,11.4821],[77.0005,11.5139],[77.0185,11.5217],[77.008,11.5448],[76.9412,11.5771],[76.9243,11.5775],[76.9186,11.564],[76.91,11.5772],[76.8595,11.5759],[76.8266,11.6062],[76.7561,11.6194],[76.6173,11.609],[76.5693,11.6186],[76.5597,11.6337],[76.4855,11.5981],[76.4669,11.6152],[76.4686,11.673],[76.4601,11.6634],[76.4321,11.6675],[76.4443,11.6459],[76.4335,11.6315],[76.3886,11.6305],[76.3793,11.6016],[76.3587,11.5908],[76.3441,11.5864],[76.337,11.5966],[76.3063,11.5723],[76.2792,11.6008],[76.2339,11.5723],[76.2511,11.5355],[76.2414,11.5266],[76.2531,11.5022],[76.2485,11.4675],[76.2866,11.4825],[76.2976,11.4643],[76.3297,11.4528],[76.3424,11.4668],[76.3996,11.4362],[76.4195,11.4419],[76.4173,11.4231],[76.4577,11.3898],[76.5197,11.3696],[76.5191,11.3551],[76.5479,11.3601],[76.5383,11.312],[76.55,11.3009],[76.5234,11.2705],[76.456,11.2388],[76.4477,11.2029],[76.4625,11.1886],[76.4757,11.2072],[76.4975,11.2113],[76.5312,11.1988],[76.6036,11.2062],[76.6334,11.1944],[76.7075,11.2403]]]}},{"type":"Feature","properties":{"name":"Theni","state":"Tamil Nadu","level":"district"},"geometry":{"type":"Polygon","coordinates":[[[77.3877,9.5193],[77.4296,9.5475],[77.458,9.5409],[77.4802,9.5528],[77.465,9.5802],[77.5057,9.6508],[77.5374,9.6774],[77.5701,9.7491],[77.601,9.778],[77.6254,9.8238],[77.6232,9.8647],[77.6813,9.9357],[77.675,9.9608],[77.6938,9.969],[77.7139,10.0463],[77.7012,10.104],[77.6676,10.1228],[77.6741,10.1455],[77.7301,10.1326],[77.7287,10.1602],[77.7015,10.1914],[77.7035,10.2151],[77.6953,10.199],[77.6657,10.1899],[77.6234,10.2165],[77.5691,10.1808],[77.5483,10.2042],[77.5466,10.1815],[77.5384,10.1877],[77.5138,10.1608],[77.4687,10.1444],[77.4653,10.1288],[77.4246,10.1367],[77.3951,10.16],[77.3725,10.1377],[77.3625,10.1482],[77.344,10.1335],[77.3311,10.1396],[77.3256,10.1264],[77.3048,10.1363],[77.2838,10.1173],[77.2454,10.1305],[77.203,10.1059],[77.2101,10.0838],[77.2633,10.0306],[77.2561,10.0105],[77.2768,9.9741],[77.2199,9.9046],[77.2146,9.8762],[77.2393,9.8593],[77.2246,9.8248],[77.2498,9.7988],[77.2256,9.7902],[77.2344,9.7703],[77.2241,9.7319],[77.2058,9.7257],[77.2076,9.6964],[77.168,9.6161],[77.2121,9.6144],[77.2392,9.583],[77.2715,9.5753],[77.3208,9.6035],[77.3415,9.5737],[77.3575,9.6056],[77.368,9.5986],[77.3526,9.5674],[77.3674,9.5369],[77.3877,9.5193]]]}},{"type":"Feature","properties":{"name":"Thiruvallur","state":"Tamil Nadu","level":"district"},"geometry":{"type":"Polygon","coordinates":[[[80.0856,13.548],[80.0025,13.5407],[80.003,13.5241],[80.0456,13.5159],[80.0489,13.4986],[80.0187,13.5018],[80.0082,13.4743],[79.9747,13.4653],[79.9762,13.432],[79.9454,13.4184],[79.9486,13.3989],[79.9666,13.3882],[79.9527,13.3832],[79.9385,13.35],[79.9237,13.3578],[79.8642,13.3176],[79.8132,13.3182],[79.7928,13.2959],[79.767,13.3166],[79.7591,13.2938],[79.7342,13.286],[79.798,13.2374],[79.7575,13.2088],[79.7358,13.2357],[79.7127,13.2165],[79.7023,13.2242],[79.709,13.2477],[79.6863,13.2432],[79.6972,13.2704],[79.6814,13.2956],[79.6754,13.2818],[79.6513,13.2897],[79.6336,13.2725],[79.6139,13.2812],[79.5931,13.2589],[79.5676,13.2726],[79.5485,13.3244],[79.5354,13.3292],[79.4353,13.3416],[79.3871,13.316],[79.4376,13.2944],[79.4213,13.2599],[79.4235,13.2253],[79.4488,13.243],[79.4582,13.23],[79.4343,13.2217],[79.4333,13.1977],[79.3911,13.1956],[79.3739,13.1692],[79.3605,13.1761],[79.3673,13.1429],[79.3294,13.1325],[79.3207,13.11],[79.3102,13.1105],[79.3115,13.1279],[79.2865,13.1339],[79.3018,13.0907],[79.3476,13.0616],[79.4173,13.0841],[79.4221,13.0991],[79.4027,13.107],[79.419,13.1496],[79.4374,13.1262],[79.452,13.1267],[79.4317,13.1191],[79.4537,13.0933],[79.4741,13.1081],[79.4828,13.1392],[79.5175,13.1438],[79.5955,13.1233],[79.5944,13.1465],[79.6365,13.1486],[79.6327,13.17],[79.6554,13.2094],[79.6711,13.2018],[79.6714,13.1825],[79.7006,13.1885],[79.6924,13.1761],[79.7006,13.1571],[79.7362,13.1655],[79.7349,13.1174],[79.702,13.1008],[79.7326,13.0963],[79.7409,13.0754],[79.7213,13.0548],[79.7872,13.0536],[79.7859,13.0232],[79.8105,13.0179],[79.8254,12.9644],[79.854,12.9512],[79.896,12.9475],[79.9172,12.9782],[79.8979,12.9958],[79.9133,13.0042],[79.9412,12.9958],[79.9442,13.0081],[79.9228,13.0203],[79.9056,13.016],[79.9044,13.0519],[79.9467,13.0345],[79.9897,13.058],[79.9792,13.0397],[79.9921,13.0325],[80.0101,13.0584],[80.0568,13.0463],[80.0565,13.0325],[80.079,13.0429],[80.0838,13.022],[80.1,13.0464],[80.1311,13.0561],[80.1487,13.0314],[80.1901,13.0264],[80.1868,13.0757],[80.2033,13.1269],[80.2437,13.1284],[80.2536,13.1486],[80.3038,13.1423],[80.3427,13.2563],[80.3466,13.3135],[80.3234,13.4559],[80.2992,13.4775],[80.2685,13.5633],[80.2421,13.469],[80.2159,13.4885],[80.1775,13.4884],[80.1266,13.5083],[80.1136,13.5092],[80.1106,13.493],[80.0808,13.4922],[80.0856,13.548]]]}},{"type":"Feature","properties":{"name":"Thiruvarur","state":"Tamil Nadu","level":"district"},"geometry":{"type":"Polygon","coordinates":[[[79.7638,11.0025],[79.735,10.9962],[79.6993,11.0154],[79.6509,11.0143],[79.634,10.9786],[79.6082,10.9811],[79.6036,10.9713],[79.5795,10.9822],[79.5771,10.9707],[79.5277,10.9588],[79.5287,10.9703],[79.5156,10.9689],[79.5191,10.9451],[79.4861,10.9193],[79.5084,10.8966],[79.4674,10.8631],[79.3953,10.8946],[79.3734,10.8915],[79.298,10.9383],[79.2779,10.9254],[79.2988,10.9025],[79.2698,10.9081],[79.2763,10.8749],[79.2961,10.8628],[79.2914,10.8326],[79.3306,10.8098],[79.3693,10.807],[79.3452,10.7818],[79.3455,10.7684],[79.3626,10.763],[79.3573,10.7497],[79.3366,10.7395],[79.305,10.7458],[79.3002,10.7363],[79.3178,10.6614],[79.3571,10.6481],[79.3452,10.6252],[79.3501,10.5863],[79.403,10.5769],[79.4082,10.5512],[79.4512,10.5575],[79.4247,10.5358],[79.4693,10.5108],[79.4554,10.4945],[79.4841,10.4887],[79.4708,10.4591],[79.4806,10.4429],[79.4532,10.4353],[79.4803,10.3995],[79.4633,10.3986],[79.4713,10.3872],[79.4622,10.3758],[79.4863,10.3819],[79.5054,10.37],[79.5056,10.3509],[79.536,10.3357],[79.5486,10.348],[79.5901,10.3412],[79.5863,10.3276],[79.5595,10.3323],[79.5262,10.3064],[79.7764,10.2727],[79.7478,10.3013],[79.7232,10.2906],[79.6118,10.3221],[79.6383,10.3394],[79.655,10.3339],[79.6441,10.3605],[79.651,10.4583],[79.6904,10.4727],[79.6993,10.4936],[79.693,10.5242],[79.7064,10.5535],[79.6606,10.5595],[79.6645,10.6141],[79.6963,10.6411],[79.668,10.6558],[79.6793,10.6887],[79.6597,10.7096],[79.6894,10.7184],[79.7109,10.7875],[79.736,10.8089],[79.7289,10.8278],[79.6896,10.8264],[79.6653,10.8147],[79.6811,10.7861],[79.6605,10.7897],[79.6605,10.8091],[79.6432,10.8147],[79.6568,10.8358],[79.6559,10.8835],[79.6822,10.9215],[79.7161,10.9199],[79.7373,10.9354],[79.7481,10.9587],[79.7321,10.9584],[79.7324,10.974],[79.777,10.96],[79.7638,11.0025]]]}},{"type":"Feature","properties":{"name":"Thoothukkudi","state":"Tamil Nadu","level":"district"},"geometry":{"type":"Polygon","coordinates":[[[78.2732,9.2033],[78.2845,9.2876],[78.2154,9.3041],[78.2114,9.3266],[78.1763,9.3385],[78.1707,9.3693],[78.0824,9.3573],[78.0436,9.3648],[78.0366,9.3325],[78.0533,9.3056],[78.0134,9.3059],[78.0125,9.2743],[77.958,9.2509],[77.9569,9.2307],[77.9317,9.2232],[77.9179,9.201],[77.882,9.2075],[77.8827,9.2441],[77.8096,9.2472],[77.7982,9.2812],[77.776,9.2833],[77.7912,9.2583],[77.776,9.2363],[77.76,9.2675],[77.7436,9.2674],[77.739,9.2101],[77.7082,9.1876],[77.6932,9.1584],[77.7024,9.1369],[77.6767,9.1369],[77.6795,9.1062],[77.742,9.1048],[77.7466,9.0777],[77.7063,9.0732],[77.7136,9.0451],[77.6889,9.0092],[77.7243,9.0017],[77.7324,8.985],[77.7209,8.9667],[77.685,8.9752],[77.6954,8.9299],[77.7576,8.9288],[77.7634,8.889],[77.8118,8.8728],[77.8214,8.8386],[77.8542,8.8027],[77.8184,8.7724],[77.8282,8.7342],[77.8132,8.6816],[77.827,8.673],[77.8071,8.6513],[77.8206,8.6501],[77.8204,8.6347],[77.8066,8.6145],[77.7896,8.6241],[77.784,8.5831],[77.8047,8.5765],[77.798,8.5645],[77.8136,8.5702],[77.8219,8.5426],[77.8093,8.5323],[77.8414,8.4846],[77.835,8.4323],[77.8614,8.4005],[77.8596,8.3867],[77.8367,8.3832],[77.857,8.3732],[77.8438,8.3647],[77.8619,8.3575],[77.8641,8.3418],[77.8869,8.35],[77.8929,8.3254],[77.9776,8.3358],[78.0678,8.3729],[78.0561,8.3831],[78.0667,8.4196],[78.1305,8.4966],[78.1226,8.5255],[78.1386,8.5875],[78.1271,8.63],[78.1374,8.6917],[78.1735,8.7455],[78.2289,8.7485],[78.198,8.765],[78.1973,8.7886],[78.1832,8.7906],[78.1793,8.767],[78.1611,8.7792],[78.1681,8.875],[78.1876,8.9258],[78.2164,8.9666],[78.3902,9.0961],[78.361,9.0994],[78.3579,9.118],[78.3244,9.1323],[78.2767,9.1423],[78.3017,9.2056],[78.2732,9.2033]]]}},{"type":"Feature","properties":{"name":"Tiruchirappalli","state":"Tamil Nadu","level":"district"},"geometry":{"type":"Polygon","coordinates":[[[79.0095,11.058],[78.9756,11.0939],[78.8897,11.1029],[78.8768,11.0851],[78.8469,11.0892],[78.8332,11.0777],[78.8363,11.0892],[78.8096,11.09],[78.8113,11.113],[78.7626,11.1228],[78.7378,11.1087],[78.7414,11.0843],[78.7126,11.0956],[78.7008,11.0795],[78.6775,11.1573],[78.6536,11.1682],[78.6795,11.1939],[78.6992,11.1911],[78.7143,11.2131],[78.7044,11.2294],[78.7129,11.2493],[78.7519,11.2856],[78.7368,11.2987],[78.7366,11.3193],[78.6781,11.3262],[78.6663,11.3169],[78.663,11.3294],[78.6402,11.3258],[78.6309,11.3382],[78.5567,11.316],[78.5526,11.3585],[78.5065,11.3795],[78.5105,11.3936],[78.4953,11.405],[78.4665,11.378],[78.461,11.3402],[78.4483,11.3433],[78.4668,11.312],[78.4216,11.2116],[78.3819,11.188],[78.3828,11.1396],[78.3472,11.1376],[78.3438,11.1123],[78.3265,11.0988],[78.3631,11.0637],[78.3453,11.0257],[78.3294,11.0314],[78.3245,11.0575],[78.2844,11.0775],[78.2652,11.0682],[78.2488,11.092],[78.2302,11.0943],[78.2285,11.0535],[78.204,11.0728],[78.1834,11.0681],[78.1656,11.0448],[78.1968,11.0447],[78.1992,11.0282],[78.1673,11.0049],[78.1995,10.9603],[78.3828,10.9658],[78.4868,10.912],[78.4963,10.8983],[78.4713,10.8985],[78.4698,10.8865],[78.4938,10.8935],[78.5496,10.8769],[78.5778,10.8517],[78.5717,10.8343],[78.5868,10.8289],[78.5764,10.8102],[78.5546,10.813],[78.5465,10.7985],[78.5691,10.7764],[78.5657,10.7355],[78.5187,10.7096],[78.5146,10.6935],[78.4745,10.7051],[78.4588,10.691],[78.4331,10.6935],[78.4167,10.6737],[78.3688,10.7252],[78.3472,10.7217],[78.3411,10.7071],[78.2947,10.7036],[78.2835,10.7456],[78.2589,10.5755],[78.2401,10.555],[78.1984,10.5481],[78.1723,10.5031],[78.2248,10.4641],[78.2357,10.4696],[78.3155,10.4396],[78.3071,10.4097],[78.2786,10.3822],[78.3353,10.3321],[78.3346,10.3012],[78.3657,10.2946],[78.3919,10.317],[78.4257,10.3633],[78.448,10.3728],[78.4353,10.3816],[78.447,10.4082],[78.508,10.3879],[78.5175,10.3717],[78.5308,10.3954],[78.5189,10.407],[78.5252,10.4372],[78.5569,10.4265],[78.5657,10.4434],[78.5848,10.4438],[78.5898,10.4748],[78.5713,10.4887],[78.5829,10.5219],[78.5544,10.5152],[78.5398,10.5305],[78.5438,10.508],[78.53,10.4869],[78.4989,10.4855],[78.4909,10.5272],[78.4652,10.5434],[78.4524,10.5925],[78.4513,10.6062],[78.4846,10.6386],[78.5289,10.6285],[78.5262,10.6744],[78.5586,10.686],[78.57,10.6801],[78.5679,10.6611],[78.5961,10.6578],[78.6144,10.682],[78.6233,10.6768],[78.6375,10.7078],[78.6595,10.7036],[78.6542,10.6613],[78.6638,10.6549],[78.6971,10.7024],[78.6895,10.7328],[78.7429,10.7092],[78.7372,10.6715],[78.7464,10.6597],[78.7981,10.6646],[78.8213,10.6944],[78.8734,10.6889],[78.8657,10.7354],[78.8809,10.7796],[78.8645,10.8029],[78.8681,10.8266],[78.7787,10.8329],[78.9203,10.8656],[78.9607,10.8933],[79.0079,10.8906],[79.0003,10.9214],[78.9815,10.9222],[78.9666,10.9496],[78.9394,10.9631],[78.9783,10.9671],[78.9883,11.0013],[79.0153,11.0095],[79.0095,11.058]]]}},{"type":"Feature","properties":{"name":"Tirunelveli","state":"Tamil Nadu","level":"district"},"geometry":{"type":"Polygon","coordinates":[[[77.2017,8.7708],[77.1953,8.7447],[77.174,8.7472],[77.1805,8.7248],[77.2515,8.6018],[77.288,8.5697],[77.4429,8.5051],[77.448,8.4754],[77.4685,8.4685],[77.4656,8.4296],[77.4934,8.3817],[77.5517,8.3882],[77.5674,8.2817],[77.5567,8.2788],[77.5782,8.2502],[77.5467,8.2444],[77.5536,8.1943],[77.5449,8.19],[77.5549,8.166],[77.592,8.1427],[77.6507,8.1593],[77.7158,8.1567],[77.7786,8.198],[77.8023,8.2396],[77.8859,8.2714],[77.9776,8.3358],[77.8929,8.3254],[77.8869,8.35],[77.8595,8.3443],[77.8619,8.3575],[77.8438,8.3647],[77.8556,8.3759],[77.8367,8.3832],[77.8613,8.3924],[77.835,8.4323],[77.8414,8.4846],[77.8093,8.5323],[77.8219,8.5426],[77.8136,8.5702],[77.798,8.5645],[77.8047,8.5765],[77.784,8.5831],[77.7896,8.6241],[77.8066,8.6145],[77.8204,8.6347],[77.8206,8.6501],[77.8071,8.6513],[77.827,8.673],[77.8132,8.6816],[77.8282,8.7342],[77.8184,8.7724],[77.8542,8.8027],[77.8214,8.8386],[77.8118,8.8728],[77.7634,8.889],[77.7576,8.9288],[77.6906,8.9229],[77.662,8.9405],[77.6607,8.9622],[77.624,8.9544],[77.6143,8.9341],[77.5972,8.9518],[77.5971,8.9149],[77.5659,8.9156],[77.5713,8.888],[77.5503,8.8923],[77.5708,8.868],[77.5866,8.8804],[77.5982,8.8729],[77.5724,8.8038],[77.5448,8.815],[77.5463,8.8393],[77.4816,8.8701],[77.4772,8.8504],[77.463,8.855],[77.4601,8.7486],[77.447,8.7437],[77.4276,8.7608],[77.4033,8.741],[77.3731,8.7537],[77.3637,8.7413],[77.3522,8.7634],[77.3061,8.7931],[77.3247,8.8312],[77.3087,8.8571],[77.3248,8.8618],[77.3187,8.8808],[77.2593,8.8849],[77.2657,8.8418],[77.221,8.7706],[77.2017,8.7708]]]}},{"type":"Feature","properties":{"name":"Tirupathur","state":"Tamil Nadu","level":"district"},"geometry":{"type":"Polygon","coordinates":[[[78.4097,12.6253],[78.4215,12.4753],[78.4514,12.4506],[78.4553,12.4301],[78.4369,12.3942],[78.4906,12.3877],[78.4977,12.4104],[78.5707,12.3865],[78.5835,12.3642],[78.6186,12.3471],[78.5902,12.3131],[78.6118,12.3088],[78.6075,12.264],[78.6439,12.2826],[78.6372,12.2627],[78.6527,12.2589],[78.7107,12.3022],[78.732,12.3712],[78.7531,12.3847],[78.7712,12.4249],[78.7648,12.4471],[78.7822,12.4677],[78.7793,12.4843],[78.8074,12.5085],[78.8593,12.6277],[78.8476,12.6409],[78.8164,12.6341],[78.7939,12.6493],[78.7732,12.681],[78.7798,12.7014],[78.8028,12.702],[78.8037,12.6816],[78.8239,12.7059],[78.8439,12.7061],[78.8389,12.7319],[78.8637,12.7771],[78.9142,12.7744],[78.9201,12.7902],[78.8945,12.7986],[78.8828,12.837],[78.8975,12.8357],[78.8976,12.8638],[78.9145,12.857],[78.9257,12.9161],[78.7841,12.8524],[78.7506,12.8185],[78.7174,12.8276],[78.7262,12.8144],[78.7133,12.7875],[78.673,12.7271],[78.6513,12.7168],[78.6118,12.7463],[78.6277,12.7719],[78.5949,12.7869],[78.5579,12.7405],[78.5661,12.738],[78.56,12.6975],[78.5366,12.6916],[78.5386,12.7131],[78.4964,12.7465],[78.5006,12.7272],[78.5227,12.7136],[78.503,12.7143],[78.5008,12.6752],[78.4698,12.674],[78.4719,12.6292],[78.4097,12.6253]]]}},{"type":"Feature","properties":{"name":"Tiruppur","state":"Tamil Nadu","level":"district"},"geometry":{"type":"Polygon","coordinates":[[[77.2896,10.231],[77.3262,10.2732],[77.3485,10.2639],[77.3474,10.2907],[77.3268,10.3204],[77.3367,10.3546],[77.3144,10.3633],[77.3215,10.4354],[77.3342,10.4565],[77.3856,10.4505],[77.381,10.4922],[77.4013,10.4995],[77.4057,10.5234],[77.3787,10.5261],[77.3684,10.5446],[77.4024,10.6125],[77.4823,10.6502],[77.5021,10.6434],[77.5103,10.6067],[77.5405,10.6081],[77.5858,10.6834],[77.631,10.6697],[77.6565,10.6748],[77.6651,10.7159],[77.6901,10.7347],[77.7027,10.7312],[77.7092,10.7086],[77.702,10.6597],[77.7304,10.6311],[77.7564,10.651],[77.7536,10.6687],[77.7685,10.6799],[77.8098,10.6802],[77.8248,10.7161],[77.8251,10.7515],[77.7692,10.7668],[77.7769,10.7903],[77.7936,10.7898],[77.8015,10.8061],[77.8692,10.7721],[77.8918,10.783],[77.8677,10.7989],[77.8732,10.8336],[77.8631,10.8462],[77.835,10.8338],[77.7902,10.8826],[77.7729,10.8717],[77.7602,10.9078],[77.7697,10.9562],[77.7504,10.9758],[77.7798,10.9955],[77.7916,11.0314],[77.7712,11.0625],[77.7439,11.0855],[77.7203,11.0767],[77.7072,11.095],[77.6463,11.1181],[77.6271,11.1214],[77.6069,11.1065],[77.5789,11.1149],[77.571,11.1016],[77.5108,11.1092],[77.5009,11.1467],[77.485,11.1439],[77.4882,11.1585],[77.4722,11.1661],[77.4781,11.1775],[77.5165,11.1753],[77.5217,11.1972],[77.4708,11.2442],[77.4736,11.2782],[77.4601,11.3109],[77.4172,11.3098],[77.3641,11.3376],[77.3651,11.3168],[77.3327,11.3154],[77.3477,11.2877],[77.3324,11.2561],[77.3039,11.2665],[77.2975,11.272],[77.3137,11.2795],[77.2861,11.2896],[77.2928,11.3291],[77.2844,11.341],[77.2534,11.3093],[77.2534,11.323],[77.2417,11.3232],[77.2421,11.3024],[77.2024,11.2981],[77.2011,11.3079],[77.2348,11.3147],[77.2254,11.3511],[77.1964,11.3343],[77.1771,11.3399],[77.1813,11.3138],[77.1503,11.334],[77.1531,11.3089],[77.1244,11.3095],[77.1325,11.2893],[77.1736,11.2853],[77.1504,11.2106],[77.1624,11.2022],[77.165,11.1717],[77.1828,11.1652],[77.1777,11.1426],[77.1904,11.1538],[77.2242,11.1274],[77.2396,11.1409],[77.2635,11.1102],[77.241,11.1095],[77.1662,11.0681],[77.1775,11.0361],[77.1556,10.9969],[77.1796,10.9253],[77.256,10.901],[77.2621,10.8662],[77.2905,10.8549],[77.2995,10.8147],[77.2717,10.7864],[77.2392,10.7769],[77.2096,10.7874],[77.2129,10.8047],[77.1698,10.8025],[77.1341,10.7555],[77.1417,10.668],[77.1794,10.6422],[77.1698,10.5967],[77.1496,10.5839],[77.0917,10.5854],[77.0756,10.5506],[77.078,10.5058],[77.0656,10.4724],[77.0738,10.4558],[77.0478,10.4261],[77.093,10.3754],[77.0957,10.3096],[77.1771,10.3565],[77.2365,10.3506],[77.2289,10.3161],[77.2652,10.2641],[77.2612,10.231],[77.2896,10.231]]]}},{"type":"Feature","properties":{"name":"Tiruvannamalai","state":"Tamil Nadu","level":"district"},"geometry":{"type":"Polygon","coordinates":[[[79.2104,12.779],[79.2065,12.7414],[79.1764,12.745],[79.1639,12.7705],[79.1631,12.7521],[79.0755,12.7528],[79.0166,12.6579],[79.0232,12.6959],[78.996,12.7042],[78.9785,12.6658],[78.953,12.6855],[78.9272,12.6768],[78.8988,12.6886],[78.8609,12.6352],[78.8074,12.5085],[78.7793,12.4843],[78.7822,12.4677],[78.7648,12.4471],[78.7712,12.4249],[78.7531,12.3847],[78.732,12.3712],[78.7107,12.3022],[78.6527,12.2589],[78.6532,12.2399],[78.6731,12.2187],[78.6596,12.1975],[78.645,12.2051],[78.6351,12.177],[78.6499,12.1585],[78.6337,12.1305],[78.6598,12.1245],[78.6644,12.1035],[78.7411,12.135],[78.7478,12.1264],[78.7108,12.0439],[78.7048,11.9819],[78.7388,11.9828],[78.7611,12.0105],[78.8073,12.0183],[78.8205,12.009],[78.892,12.0352],[78.9229,12.0236],[78.9611,12.0678],[78.9831,12.0671],[78.9957,12.051],[78.9978,12.0686],[79.0317,12.0649],[79.0249,12.0478],[79.0521,12.0371],[79.0688,12.0545],[79.0668,12.0709],[79.0873,12.0813],[79.0995,12.0663],[79.0897,12.0454],[79.079,12.0475],[79.0805,12.0331],[79.1066,12.0227],[79.1063,12.0339],[79.1462,12.0498],[79.1749,12.032],[79.2011,12.0702],[79.2358,12.063],[79.2398,12.0771],[79.2615,12.0824],[79.2764,12.1064],[79.271,12.1288],[79.2146,12.1671],[79.2132,12.1919],[79.2356,12.1838],[79.2179,12.2112],[79.2382,12.2148],[79.2277,12.2217],[79.2393,12.2343],[79.2377,12.2706],[79.2805,12.292],[79.2761,12.3049],[79.2904,12.3188],[79.2353,12.317],[79.2352,12.3291],[79.2012,12.3409],[79.2405,12.3472],[79.2274,12.368],[79.2421,12.37],[79.2486,12.3902],[79.2271,12.4019],[79.2483,12.4466],[79.3083,12.4397],[79.3274,12.4505],[79.4025,12.4357],[79.4115,12.41],[79.4428,12.4079],[79.4503,12.3791],[79.4756,12.3668],[79.4935,12.3734],[79.4922,12.351],[79.5025,12.347],[79.5326,12.3695],[79.5991,12.3505],[79.6163,12.3758],[79.6208,12.352],[79.6452,12.3463],[79.6469,12.3606],[79.668,12.3722],[79.6639,12.3837],[79.6968,12.3993],[79.6911,12.4188],[79.706,12.4145],[79.7048,12.4309],[79.7177,12.437],[79.74,12.4344],[79.7473,12.484],[79.7245,12.496],[79.7527,12.5051],[79.7571,12.5192],[79.7077,12.5722],[79.7289,12.5846],[79.6923,12.6015],[79.6709,12.5933],[79.6505,12.6023],[79.6473,12.6261],[79.6341,12.6322],[79.6489,12.6688],[79.6847,12.6687],[79.7456,12.6947],[79.7394,12.717],[79.716,12.7278],[79.7469,12.7439],[79.7123,12.7591],[79.7074,12.7808],[79.6702,12.785],[79.6569,12.7649],[79.6384,12.7887],[79.6403,12.8174],[79.5398,12.8626],[79.5141,12.8564],[79.4744,12.8726],[79.4746,12.8516],[79.4587,12.837],[79.4575,12.8112],[79.4774,12.7983],[79.4638,12.8012],[79.4771,12.7772],[79.4717,12.7567],[79.4572,12.7558],[79.4577,12.7374],[79.4777,12.732],[79.4625,12.6849],[79.3845,12.6284],[79.3556,12.6457],[79.3649,12.6573],[79.3564,12.6684],[79.3965,12.69],[79.3828,12.7053],[79.3945,12.7134],[79.3916,12.7328],[79.3595,12.7194],[79.3589,12.6978],[79.3465,12.6942],[79.3453,12.7292],[79.2887,12.7569],[79.2673,12.8206],[79.2678,12.8089],[79.2554,12.8231],[79.2418,12.797],[79.2104,12.779]]]}},{"type":"Feature","properties":{"name":"Vellore","state":"Tamil Nadu","level":"district"},"geometry":{"type":"MultiPolygon","coordinates":[[[[78.5941,12.7827],[78.5945,12.7849],[78.5943,12.7834],[78.5941,12.7827]]],[[[78.5949,12.7869],[78.6277,12.7719],[78.6118,12.7463],[78.6513,12.7168],[78.673,12.7271],[78.7133,12.7875],[78.7262,12.8144],[78.7174,12.8276],[78.7506,12.8185],[78.7841,12.8524],[78.9257,12.9161],[78.9145,12.857],[78.8976,12.8638],[78.8975,12.8357],[78.8828,12.837],[78.8945,12.7986],[78.9201,12.7902],[78.9142,12.7744],[78.8637,12.7771],[78.8389,12.7319],[78.8439,12.7061],[78.8239,12.7059],[78.8037,12.6816],[78.8028,12.702],[78.7798,12.7014],[78.7732,12.681],[78.8164,12.6341],[78.8476,12.6409],[78.8593,12.6277],[78.8988,12.6886],[78.9272,12.6768],[78.953,12.6855],[78.9785,12.6658],[78.996,12.7042],[79.0145,12.7002],[79.0243,12.691],[79.0166,12.6579],[79.0755,12.7528],[79.1631,12.7521],[79.1639,12.7705],[79.1764,12.745],[79.2065,12.7414],[79.2155,12.7611],[79.1836,12.8197],[79.193,12.8415],[79.1822,12.8554],[79.1924,12.8929],[79.2099,12.8974],[79.1855,12.9197],[79.1755,12.909],[79.1609,12.9146],[79.1852,12.9216],[79.2149,12.9565],[79.2716,12.9616],[79.2832,13.0167],[79.2283,13.0127],[79.2122,13.0359],[79.1968,13.0255],[79.1869,13.0373],[79.1654,13.0202],[79.117,13.037],[79.0816,13.0268],[79.0658,13.0506],[78.9919,13.0889],[78.9581,13.0759],[78.9266,13.08],[78.9057,13.0474],[78.941,13.0338],[78.8942,13.032],[78.8957,13.0942],[78.8825,13.0991],[78.8705,13.0832],[78.8201,13.09],[78.758,13.0574],[78.7143,13.068],[78.7057,13.0163],[78.663,13.0297],[78.6255,12.9906],[78.6499,12.9662],[78.641,12.9649],[78.6588,12.9309],[78.6377,12.931],[78.6037,12.8504],[78.6098,12.823],[78.5949,12.7869]]]]}},{"type":"Feature","properties":{"name":"Viluppuram","state":"Tamil Nadu","level":"district"},"geometry":{"type":"Polygon","coordinates":[[[79.8405,11.9562],[79.8623,12.0171],[79.8349,12.0205],[79.8457,12.0752],[79.886,12.0646],[80.0094,12.2558],[79.9738,12.2359],[79.9267,12.2469],[79.9258,12.231],[79.9005,12.2304],[79.8431,12.2795],[79.7995,12.3374],[79.7529,12.3256],[79.703,12.3356],[79.6856,12.3173],[79.6208,12.352],[79.6163,12.3758],[79.5991,12.3505],[79.5326,12.3695],[79.5025,12.347],[79.4922,12.351],[79.4935,12.3734],[79.4756,12.3668],[79.4503,12.3791],[79.4428,12.4079],[79.4115,12.41],[79.4025,12.4357],[79.3274,12.4505],[79.3083,12.4397],[79.2384,12.4415],[79.2271,12.4019],[79.2492,12.3795],[79.2274,12.368],[79.2405,12.3472],[79.2012,12.3434],[79.2352,12.3291],[79.2353,12.317],[79.2904,12.3188],[79.2761,12.3049],[79.2805,12.292],[79.2377,12.2706],[79.2393,12.2343],[79.2277,12.2217],[79.2382,12.2148],[79.2179,12.2112],[79.2356,12.1838],[79.2132,12.1919],[79.2146,12.1671],[79.271,12.1288],[79.2764,12.1064],[79.2615,12.0824],[79.2398,12.0771],[79.2358,12.063],[79.2011,12.0702],[79.1749,12.032],[79.1462,12.0498],[79.1063,12.0339],[79.1066,12.0227],[79.0805,12.0331],[79.079,12.0475],[79.0897,12.0454],[79.0995,12.0663],[79.0873,12.0813],[79.0668,12.0709],[79.0688,12.0545],[79.0521,12.0371],[79.0249,12.0478],[79.0317,12.0649],[78.9948,12.0632],[78.9953,12.0498],[79.0162,12.0488],[79.0754,12.0044],[79.1202,12.0076],[79.1356,11.9702],[79.2137,11.9755],[79.2427,11.9524],[79.2865,11.9421],[79.2598,11.9095],[79.2893,11.905],[79.2785,11.8727],[79.2557,11.8827],[79.2373,11.8565],[79.2669,11.8412],[79.2791,11.8496],[79.318,11.8236],[79.3712,11.8311],[79.3709,11.8133],[79.3976,11.7962],[79.4169,11.8001],[79.4192,11.7832],[79.4234,11.7945],[79.4408,11.7836],[79.4436,11.8089],[79.4735,11.7991],[79.4849,11.8081],[79.4713,11.848],[79.4536,11.8487],[79.4561,11.8712],[79.5934,11.8402],[79.6432,11.7989],[79.6772,11.8143],[79.69,11.8039],[79.686,11.8335],[79.7031,11.8324],[79.6886,11.8854],[79.7081,11.8886],[79.6909,11.8946],[79.6995,11.922],[79.7196,11.9233],[79.7097,11.9147],[79.7149,11.8944],[79.7291,11.8919],[79.7412,11.9117],[79.7203,11.9334],[79.7234,11.9494],[79.7096,11.9489],[79.7198,11.9299],[79.6947,11.9583],[79.7454,12.0086],[79.7636,12.0076],[79.7637,11.9969],[79.746,11.983],[79.7296,11.9892],[79.7264,11.9754],[79.7525,11.9676],[79.7572,11.9468],[79.8026,11.9668],[79.816,11.987],[79.8281,11.9577],[79.8405,11.9562]],[[79.6245,12.0306],[79.6509,12.0223],[79.6355,11.9952],[79.6428,11.9435],[79.6565,11.9473],[79.6707,11.929],[79.6558,11.907],[79.6287,11.9005],[79.616,11.9859],[79.6245,12.0306]],[[79.6978,12.0334],[79.7178,11.9907],[79.6568,11.9902],[79.6589,12.0116],[79.6978,12.0334]],[[79.6231,11.8901],[79.6624,11.8664],[79.6582,11.8523],[79.6264,11.8526],[79.6264,11.8689],[79.6024,11.8571],[79.6005,11.8819],[79.6098,11.8759],[79.6231,11.8901]],[[79.6474,11.8438],[79.6718,11.8225],[79.6637,11.812],[79.6411,11.8231],[79.6474,11.8438]],[[79.6871,11.9677],[79.6762,11.948],[79.6527,11.9565],[79.662,11.968],[79.6871,11.9677]],[[79.7935,12.0217],[79.7785,12.0176],[79.778,12.0283],[79.7935,12.0217]]]}},{"type":"Feature","properties":{"name":"Virudhunagar","state":"Tamil Nadu","level":"district"},"geometry":{"type":"Polygon","coordinates":[[[77.3412,9.4186],[77.3901,9.3929],[77.4433,9.3936],[77.4683,9.3484],[77.4608,9.3326],[77.474,9.3293],[77.4771,9.3417],[77.5569,9.3362],[77.5606,9.3553],[77.5757,9.3556],[77.5754,9.3441],[77.5924,9.3452],[77.5888,9.3089],[77.6051,9.3011],[77.6575,9.2835],[77.7132,9.2908],[77.7402,9.2798],[77.7456,9.2654],[77.76,9.2675],[77.776,9.2363],[77.7912,9.2583],[77.776,9.2833],[77.7982,9.2812],[77.8096,9.2472],[77.8827,9.2441],[77.882,9.2075],[77.9127,9.2],[77.9317,9.2232],[77.9569,9.2307],[77.958,9.2509],[78.0125,9.2743],[78.0134,9.3059],[78.0533,9.3056],[78.0366,9.3325],[78.0436,9.3648],[78.0824,9.3573],[78.1707,9.3693],[78.1763,9.3385],[78.2114,9.3266],[78.2154,9.3041],[78.3326,9.2628],[78.3501,9.2805],[78.3786,9.278],[78.3781,9.2931],[78.3629,9.2972],[78.3771,9.3194],[78.338,9.3671],[78.2971,9.39],[78.2454,9.3782],[78.2448,9.4064],[78.2257,9.4114],[78.2151,9.4489],[78.3038,9.4419],[78.3024,9.4603],[78.3181,9.467],[78.3563,9.4617],[78.3349,9.4719],[78.3275,9.5195],[78.3847,9.5174],[78.3883,9.5369],[78.3691,9.5729],[78.4009,9.5823],[78.4011,9.5948],[78.4131,9.5886],[78.4163,9.6194],[78.3906,9.6324],[78.3835,9.6564],[78.3427,9.6601],[78.3317,9.6955],[78.3395,9.7036],[78.2961,9.7115],[78.2991,9.7487],[78.2739,9.7152],[78.2781,9.6893],[78.2652,9.6877],[78.2486,9.7024],[78.2753,9.7534],[78.2008,9.7679],[78.1723,9.7483],[78.1464,9.7849],[78.1408,9.7621],[78.11,9.7862],[78.0929,9.7807],[78.1025,9.7562],[78.0858,9.7602],[78.0639,9.7422],[78.09,9.6835],[78.0843,9.6635],[78.0616,9.6612],[78.0626,9.6718],[78.0416,9.6777],[77.9938,9.6255],[77.9545,9.6495],[77.9155,9.6151],[77.892,9.6432],[77.8693,9.6488],[77.8482,9.6515],[77.8443,9.6368],[77.7975,9.6497],[77.7768,9.6417],[77.7635,9.685],[77.7117,9.7051],[77.7094,9.6918],[77.6962,9.6982],[77.6857,9.6791],[77.67,9.6781],[77.6313,9.7078],[77.588,9.6883],[77.5535,9.6531],[77.5501,9.6658],[77.5306,9.6533],[77.4778,9.5505],[77.458,9.5409],[77.4296,9.5475],[77.4037,9.5274],[77.4133,9.5072],[77.3957,9.4614],[77.3625,9.4558],[77.3412,9.4186]]]}},{"type":"Feature","properties":{"name":"Alipurduar","state":"West Bengal","level":"district"},"geometry":{"type":"Polygon","coordinates":[[[89.8404,26.4114],[89.8748,26.46],[89.8569,26.4879],[89.8663,26.5779],[89.8818,26.5843],[89.8816,26.6131],[89.8614,26.6235],[89.8808,26.6496],[89.8614,26.7038],[89.8118,26.7151],[89.7789,26.6996],[89.7612,26.7164],[89.7613,26.7365],[89.731,26.7224],[89.6785,26.7404],[89.6633,26.7185],[89.6369,26.7193],[89.6182,26.7282],[89.6593,26.7636],[89.6495,26.781],[89.6266,26.777],[89.5638,26.8156],[89.4643,26.8063],[89.4543,26.8339],[89.3962,26.841],[89.3824,26.8663],[89.3336,26.8402],[89.3214,26.8528],[89.2599,26.8167],[89.1951,26.8086],[89.1783,26.8217],[89.1392,26.8076],[89.1171,26.825],[89.1064,26.8113],[89.0896,26.7711],[89.0952,26.7389],[89.066,26.7074],[89.0471,26.6445],[89.0671,26.6058],[89.1038,26.6019],[89.1007,26.5694],[89.1273,26.522],[89.2769,26.4857],[89.3606,26.4953],[89.3977,26.4645],[89.4384,26.4701],[89.4585,26.4902],[89.5033,26.4696],[89.5359,26.4775],[89.5603,26.4301],[89.5531,26.4167],[89.5662,26.4114],[89.5676,26.4274],[89.5857,26.4287],[89.6208,26.3955],[89.6272,26.4188],[89.6475,26.4182],[89.6605,26.4356],[89.6994,26.4211],[89.7301,26.4431],[89.7479,26.4368],[89.7506,26.458],[89.7662,26.4642],[89.8651,26.4641],[89.8588,26.4438],[89.8348,26.4465],[89.8276,26.4328],[89.8392,26.4293],[89.8291,26.4204],[89.8404,26.4114]]]}},{"type":"Feature","properties":{"name":"Bankura","state":"West Bengal","level":"district"},"geometry":{"type":"Polygon","coordinates":[[[87.4479,23.4045],[87.2791,23.4979],[87.2138,23.556],[87.1243,23.5761],[87.017,23.6347],[86.916,23.6298],[86.899,23.6404],[86.887,23.6267],[86.8818,23.5763],[86.8563,23.5696],[86.8771,23.5568],[86.8966,23.4933],[86.8744,23.4975],[86.8564,23.4634],[86.8198,23.4669],[86.8196,23.4369],[86.8582,23.4354],[86.84,23.4079],[86.8465,23.3963],[86.8416,23.3827],[86.8243,23.381],[86.8266,23.3638],[86.8049,23.3622],[86.8024,23.3441],[86.7801,23.3388],[86.7832,23.2996],[86.7721,23.291],[86.7735,23.2427],[86.7632,23.2406],[86.7841,23.2085],[86.7533,23.1988],[86.7474,23.1663],[86.7349,23.1685],[86.711,23.1201],[86.7446,23.0948],[86.7271,23.051],[86.7341,23.0426],[86.7232,23.0376],[86.7329,23.026],[86.7271,22.9958],[86.692,22.9301],[86.7077,22.9014],[86.7041,22.8726],[86.6196,22.8261],[86.6118,22.7993],[86.6413,22.7965],[86.7172,22.7459],[86.7739,22.7267],[86.8427,22.683],[86.8677,22.6812],[86.8551,22.6729],[86.9267,22.627],[86.9562,22.6383],[86.9504,22.6701],[86.9646,22.6759],[87.0157,22.651],[87.0154,22.6946],[87.0374,22.7197],[87.087,22.7386],[87.0536,22.8242],[87.0622,22.8495],[87.1286,22.8438],[87.1728,22.893],[87.2111,22.895],[87.2219,22.907],[87.2455,22.8976],[87.2705,22.9042],[87.3202,22.9438],[87.3594,22.9529],[87.4609,22.9134],[87.5335,22.9305],[87.5952,22.8952],[87.6303,22.8965],[87.6264,22.9129],[87.6463,22.9226],[87.654,22.9428],[87.6451,22.9879],[87.6982,22.9964],[87.7013,23.0176],[87.6899,23.0248],[87.7045,23.0266],[87.7135,23.011],[87.7221,23.0282],[87.7436,23.0315],[87.7453,23.0566],[87.7647,23.0783],[87.7319,23.1273],[87.7273,23.1149],[87.6843,23.1247],[87.6906,23.1453],[87.6661,23.1617],[87.6498,23.1984],[87.6557,23.2387],[87.6023,23.2585],[87.5603,23.3099],[87.5004,23.3486],[87.4479,23.4045]]]}},{"type":"Feature","properties":{"name":"Barddhaman","state":"West Bengal","level":"district"},"geometry":{"type":"Polygon","coordinates":[[[88.197,23.7651],[88.1442,23.7301],[88.1268,23.7494],[88.0935,23.7514],[88.0822,23.7213],[88.0614,23.7208],[88.036,23.7592],[88.0629,23.7784],[88.0307,23.7944],[88.0066,23.8456],[87.9726,23.844],[87.9589,23.7843],[87.9427,23.7742],[87.9546,23.7497],[87.9111,23.7121],[87.9219,23.6798],[87.9125,23.6634],[87.9388,23.6601],[87.9365,23.6455],[87.9632,23.6306],[87.9078,23.5405],[87.8919,23.5588],[87.863,23.5472],[87.8373,23.5665],[87.8072,23.5601],[87.7848,23.582],[87.7351,23.5873],[87.7184,23.6179],[87.6892,23.6066],[87.6737,23.6199],[87.6554,23.6033],[87.6118,23.6011],[87.6065,23.5876],[87.6004,23.5979],[87.5743,23.5912],[87.5663,23.6051],[87.5427,23.6073],[87.5349,23.5872],[87.5136,23.58],[87.5019,23.5395],[87.4892,23.5456],[87.4788,23.5335],[87.4846,23.5242],[87.4648,23.4841],[87.4787,23.48],[87.4776,23.4172],[87.4619,23.4147],[87.4596,23.4248],[87.4479,23.4045],[87.5004,23.3486],[87.5603,23.3099],[87.6023,23.2585],[87.6557,23.2387],[87.6498,23.1984],[87.6661,23.1617],[87.6906,23.1453],[87.6843,23.1247],[87.7273,23.1149],[87.7319,23.1273],[87.7484,23.1082],[87.7651,23.0719],[87.7453,23.0566],[87.7436,23.0315],[87.7221,23.0282],[87.7135,23.011],[87.745,22.964],[87.7755,22.9679],[87.78,22.936],[87.8233,22.955],[87.8415,22.9372],[87.8672,22.9406],[87.8928,22.9604],[87.8964,22.9343],[87.9438,22.944],[87.9839,22.9683],[88.0123,22.9632],[88.0087,22.9793],[88.0517,22.9881],[88.0395,23.0104],[88.053,23.0467],[88.0916,23.0443],[88.1498,23.0777],[88.1718,23.1573],[88.2315,23.16],[88.2729,23.1308],[88.3476,23.1325],[88.355,23.1175],[88.3647,23.1208],[88.3716,23.1794],[88.395,23.1971],[88.4086,23.1935],[88.4187,23.2114],[88.3837,23.2154],[88.3572,23.238],[88.3645,23.2544],[88.3529,23.277],[88.3307,23.2802],[88.3509,23.2916],[88.329,23.316],[88.3469,23.3468],[88.3323,23.3665],[88.3589,23.3961],[88.3546,23.4114],[88.3315,23.4174],[88.3524,23.4283],[88.3417,23.4548],[88.3694,23.4582],[88.365,23.4781],[88.389,23.5044],[88.3495,23.5477],[88.2782,23.5373],[88.2787,23.5594],[88.3243,23.5749],[88.3159,23.5888],[88.2891,23.5761],[88.2824,23.605],[88.2707,23.5994],[88.2649,23.6161],[88.2175,23.6054],[88.1985,23.6204],[88.1678,23.6207],[88.1377,23.6523],[88.1675,23.7108],[88.2356,23.7109],[88.201,23.7281],[88.197,23.7651]]]}},{"type":"Feature","properties":{"name":"Birbhum","state":"West Bengal","level":"district"},"geometry":{"type":"Polygon","coordinates":[[[87.0893,23.8075],[87.1529,23.7466],[87.2229,23.738],[87.2701,23.7493],[87.2975,23.7219],[87.3545,23.7207],[87.3679,23.7034],[87.4025,23.695],[87.4197,23.6754],[87.4161,23.654],[87.4459,23.6328],[87.4553,23.6094],[87.505,23.6007],[87.5309,23.6193],[87.5663,23.6051],[87.5677,23.593],[87.596,23.5987],[87.6065,23.5876],[87.6341,23.6102],[87.6554,23.6033],[87.6808,23.6197],[87.6902,23.6067],[87.7109,23.6193],[87.7351,23.5873],[87.7848,23.582],[87.8072,23.5601],[87.8373,23.5665],[87.863,23.5472],[87.8919,23.5588],[87.9078,23.5405],[87.9632,23.6306],[87.9365,23.6455],[87.9388,23.6601],[87.9125,23.6634],[87.9219,23.6798],[87.9111,23.7121],[87.9546,23.7497],[87.9427,23.7742],[87.9655,23.8037],[87.9261,23.8404],[87.8946,23.8363],[87.8915,23.8576],[87.8778,23.8525],[87.8545,23.8867],[87.8473,23.9125],[87.869,23.9175],[87.8718,23.9336],[87.857,23.9724],[87.8666,23.9746],[87.8752,24.0168],[87.8657,24.0304],[87.8962,24.0583],[87.9096,24.0991],[87.8969,24.1147],[87.915,24.1394],[87.898,24.1522],[87.9367,24.1777],[87.9259,24.1944],[87.986,24.1945],[87.989,24.2131],[88.0078,24.2193],[87.9955,24.243],[88.0231,24.2434],[88.027,24.2606],[88.0146,24.3144],[87.9959,24.3124],[87.9978,24.3237],[87.9648,24.3368],[87.9564,24.3553],[87.9738,24.3756],[87.9768,24.4581],[87.9652,24.4834],[87.9439,24.4905],[87.9502,24.5166],[87.9342,24.536],[87.892,24.5417],[87.8918,24.5642],[87.8527,24.5525],[87.8135,24.5777],[87.774,24.5832],[87.7721,24.573],[87.7961,24.5672],[87.8108,24.5467],[87.7996,24.4926],[87.8111,24.5121],[87.8147,24.4936],[87.8273,24.496],[87.8135,24.4781],[87.8194,24.4529],[87.796,24.4399],[87.7892,24.4162],[87.8096,24.4198],[87.8144,24.4083],[87.798,24.3998],[87.8019,24.3838],[87.7668,24.3369],[87.7607,24.3053],[87.7316,24.288],[87.7153,24.2935],[87.7071,24.2617],[87.6858,24.2482],[87.6615,24.2372],[87.6516,24.2504],[87.6402,24.2443],[87.6422,24.2134],[87.6753,24.2076],[87.6969,24.1881],[87.6939,24.1518],[87.6205,24.1666],[87.5739,24.1576],[87.612,24.1309],[87.5862,24.1253],[87.5737,24.1087],[87.5806,24.0872],[87.5436,24.0898],[87.5214,24.1129],[87.4981,24.1171],[87.4935,24.0902],[87.5103,24.0841],[87.4943,24.0752],[87.4957,24.054],[87.5153,24.0416],[87.4873,24.0157],[87.4531,24.0184],[87.4384,24.0104],[87.4513,24.0104],[87.4625,23.9835],[87.4436,23.9802],[87.3613,24.0112],[87.3527,23.9978],[87.328,23.9992],[87.3205,24.0091],[87.337,24.033],[87.2874,24.0289],[87.2428,24.0432],[87.2453,24.0077],[87.2553,23.9978],[87.2655,24.0049],[87.2727,23.9867],[87.2662,23.9682],[87.2965,23.9578],[87.2972,23.8923],[87.2696,23.877],[87.2639,23.9063],[87.2529,23.9092],[87.2599,23.8415],[87.2474,23.8284],[87.2232,23.833],[87.2409,23.8553],[87.1933,23.8431],[87.2004,23.8565],[87.1406,23.8703],[87.1351,23.8531],[87.1712,23.8218],[87.1584,23.8007],[87.0893,23.8075]]]}},{"type":"Feature","properties":{"name":"Dakshin Dinajpur","state":"West Bengal","level":"district"},"geometry":{"type":"Polygon","coordinates":[[[88.4434,25.1975],[88.4896,25.2137],[88.5396,25.2002],[88.5354,25.1892],[88.559,25.1939],[88.5695,25.1774],[88.6143,25.207],[88.6706,25.2002],[88.6988,25.2108],[88.7343,25.199],[88.7505,25.1779],[88.7706,25.1911],[88.8025,25.1722],[88.8435,25.2157],[88.8663,25.1929],[88.8755,25.1971],[88.8776,25.1809],[88.9116,25.1815],[88.9205,25.1687],[88.9326,25.1827],[88.9469,25.1787],[88.9323,25.2],[88.9378,25.2133],[88.9577,25.2111],[88.9499,25.2474],[88.988,25.2754],[89.0076,25.2691],[89.0087,25.2917],[88.989,25.2897],[88.9802,25.3035],[88.9323,25.3007],[88.9139,25.3107],[88.9043,25.3362],[88.8828,25.3242],[88.8647,25.3514],[88.8393,25.3626],[88.8377,25.3953],[88.8099,25.4107],[88.8329,25.4291],[88.8244,25.4438],[88.8374,25.4584],[88.8283,25.4879],[88.8115,25.4884],[88.8078,25.5215],[88.7817,25.513],[88.7615,25.5228],[88.7708,25.5026],[88.7624,25.4936],[88.7388,25.4883],[88.7367,25.5027],[88.7103,25.4929],[88.7001,25.4701],[88.6627,25.4718],[88.6445,25.4765],[88.6429,25.4976],[88.6216,25.4958],[88.6071,25.5146],[88.5962,25.5048],[88.5382,25.5073],[88.5313,25.541],[88.5236,25.5337],[88.492,25.5584],[88.4976,25.5819],[88.4678,25.5818],[88.4552,25.5965],[88.4459,25.5839],[88.4172,25.5999],[88.3415,25.5495],[88.3163,25.5499],[88.3305,25.5405],[88.2718,25.4893],[88.2646,25.441],[88.2227,25.4363],[88.2233,25.4275],[88.2048,25.4335],[88.1749,25.365],[88.1761,25.3524],[88.2031,25.3422],[88.2143,25.3035],[88.2541,25.2881],[88.2789,25.315],[88.3128,25.2973],[88.3341,25.303],[88.3852,25.2879],[88.3952,25.3017],[88.4086,25.2927],[88.4299,25.3035],[88.4184,25.3139],[88.4478,25.3106],[88.4403,25.2788],[88.4504,25.2627],[88.4654,25.2696],[88.4595,25.2269],[88.4393,25.2169],[88.4434,25.1975]]]}},{"type":"Feature","properties":{"name":"Darjiling","state":"West Bengal","level":"district"},"geometry":{"type":"Polygon","coordinates":[[[88.2425,26.4493],[88.2706,26.4859],[88.2871,26.4773],[88.3354,26.496],[88.3508,26.516],[88.3761,26.5979],[88.4143,26.6352],[88.3962,26.6801],[88.426,26.6952],[88.4356,26.7154],[88.4299,26.7552],[88.4468,26.7892],[88.4366,26.8168],[88.4476,26.8351],[88.498,26.8534],[88.4445,26.9598],[88.4291,26.9559],[88.4217,26.9825],[88.3943,26.9901],[88.426,27.0098],[88.4199,27.0629],[88.438,27.0817],[88.3474,27.1105],[88.3304,27.1047],[88.3111,27.1284],[88.2392,27.1195],[88.2023,27.136],[88.1622,27.1118],[88.1434,27.1166],[88.0927,27.1412],[88.0744,27.1899],[88.0819,27.2005],[88.0399,27.2207],[88.0162,27.2165],[88.0189,27.2251],[88.0117,27.2038],[88.0194,27.1711],[87.9912,27.1308],[87.9909,27.1064],[88.0212,27.0876],[88.0164,27.0736],[88.0376,27.0367],[88.0776,27.0354],[88.0923,27.0045],[88.1357,26.9849],[88.1205,26.9505],[88.146,26.9211],[88.1364,26.8988],[88.1735,26.8655],[88.1676,26.8378],[88.1895,26.7606],[88.1672,26.6996],[88.1654,26.6405],[88.1257,26.5995],[88.1024,26.542],[88.1514,26.511],[88.1714,26.5216],[88.1743,26.5373],[88.2205,26.5356],[88.2214,26.5572],[88.2372,26.552],[88.2393,26.5324],[88.185,26.4906],[88.1997,26.472],[88.2308,26.476],[88.2253,26.4614],[88.2425,26.4493]]]}},{"type":"Feature","properties":{"name":"Haora","state":"West Bengal","level":"district"},"geometry":{"type":"Polygon","coordinates":[[[88.3673,22.6088],[88.3472,22.6638],[88.3226,22.6692],[88.267,22.6605],[88.2423,22.6784],[88.1995,22.6635],[88.1871,22.6716],[88.1792,22.6556],[88.1774,22.6865],[88.1582,22.6885],[88.1515,22.6755],[88.1249,22.6866],[88.114,22.7074],[88.1039,22.6919],[88.0742,22.6839],[88.0645,22.7121],[88.0495,22.6778],[88.014,22.684],[87.9966,22.7035],[87.9917,22.7332],[88.0042,22.746],[87.9914,22.7787],[87.9555,22.774],[87.943,22.7078],[87.9267,22.689],[87.9416,22.6325],[87.9055,22.6309],[87.8816,22.6037],[87.861,22.6085],[87.8452,22.5616],[87.8919,22.5193],[87.8801,22.4981],[87.8995,22.4755],[87.8775,22.4589],[87.8799,22.444],[87.9075,22.4189],[87.9531,22.4166],[87.9436,22.3765],[87.9583,22.2732],[88.0182,22.2226],[88.0635,22.2064],[88.0977,22.3027],[88.0763,22.3626],[88.1335,22.4139],[88.1177,22.4676],[88.2381,22.5218],[88.2367,22.5553],[88.2466,22.5611],[88.311,22.5486],[88.3317,22.5561],[88.3673,22.6088]]]}},{"type":"Feature","properties":{"name":"Hugli","state":"West Bengal","level":"district"},"geometry":{"type":"Polygon","coordinates":[[[88.4191,23.2125],[88.4086,23.1935],[88.395,23.1971],[88.3716,23.1794],[88.3647,23.1208],[88.355,23.1175],[88.3476,23.1325],[88.2729,23.1308],[88.2315,23.16],[88.1718,23.1573],[88.1498,23.0777],[88.0916,23.0443],[88.053,23.0467],[88.0395,23.0104],[88.0517,22.9881],[88.0087,22.9793],[88.0123,22.9632],[87.9839,22.9683],[87.9438,22.944],[87.8964,22.9343],[87.8928,22.9604],[87.8672,22.9406],[87.8415,22.9372],[87.8233,22.955],[87.78,22.936],[87.7755,22.9679],[87.745,22.964],[87.7045,23.0266],[87.6899,23.0248],[87.7013,23.0176],[87.6982,22.9964],[87.6451,22.9879],[87.654,22.9428],[87.6463,22.9226],[87.6264,22.9129],[87.6303,22.8965],[87.5952,22.8952],[87.5674,22.9191],[87.5242,22.9306],[87.5233,22.9185],[87.5069,22.9151],[87.5329,22.883],[87.5193,22.8669],[87.5619,22.8653],[87.5916,22.8439],[87.6183,22.8513],[87.6357,22.8129],[87.6846,22.8028],[87.6802,22.7821],[87.7222,22.7894],[87.7287,22.7752],[87.7429,22.7765],[87.7443,22.7393],[87.763,22.7224],[87.7648,22.6954],[87.8159,22.6174],[87.8546,22.598],[87.861,22.6085],[87.8918,22.6088],[87.9055,22.6309],[87.94,22.6304],[87.9267,22.689],[87.943,22.7078],[87.9512,22.7678],[87.9882,22.78],[88.0042,22.746],[87.9917,22.7332],[87.9966,22.7035],[88.014,22.684],[88.0495,22.6778],[88.0645,22.7121],[88.0742,22.6839],[88.1039,22.6919],[88.114,22.7074],[88.1249,22.6866],[88.1515,22.6755],[88.1582,22.6885],[88.1774,22.6865],[88.1735,22.6715],[88.1827,22.6547],[88.1848,22.6707],[88.1995,22.6635],[88.2423,22.6784],[88.267,22.6605],[88.3226,22.6692],[88.355,22.6507],[88.3659,22.7457],[88.3336,22.7798],[88.3557,22.7954],[88.3802,22.8628],[88.4102,22.8843],[88.4065,22.986],[88.4184,23.0161],[88.4549,23.0371],[88.4693,23.0808],[88.504,23.0866],[88.5165,23.1179],[88.5088,23.1296],[88.4545,23.1343],[88.472,23.2222],[88.4591,23.2281],[88.4191,23.2125]]]}},{"type":"Feature","properties":{"name":"Jalpaiguri","state":"West Bengal","level":"district"},"geometry":{"type":"Polygon","coordinates":[[[88.4143,26.6352],[88.4186,26.6486],[88.423,26.5711],[88.4363,26.5471],[88.449,26.5365],[88.459,26.5484],[88.4854,26.5424],[88.4923,26.5147],[88.5214,26.5125],[88.5301,26.4832],[88.5591,26.4859],[88.5654,26.459],[88.591,26.4529],[88.5938,26.4721],[88.6238,26.4725],[88.6308,26.4363],[88.7034,26.3893],[88.6881,26.3774],[88.7044,26.3342],[88.7385,26.3544],[88.7471,26.3476],[88.7392,26.3313],[88.7523,26.3326],[88.7583,26.307],[88.7494,26.3558],[88.768,26.3858],[88.7847,26.3951],[88.8028,26.3734],[88.8705,26.3919],[88.8904,26.4376],[88.9258,26.4493],[88.9072,26.475],[88.9352,26.4635],[88.9493,26.4771],[88.9429,26.5049],[88.9601,26.5111],[88.9748,26.5459],[89.0293,26.5169],[89.074,26.5387],[89.0971,26.5208],[89.1273,26.522],[89.1007,26.5694],[89.1038,26.6019],[89.0671,26.6058],[89.0471,26.6445],[89.066,26.7074],[89.0952,26.7389],[89.0896,26.7711],[89.1171,26.825],[89.1087,26.8619],[89.0931,26.8721],[89.1008,26.8852],[89.0914,26.8974],[89.052,26.9037],[89.052,26.9197],[89.0306,26.9403],[88.9903,26.9208],[88.9681,26.9241],[88.9456,26.9424],[88.9612,26.9542],[88.9595,26.9682],[88.9249,26.9962],[88.8846,26.9509],[88.878,26.9646],[88.7976,26.9897],[88.7628,26.9641],[88.7668,26.9244],[88.6683,26.9262],[88.6751,26.9459],[88.6647,26.9606],[88.6379,26.9256],[88.6375,26.9037],[88.6224,26.9016],[88.6101,26.8791],[88.5766,26.8885],[88.5134,26.862],[88.4842,26.8753],[88.498,26.8534],[88.4476,26.8351],[88.435,26.8118],[88.4468,26.7892],[88.4299,26.7552],[88.4356,26.7154],[88.426,26.6952],[88.3962,26.6801],[88.4143,26.6352]]]}},{"type":"Feature","properties":{"name":"Jhargram","state":"West Bengal","level":"district"},"geometry":{"type":"Polygon","coordinates":[[[86.7274,22.2198],[86.72,22.1481],[86.7948,22.1586],[86.8016,22.1308],[86.8365,22.0998],[86.9616,22.0882],[86.9982,22.0516],[87.022,22.046],[87.0385,21.9941],[87.0022,21.9126],[87.0345,21.8705],[87.0988,21.8655],[87.0977,21.913],[87.1624,21.9356],[87.1715,21.9784],[87.1993,21.9591],[87.2284,21.9591],[87.2339,21.9809],[87.2204,21.987],[87.2004,22.0364],[87.1516,22.0816],[87.1376,22.1299],[87.1484,22.1464],[87.1833,22.1475],[87.1644,22.159],[87.1775,22.1796],[87.1701,22.1915],[87.1809,22.1925],[87.1754,22.2387],[87.2248,22.2286],[87.2292,22.2478],[87.1913,22.2821],[87.2047,22.3053],[87.155,22.3322],[87.1902,22.3738],[87.2636,22.4026],[87.248,22.4162],[87.177,22.3957],[87.1666,22.4246],[87.1057,22.4292],[87.1224,22.4497],[87.1168,22.462],[87.0744,22.4784],[87.0885,22.5204],[87.1109,22.5391],[87.0878,22.5847],[87.1029,22.6024],[87.0868,22.6328],[87.13,22.673],[87.1178,22.6954],[87.1014,22.6937],[87.0915,22.7193],[87.0703,22.7329],[87.051,22.7274],[87.0154,22.6946],[87.0157,22.651],[86.9646,22.6759],[86.9504,22.6701],[86.9562,22.6383],[86.9196,22.6267],[86.8551,22.6729],[86.8677,22.6812],[86.8427,22.683],[86.7739,22.7267],[86.7172,22.7459],[86.6413,22.7965],[86.5997,22.7982],[86.6039,22.7833],[86.56,22.7116],[86.6411,22.6594],[86.6391,22.6011],[86.6565,22.5797],[86.7606,22.5782],[86.7694,22.5545],[86.7887,22.5482],[86.8033,22.4896],[86.7938,22.4786],[86.7529,22.4827],[86.7564,22.4546],[86.7685,22.4271],[86.8484,22.4003],[86.8337,22.3289],[86.8901,22.2999],[86.8901,22.2566],[86.8263,22.2655],[86.8209,22.2538],[86.8164,22.2684],[86.8032,22.2462],[86.8052,22.2664],[86.7948,22.2673],[86.7974,22.2432],[86.8144,22.2425],[86.8046,22.2182],[86.7806,22.2183],[86.7967,22.2284],[86.7845,22.2362],[86.7716,22.2159],[86.7274,22.2198]]]}},{"type":"Feature","properties":{"name":"Kalimpong","state":"West Bengal","level":"district"},"geometry":{"type":"Polygon","coordinates":[[[88.5364,27.1501],[88.4199,27.0629],[88.426,27.0098],[88.3943,26.9901],[88.4217,26.9825],[88.4291,26.9559],[88.4445,26.9598],[88.4473,26.9385],[88.4754,26.9146],[88.4842,26.8753],[88.5134,26.862],[88.5766,26.8885],[88.6101,26.8791],[88.6224,26.9016],[88.6375,26.9037],[88.6379,26.9256],[88.6647,26.9606],[88.6751,26.9459],[88.6683,26.9262],[88.7668,26.9244],[88.7628,26.9641],[88.7976,26.9897],[88.878,26.9646],[88.876,27.1087],[88.7579,27.1481],[88.7308,27.1384],[88.6978,27.1786],[88.6659,27.1621],[88.5979,27.1943],[88.5272,27.178],[88.5364,27.1501]]]}},{"type":"Feature","properties":{"name":"Koch Bihar","state":"West Bengal","level":"district"},"geometry":{"type":"Polygon","coordinates":[[[89.8347,26.3903],[89.8292,26.4397],[89.8588,26.4438],[89.8651,26.4641],[89.7603,26.4627],[89.7479,26.4368],[89.7301,26.4431],[89.6994,26.4211],[89.6605,26.4356],[89.6475,26.4182],[89.6272,26.4188],[89.6208,26.3955],[89.5857,26.4287],[89.5676,26.4274],[89.5662,26.4114],[89.5531,26.4167],[89.5603,26.4301],[89.5359,26.4775],[89.5033,26.4696],[89.4585,26.4902],[89.4384,26.4701],[89.3977,26.4645],[89.3606,26.4953],[89.2769,26.4857],[89.2337,26.5034],[89.1986,26.509],[89.1863,26.5],[89.1508,26.5194],[89.0971,26.5208],[89.074,26.5387],[89.0293,26.5169],[88.9748,26.5459],[88.9601,26.5111],[88.9429,26.5049],[88.9493,26.4771],[88.9352,26.4635],[88.9072,26.475],[88.9258,26.4493],[88.8904,26.4376],[88.8705,26.3919],[88.8028,26.3734],[88.7776,26.3955],[88.7495,26.3501],[88.7613,26.3016],[88.7938,26.3113],[88.8199,26.2957],[88.8148,26.2573],[88.8411,26.2327],[88.8746,26.2347],[88.8624,26.2734],[88.915,26.2928],[88.9569,26.2405],[89.0494,26.2413],[89.0633,26.2549],[89.0589,26.2912],[89.0474,26.2942],[89.0454,26.2738],[89.0085,26.3001],[88.995,26.289],[88.9866,26.2999],[88.9946,26.3027],[88.9792,26.3088],[88.9983,26.3281],[88.9838,26.3324],[88.9842,26.3461],[88.9662,26.3478],[88.954,26.3283],[88.9446,26.3442],[88.9563,26.359],[88.9522,26.3638],[88.9466,26.3538],[88.9091,26.3672],[88.917,26.3942],[88.9034,26.4092],[88.9283,26.4072],[88.926,26.4337],[88.9406,26.4285],[88.9544,26.461],[88.967,26.4588],[88.9845,26.4472],[88.985,26.4225],[89.023,26.4153],[89.0363,26.396],[89.063,26.4021],[89.0981,26.3914],[89.0897,26.3656],[89.0984,26.3306],[89.1372,26.3229],[89.1361,26.2955],[89.1043,26.2858],[89.1434,26.2376],[89.1508,26.2092],[89.1385,26.1803],[89.1584,26.1638],[89.1562,26.1414],[89.2301,26.1249],[89.253,26.0942],[89.2687,26.0928],[89.2561,26.0664],[89.2818,26.0673],[89.2807,26.0504],[89.3013,26.0517],[89.3508,26.0137],[89.3911,26.0108],[89.4113,26.0491],[89.4337,26.0386],[89.4332,26.017],[89.4583,26.0012],[89.5411,26.0073],[89.5495,25.998],[89.5395,25.9736],[89.5561,25.9668],[89.5654,25.9817],[89.5703,25.9691],[89.5729,25.9819],[89.5849,25.9804],[89.5772,26.0265],[89.6117,26.0535],[89.6044,26.0648],[89.62,26.0546],[89.6486,26.0636],[89.6291,26.106],[89.6092,26.0872],[89.5926,26.1006],[89.5978,26.1143],[89.6157,26.1081],[89.6288,26.1186],[89.6253,26.1274],[89.6021,26.1187],[89.5952,26.134],[89.5897,26.1574],[89.6122,26.1636],[89.6068,26.1794],[89.6475,26.1658],[89.6568,26.1771],[89.6237,26.187],[89.6299,26.1973],[89.6472,26.1908],[89.6285,26.2254],[89.6874,26.2261],[89.6808,26.2153],[89.6932,26.2164],[89.7082,26.1893],[89.6964,26.1682],[89.7031,26.1536],[89.7136,26.1701],[89.7369,26.1732],[89.7065,26.1773],[89.7221,26.197],[89.7156,26.2034],[89.7353,26.211],[89.7013,26.2174],[89.7328,26.2384],[89.7047,26.261],[89.7089,26.2701],[89.7293,26.2586],[89.7415,26.2713],[89.7198,26.3021],[89.7627,26.2895],[89.7546,26.3216],[89.7849,26.331],[89.7861,26.3534],[89.8245,26.3706],[89.8156,26.3581],[89.8242,26.3505],[89.8297,26.3794],[89.8613,26.3846],[89.8509,26.4029],[89.8347,26.3903]]]}},{"type":"Feature","properties":{"name":"Kolkata","state":"West Bengal","level":"district"},"geometry":{"type":"Polygon","coordinates":[[[88.2736,22.5558],[88.291,22.5181],[88.3672,22.4993],[88.3744,22.5269],[88.4101,22.5604],[88.3934,22.6286],[88.3625,22.6336],[88.3673,22.6088],[88.3236,22.5509],[88.2736,22.5558]]]}},{"type":"Feature","properties":{"name":"Maldah","state":"West Bengal","level":"district"},"geometry":{"type":"Polygon","coordinates":[[[87.9016,24.8555],[87.9656,24.77],[87.9607,24.6889],[87.9993,24.6577],[88.065,24.7297],[88.0673,24.7702],[88.1038,24.7817],[88.1095,24.8131],[88.1241,24.8247],[88.1317,24.8099],[88.1347,24.8371],[88.1622,24.85],[88.1508,24.8845],[88.1603,24.8965],[88.1387,24.9128],[88.1369,24.9374],[88.2251,24.9614],[88.2624,24.923],[88.2655,24.8948],[88.2777,24.8993],[88.304,24.8761],[88.3215,24.8846],[88.3329,24.871],[88.3471,24.8924],[88.3257,24.9192],[88.3363,24.9184],[88.3401,24.9401],[88.3584,24.9521],[88.381,24.9395],[88.3982,24.9453],[88.3953,24.9691],[88.4185,24.9824],[88.4155,24.9983],[88.4459,25.0433],[88.4403,25.1287],[88.4594,25.1354],[88.462,25.1499],[88.437,25.1972],[88.4424,25.2219],[88.4595,25.2269],[88.4654,25.2696],[88.4504,25.2627],[88.4403,25.2788],[88.4478,25.3106],[88.4184,25.3139],[88.4299,25.3035],[88.4086,25.2927],[88.3952,25.3017],[88.3852,25.2879],[88.3341,25.303],[88.3128,25.2973],[88.2896,25.315],[88.2541,25.2881],[88.2192,25.3075],[88.1915,25.2751],[88.1654,25.2983],[88.1499,25.2939],[88.1461,25.274],[88.1556,25.2709],[88.13,25.2434],[88.1256,25.2699],[88.1072,25.2726],[88.1116,25.2908],[88.1311,25.2917],[88.1134,25.3233],[88.1272,25.3636],[88.1057,25.3794],[88.1191,25.405],[88.1077,25.401],[88.1134,25.4158],[88.099,25.4199],[88.1166,25.4337],[88.1031,25.4297],[88.0873,25.4459],[88.0754,25.4811],[88.0326,25.4868],[88.0126,25.511],[88.0093,25.4947],[87.9978,25.4985],[87.9857,25.5165],[87.9928,25.5246],[87.9608,25.5386],[87.9312,25.5368],[87.9042,25.5049],[87.8844,25.5165],[87.8661,25.4867],[87.8687,25.466],[87.839,25.4652],[87.8139,25.4348],[87.7866,25.4453],[87.7643,25.4057],[87.7709,25.3787],[87.794,25.3729],[87.7891,25.3331],[87.8583,25.2902],[87.844,25.286],[87.8542,25.2542],[87.8278,25.2352],[87.8416,25.2001],[87.7927,25.2213],[87.776,25.1532],[87.7776,25.1],[87.7978,25.0767],[87.8692,25.0408],[87.9746,24.9247],[87.9711,24.8825],[87.9016,24.8555]]]}},{"type":"Feature","properties":{"name":"Murshidabad","state":"West Bengal","level":"district"},"geometry":{"type":"Polygon","coordinates":[[[87.8185,24.7546],[87.8719,24.7307],[87.8823,24.7404],[87.9068,24.7195],[87.8911,24.6755],[87.9177,24.6603],[87.9107,24.634],[87.8891,24.6281],[87.9067,24.6273],[87.9061,24.614],[87.8772,24.6121],[87.9125,24.6096],[87.892,24.5417],[87.9342,24.536],[87.9502,24.5166],[87.9439,24.4905],[87.974,24.4703],[87.9738,24.3756],[87.9564,24.3553],[87.9648,24.3368],[87.9978,24.3237],[87.9959,24.3124],[88.0146,24.3144],[88.027,24.2606],[88.0231,24.2434],[87.9955,24.243],[88.0078,24.2193],[87.989,24.2131],[87.986,24.1945],[87.9293,24.1972],[87.9367,24.1777],[87.898,24.1522],[87.915,24.1394],[87.8969,24.1147],[87.9096,24.0991],[87.8939,24.0543],[87.8657,24.0304],[87.8752,24.0168],[87.8666,23.9746],[87.857,23.9724],[87.8718,23.9336],[87.869,23.9175],[87.8466,23.9072],[87.8635,23.8707],[87.8778,23.8525],[87.8915,23.8576],[87.8946,23.8363],[87.9261,23.8404],[87.9655,23.8037],[87.9726,23.844],[88.0066,23.8456],[88.0307,23.7944],[88.0629,23.7784],[88.036,23.7592],[88.0614,23.7208],[88.0822,23.7213],[88.0935,23.7514],[88.1268,23.7494],[88.1442,23.7301],[88.19,23.7661],[88.239,23.7589],[88.2375,23.7975],[88.2712,23.8102],[88.3393,23.807],[88.355,23.8269],[88.3823,23.8107],[88.4101,23.8182],[88.4181,23.8002],[88.4475,23.8531],[88.4578,23.8392],[88.452,23.8171],[88.4764,23.8198],[88.4658,23.8864],[88.4817,23.9059],[88.5021,23.8838],[88.5112,23.895],[88.4609,23.9301],[88.4903,23.9346],[88.51,23.9545],[88.5215,23.948],[88.5124,23.9889],[88.5419,23.9955],[88.5534,24.041],[88.5841,24.0285],[88.6149,23.9828],[88.6359,23.9892],[88.6518,24.0172],[88.6322,24.0292],[88.6531,24.0697],[88.7047,24.0994],[88.6992,24.1449],[88.741,24.2008],[88.7407,24.2486],[88.7242,24.2911],[88.6727,24.3349],[88.5412,24.334],[88.4668,24.3682],[88.3975,24.3772],[88.2931,24.4821],[88.2019,24.4481],[88.1794,24.4512],[88.1529,24.4843],[88.1724,24.5572],[88.1555,24.6169],[88.1179,24.6401],[88.0321,24.6371],[88.0078,24.6666],[87.9993,24.6577],[87.9648,24.6811],[87.9656,24.77],[87.9016,24.8555],[87.8936,24.8541],[87.903,24.8257],[87.8709,24.822],[87.8822,24.8022],[87.87,24.7756],[87.8398,24.7645],[87.8383,24.7891],[87.8227,24.7673],[87.8185,24.7546]]]}},{"type":"Feature","properties":{"name":"Nadia","state":"West Bengal","level":"district"},"geometry":{"type":"Polygon","coordinates":[[[88.7047,24.0994],[88.6531,24.0697],[88.6322,24.0292],[88.6518,24.0172],[88.6359,23.9892],[88.6149,23.9828],[88.5841,24.0285],[88.5534,24.041],[88.5419,23.9955],[88.5124,23.9889],[88.5215,23.948],[88.51,23.9545],[88.4903,23.9346],[88.4609,23.9301],[88.5112,23.895],[88.5021,23.8838],[88.4817,23.9059],[88.4658,23.8864],[88.4764,23.8198],[88.452,23.8171],[88.4578,23.8392],[88.4475,23.8531],[88.4181,23.8002],[88.4101,23.8182],[88.3823,23.8107],[88.355,23.8269],[88.3393,23.807],[88.2712,23.8102],[88.2399,23.799],[88.2425,23.7624],[88.197,23.7651],[88.1951,23.7503],[88.201,23.7281],[88.2296,23.7212],[88.2332,23.7067],[88.1675,23.7108],[88.1368,23.6594],[88.1678,23.6207],[88.1985,23.6204],[88.2233,23.6052],[88.2612,23.6179],[88.2707,23.5994],[88.2824,23.605],[88.2891,23.5761],[88.3159,23.5888],[88.3243,23.5749],[88.2787,23.5594],[88.2782,23.5373],[88.3495,23.5477],[88.389,23.5044],[88.365,23.4781],[88.3694,23.4582],[88.3417,23.4548],[88.3524,23.4283],[88.3315,23.4174],[88.3546,23.4114],[88.3589,23.3961],[88.3323,23.3665],[88.3469,23.3468],[88.329,23.316],[88.3509,23.2916],[88.3307,23.2802],[88.3529,23.277],[88.3645,23.2544],[88.3572,23.238],[88.3837,23.2154],[88.472,23.2222],[88.4545,23.1343],[88.5088,23.1296],[88.5165,23.1179],[88.504,23.0866],[88.4693,23.0808],[88.4549,23.0371],[88.4184,23.0161],[88.4065,22.986],[88.411,22.9457],[88.4297,22.9616],[88.4773,22.9348],[88.5098,22.9433],[88.5193,22.9309],[88.6134,22.905],[88.6239,22.8812],[88.653,22.8845],[88.6587,22.8744],[88.6714,22.8894],[88.6581,22.9375],[88.6795,22.9447],[88.6644,22.9517],[88.6635,22.9834],[88.6877,23.0261],[88.6839,23.0536],[88.698,23.0653],[88.6775,23.0945],[88.7061,23.1364],[88.6994,23.1643],[88.7151,23.1662],[88.7221,23.1849],[88.707,23.2194],[88.7156,23.2385],[88.7525,23.2382],[88.7187,23.2553],[88.7242,23.2724],[88.6962,23.3019],[88.7103,23.313],[88.7067,23.304],[88.7251,23.2984],[88.7306,23.3212],[88.7437,23.3087],[88.7304,23.3522],[88.7632,23.3675],[88.7464,23.3968],[88.7625,23.4489],[88.7876,23.4469],[88.7964,23.4982],[88.7734,23.496],[88.7763,23.4788],[88.7411,23.4781],[88.7241,23.5095],[88.6953,23.5156],[88.6819,23.5401],[88.6521,23.5553],[88.6412,23.6071],[88.5784,23.602],[88.5911,23.6384],[88.5617,23.6351],[88.556,23.6494],[88.5707,23.6695],[88.5593,23.7116],[88.5788,23.7623],[88.5543,23.7847],[88.5735,23.7851],[88.5903,23.8001],[88.5842,23.8146],[88.6006,23.8168],[88.5743,23.8623],[88.5871,23.873],[88.6073,23.8653],[88.6193,23.8791],[88.6265,23.8667],[88.6635,23.8725],[88.705,23.9172],[88.7328,23.9156],[88.7339,23.979],[88.7665,23.9838],[88.759,24.0048],[88.7278,23.9956],[88.7394,24.0325],[88.7227,24.0421],[88.7282,24.061],[88.7047,24.0994]]]}},{"type":"Feature","properties":{"name":"North Twenty Four Parganas","state":"West Bengal","level":"district"},"geometry":{"type":"Polygon","coordinates":[[[88.411,22.9457],[88.407,22.8769],[88.3802,22.8628],[88.3557,22.7954],[88.3336,22.7798],[88.3659,22.7457],[88.355,22.6507],[88.3625,22.6336],[88.3934,22.6286],[88.4101,22.5604],[88.4022,22.5587],[88.4312,22.5104],[88.4487,22.5029],[88.4632,22.5637],[88.5196,22.537],[88.5199,22.5496],[88.5428,22.5531],[88.5578,22.5804],[88.5468,22.5974],[88.559,22.6136],[88.5999,22.6047],[88.5975,22.5888],[88.6303,22.5727],[88.6344,22.5392],[88.6596,22.5167],[88.655,22.4839],[88.7149,22.446],[88.7118,22.423],[88.7386,22.4112],[88.7579,22.3801],[88.7736,22.384],[88.7745,22.37],[88.7827,22.3771],[88.7818,22.3613],[88.8304,22.3648],[88.8146,22.3209],[88.8279,22.2555],[88.8634,22.2796],[88.9073,22.2465],[88.9228,22.2666],[88.9616,22.2431],[88.98,22.2019],[89.0203,22.2023],[89.0245,22.2168],[89.0364,22.2167],[89.0696,22.1821],[89.0347,22.2578],[89.015,22.2547],[89.0198,22.2688],[88.9948,22.2873],[89.0251,22.2968],[88.9846,22.3277],[88.9928,22.389],[88.973,22.4095],[89.0003,22.4297],[88.9901,22.4449],[88.9965,22.4697],[88.9753,22.4961],[88.9619,22.5492],[88.9378,22.5607],[88.9407,22.5945],[88.9601,22.6166],[88.9348,22.6173],[88.9245,22.6568],[88.9603,22.6938],[88.9265,22.7173],[88.9109,22.7581],[88.9363,22.7938],[88.957,22.7992],[88.9686,22.8449],[88.948,22.875],[88.9283,22.8708],[88.9039,22.8849],[88.8953,22.9131],[88.9085,22.9198],[88.8866,22.9344],[88.8939,22.9521],[88.8594,22.9421],[88.8552,22.9642],[88.8706,22.9787],[88.865,23.0009],[88.8446,23.0092],[88.8797,23.007],[88.8717,23.0642],[88.8593,23.0775],[88.8722,23.0917],[88.8669,23.1016],[88.9296,23.1469],[88.936,23.18],[88.9773,23.1935],[88.9851,23.2092],[88.9732,23.2227],[88.9423,23.2044],[88.9139,23.2124],[88.9092,23.2332],[88.8437,23.2294],[88.8154,23.2495],[88.807,23.2176],[88.7779,23.2197],[88.7628,23.2439],[88.7116,23.2358],[88.7072,23.2163],[88.7221,23.1849],[88.7151,23.1662],[88.6994,23.1643],[88.7061,23.1364],[88.6775,23.0945],[88.698,23.0653],[88.6839,23.0536],[88.6877,23.0261],[88.6635,22.9834],[88.6644,22.9517],[88.6795,22.9447],[88.6581,22.9375],[88.6714,22.8894],[88.6587,22.8744],[88.653,22.8845],[88.6239,22.8812],[88.6134,22.905],[88.5193,22.9309],[88.5098,22.9433],[88.4773,22.9348],[88.4297,22.9616],[88.411,22.9457]]]}},{"type":"Feature","properties":{"name":"Paschim Barddhaman","state":"West Bengal","level":"district"},"geometry":{"type":"Polygon","coordinates":[[[86.7994,23.8329],[86.8248,23.7633],[86.796,23.7008],[86.889,23.6537],[86.8867,23.6384],[87.017,23.6347],[87.1243,23.5761],[87.2138,23.556],[87.2791,23.4979],[87.4479,23.4045],[87.4596,23.4248],[87.4619,23.4147],[87.4776,23.4172],[87.4787,23.48],[87.4648,23.4841],[87.4846,23.5242],[87.4788,23.5335],[87.4892,23.5456],[87.5019,23.5395],[87.5136,23.58],[87.5417,23.5991],[87.5309,23.6193],[87.505,23.6007],[87.4522,23.6107],[87.4459,23.6328],[87.4161,23.654],[87.4166,23.6847],[87.3679,23.7034],[87.3545,23.7207],[87.2975,23.7219],[87.2653,23.7499],[87.2229,23.738],[87.1529,23.7466],[87.096,23.8043],[86.9719,23.8674],[86.9482,23.845],[86.9014,23.8814],[86.8817,23.8639],[86.8887,23.8161],[86.8777,23.8457],[86.8272,23.8129],[86.7994,23.8329]]]}},{"type":"Feature","properties":{"name":"Paschim Medinipur","state":"West Bengal","level":"district"},"geometry":{"type":"Polygon","coordinates":[[[87.8919,22.5193],[87.8457,22.5565],[87.8546,22.598],[87.8159,22.6174],[87.7648,22.6954],[87.763,22.7224],[87.7443,22.7393],[87.7429,22.7765],[87.7287,22.7752],[87.7222,22.7894],[87.6802,22.7821],[87.6846,22.8028],[87.6357,22.8129],[87.6183,22.8513],[87.5916,22.8439],[87.5619,22.8653],[87.5193,22.8669],[87.5329,22.883],[87.5069,22.9151],[87.5233,22.9185],[87.5242,22.9306],[87.4609,22.9134],[87.3594,22.9529],[87.3202,22.9438],[87.2705,22.9042],[87.2455,22.8976],[87.2219,22.907],[87.2111,22.895],[87.1728,22.893],[87.1286,22.8438],[87.0622,22.8495],[87.0536,22.8242],[87.079,22.7789],[87.087,22.7386],[87.0769,22.7287],[87.13,22.673],[87.0868,22.6328],[87.1029,22.6024],[87.0878,22.5847],[87.1109,22.5391],[87.0885,22.5204],[87.0744,22.4784],[87.1168,22.462],[87.1224,22.4497],[87.1057,22.4292],[87.1666,22.4246],[87.177,22.3957],[87.248,22.4162],[87.2636,22.4026],[87.1902,22.3738],[87.155,22.3322],[87.2047,22.3053],[87.1913,22.2821],[87.2292,22.2478],[87.2248,22.2286],[87.1754,22.2387],[87.1809,22.1925],[87.1701,22.1915],[87.1775,22.1796],[87.1644,22.159],[87.1833,22.1475],[87.1484,22.1464],[87.1376,22.1299],[87.1516,22.0816],[87.2004,22.0364],[87.2204,21.987],[87.2339,21.9809],[87.2297,21.9621],[87.2548,21.927],[87.2388,21.9007],[87.2755,21.8087],[87.2967,21.8108],[87.3405,21.7845],[87.3559,21.7911],[87.3739,21.7655],[87.3871,21.7762],[87.443,21.7697],[87.4276,21.7961],[87.4526,21.8405],[87.4431,21.8828],[87.4694,21.8886],[87.4732,21.927],[87.4871,21.9231],[87.4989,21.9388],[87.4759,21.9449],[87.4694,21.9882],[87.4523,21.9947],[87.4566,22.0139],[87.48,22.0305],[87.4696,22.0367],[87.4785,22.0519],[87.469,22.0647],[87.4875,22.0808],[87.5306,22.0706],[87.586,22.0902],[87.6617,22.0861],[87.6902,22.111],[87.7009,22.1688],[87.719,22.1765],[87.7202,22.1935],[87.6886,22.209],[87.7202,22.3106],[87.6408,22.3268],[87.6585,22.4533],[87.6756,22.4625],[87.6927,22.5053],[87.7707,22.474],[87.8519,22.5158],[87.8919,22.5193]]]}},{"type":"Feature","properties":{"name":"Purba Medinipur","state":"West Bengal","level":"district"},"geometry":{"type":"Polygon","coordinates":[[[88.1459,22.1962],[88.0182,22.2226],[87.9583,22.2732],[87.9436,22.3765],[87.9531,22.4166],[87.9075,22.4189],[87.877,22.4488],[87.8995,22.4755],[87.8801,22.4981],[87.8919,22.5193],[87.8519,22.5158],[87.7707,22.474],[87.6927,22.5053],[87.647,22.4244],[87.6584,22.3952],[87.6408,22.3268],[87.7202,22.3106],[87.6886,22.209],[87.7207,22.1856],[87.7009,22.1688],[87.6902,22.111],[87.6617,22.0861],[87.586,22.0902],[87.5306,22.0706],[87.4838,22.0803],[87.4676,22.0599],[87.4785,22.0519],[87.476,22.0202],[87.4552,22.0113],[87.4759,21.9449],[87.4984,21.9347],[87.4732,21.927],[87.4694,21.8886],[87.4431,21.8828],[87.4526,21.8405],[87.4276,21.7961],[87.4474,21.7663],[87.4551,21.7378],[87.4467,21.7345],[87.4698,21.7306],[87.4623,21.6505],[87.4857,21.6315],[87.4868,21.6112],[87.6761,21.653],[87.7398,21.6772],[87.758,21.7007],[87.7843,21.6928],[87.8289,21.7121],[87.8932,21.7943],[87.9256,21.7998],[88.0493,21.9119],[88.0671,21.9101],[88.0811,21.9657],[88.1735,22.0434],[88.2124,22.1121],[88.1821,22.1792],[88.1459,22.1962]]]}},{"type":"Feature","properties":{"name":"Puruliya","state":"West Bengal","level":"district"},"geometry":{"type":"Polygon","coordinates":[[[86.2117,22.9972],[86.3035,23.0164],[86.3174,22.9983],[86.3747,22.9975],[86.3982,22.9774],[86.4214,22.998],[86.5024,22.9931],[86.5126,22.976],[86.505,22.9718],[86.5173,22.9695],[86.5453,22.9905],[86.5435,22.9651],[86.5234,22.9476],[86.5017,22.9508],[86.4896,22.9376],[86.4755,22.9527],[86.4379,22.9267],[86.4681,22.9],[86.452,22.8868],[86.4519,22.8622],[86.4379,22.8639],[86.439,22.832],[86.4177,22.7899],[86.5115,22.7052],[86.5149,22.7197],[86.5442,22.7243],[86.56,22.7116],[86.6176,22.824],[86.7041,22.8726],[86.7077,22.9014],[86.692,22.9301],[86.7271,22.9958],[86.7329,23.026],[86.7232,23.0376],[86.7341,23.0426],[86.7271,23.051],[86.7446,23.0948],[86.711,23.1201],[86.7349,23.1685],[86.7474,23.1663],[86.7533,23.1988],[86.7841,23.2085],[86.7632,23.2406],[86.7735,23.2427],[86.7721,23.291],[86.7832,23.2996],[86.7801,23.3388],[86.8024,23.3441],[86.8049,23.3622],[86.8266,23.3638],[86.8243,23.381],[86.8416,23.3827],[86.8465,23.3963],[86.84,23.4079],[86.8582,23.4354],[86.8196,23.4369],[86.8198,23.4669],[86.8564,23.4634],[86.8744,23.4975],[86.8966,23.4933],[86.8771,23.5568],[86.8563,23.5696],[86.8818,23.5763],[86.887,23.6267],[86.899,23.6404],[86.8867,23.6384],[86.889,23.6537],[86.8007,23.6958],[86.7432,23.6799],[86.7368,23.6961],[86.7161,23.6995],[86.5968,23.6734],[86.5339,23.6313],[86.4503,23.6338],[86.445,23.6114],[86.3863,23.5867],[86.3633,23.5454],[86.373,23.525],[86.3591,23.4988],[86.3773,23.4851],[86.3609,23.484],[86.3367,23.4497],[86.3316,23.46],[86.3055,23.4462],[86.3196,23.4308],[86.3054,23.4226],[86.2839,23.4436],[86.2521,23.4366],[86.2585,23.4273],[86.2486,23.4221],[86.2301,23.4381],[86.2442,23.4721],[86.2308,23.4723],[86.2264,23.4584],[86.1779,23.4809],[86.1511,23.4754],[86.1607,23.5066],[86.1485,23.5296],[86.1589,23.5538],[86.1504,23.57],[86.0784,23.5704],[86.0771,23.5806],[86.0525,23.586],[86.0165,23.5538],[86.0529,23.4959],[85.9496,23.4569],[85.8759,23.477],[85.8687,23.4123],[85.8842,23.4104],[85.9014,23.373],[85.872,23.3672],[85.8837,23.3262],[85.8321,23.2656],[85.8381,23.1953],[85.8632,23.197],[85.883,23.1614],[85.9271,23.1287],[85.9875,23.1487],[86.0425,23.1464],[86.0535,23.1115],[86.1328,23.092],[86.181,23.016],[86.2062,23.0182],[86.2117,22.9972]]]}},{"type":"Feature","properties":{"name":"South Twenty Four Parganas","state":"West Bengal","level":"district"},"geometry":{"type":"Polygon","coordinates":[[[88.2736,22.5558],[88.2466,22.5611],[88.2367,22.5553],[88.2381,22.5218],[88.1251,22.4758],[88.1172,22.4455],[88.1335,22.4139],[88.0763,22.3626],[88.0977,22.3027],[88.0635,22.2064],[88.1459,22.1962],[88.1821,22.1792],[88.2124,22.1121],[88.1735,22.0434],[88.0811,21.9657],[88.0124,21.7456],[87.9534,21.6563],[87.9446,21.5625],[88.001,21.5245],[88.0719,21.5074],[88.1588,21.52],[88.2006,21.5739],[88.2012,21.6187],[88.2322,21.6033],[88.2339,21.5773],[88.2496,21.5616],[88.2899,21.5599],[88.3464,21.6311],[88.345,21.6712],[88.3662,21.6911],[88.3795,21.6825],[88.3908,21.6125],[88.4009,21.6084],[88.43,21.6304],[88.5223,21.6305],[88.5106,21.6025],[88.485,21.5851],[88.481,21.5534],[88.5193,21.5407],[88.5469,21.5456],[88.5441,21.5654],[88.5944,21.5941],[88.6481,21.5977],[88.733,21.5768],[88.7867,21.583],[88.7943,21.604],[88.8102,21.6073],[88.8317,21.5986],[88.8435,21.5583],[88.8924,21.5552],[88.8966,21.5743],[88.8432,21.5998],[88.8452,21.6269],[88.8722,21.6535],[88.9011,21.6539],[88.9196,21.6342],[88.9387,21.6448],[88.9617,21.6192],[88.9979,21.6241],[89.0017,21.6035],[89.0336,21.6126],[89.0298,21.6345],[89.0631,21.622],[89.1208,21.6609],[89.0825,21.7307],[89.0306,21.7869],[89.0443,21.8464],[89.0258,21.9084],[89.072,21.9316],[89.0834,21.9519],[89.0802,22.02],[89.0561,22.0478],[89.0443,22.1009],[89.0984,22.1549],[89.0699,22.1502],[89.057,22.2066],[89.0278,22.2178],[89.0203,22.2023],[88.98,22.2019],[88.9417,22.2608],[88.9228,22.2666],[88.9073,22.2465],[88.8634,22.2796],[88.8279,22.2555],[88.8146,22.3209],[88.8304,22.3648],[88.7818,22.3613],[88.7827,22.3771],[88.7745,22.37],[88.7736,22.384],[88.7579,22.3801],[88.7386,22.4112],[88.7118,22.423],[88.7149,22.446],[88.655,22.4839],[88.6596,22.5167],[88.6344,22.5392],[88.6303,22.5727],[88.5975,22.5888],[88.5999,22.6047],[88.559,22.6136],[88.5468,22.5974],[88.5578,22.5804],[88.5428,22.5531],[88.5199,22.5496],[88.5196,22.537],[88.4632,22.5637],[88.4462,22.5013],[88.4022,22.5587],[88.3617,22.499],[88.291,22.5181],[88.2736,22.5558]]]}},{"type":"Feature","properties":{"name":"Uttar Dinajpur","state":"West Bengal","level":"district"},"geometry":{"type":"Polygon","coordinates":[[[87.8266,25.8776],[87.9164,25.8521],[87.8889,25.829],[87.916,25.8152],[87.9011,25.8072],[87.9039,25.7702],[87.9378,25.7717],[87.9663,25.7251],[87.9931,25.7241],[88.0219,25.7052],[88.0214,25.6922],[88.0538,25.6911],[88.0537,25.6444],[88.0407,25.6374],[88.0594,25.6334],[88.0421,25.6225],[88.0437,25.5956],[88.0262,25.5875],[88.0433,25.5645],[88.0321,25.5539],[88.0408,25.5373],[88.0631,25.5293],[88.0778,25.5045],[88.0824,25.4535],[88.1031,25.4297],[88.1166,25.4337],[88.099,25.4199],[88.1134,25.4158],[88.1077,25.401],[88.1191,25.405],[88.1057,25.3794],[88.1272,25.3636],[88.1134,25.3233],[88.1311,25.2917],[88.1116,25.2908],[88.1072,25.2726],[88.1256,25.2699],[88.13,25.2434],[88.1556,25.2709],[88.1461,25.274],[88.1499,25.2939],[88.1654,25.2983],[88.1966,25.2756],[88.2143,25.3035],[88.2031,25.3422],[88.1761,25.3524],[88.1875,25.4094],[88.2048,25.4335],[88.2233,25.4275],[88.2227,25.4363],[88.2646,25.441],[88.2718,25.4893],[88.3305,25.5405],[88.3163,25.5499],[88.3415,25.5495],[88.3974,25.5954],[88.4172,25.5999],[88.4459,25.5839],[88.4522,25.6629],[88.4021,25.6707],[88.4025,25.6839],[88.3703,25.6952],[88.3709,25.7143],[88.3196,25.7365],[88.3132,25.753],[88.2642,25.781],[88.2665,25.8077],[88.2367,25.8103],[88.2086,25.7851],[88.1852,25.7992],[88.1506,25.7736],[88.1426,25.7917],[88.1133,25.7964],[88.1172,25.812],[88.1053,25.8142],[88.0992,25.8293],[88.1087,25.8369],[88.0988,25.8427],[88.1116,25.8644],[88.0844,25.9142],[88.1154,25.9459],[88.136,26.0141],[88.1728,26.0241],[88.1646,26.0461],[88.1797,26.0719],[88.1547,26.0838],[88.1749,26.1498],[88.2213,26.1687],[88.234,26.1888],[88.2744,26.1904],[88.3488,26.2232],[88.3574,26.2417],[88.3468,26.2485],[88.3483,26.2831],[88.3833,26.3143],[88.4137,26.3179],[88.4025,26.3296],[88.4342,26.3373],[88.4567,26.378],[88.4839,26.3514],[88.5053,26.3649],[88.5147,26.3542],[88.5101,26.3785],[88.5205,26.3905],[88.4844,26.4608],[88.4914,26.4665],[88.372,26.488],[88.3811,26.4788],[88.3617,26.4537],[88.3523,26.4755],[88.3381,26.4715],[88.3354,26.496],[88.2871,26.4773],[88.2644,26.481],[88.2425,26.4493],[88.2741,26.418],[88.235,26.3899],[88.2434,26.3755],[88.2797,26.3774],[88.2976,26.354],[88.2852,26.3357],[88.2668,26.338],[88.2199,26.2818],[88.1501,26.2529],[88.1445,26.231],[88.1176,26.2263],[88.0755,26.1759],[88.0431,26.1778],[88.0175,26.1549],[88.0188,26.141],[87.9879,26.1593],[87.9698,26.1521],[87.9767,26.1373],[87.9654,26.1259],[87.9813,26.1218],[87.9601,26.103],[87.9738,26.0816],[87.9436,26.0847],[87.9369,26.0691],[87.9187,26.0911],[87.8809,26.0558],[87.8479,26.0447],[87.8318,25.9885],[87.8356,25.9357],[87.8093,25.921],[87.8221,25.913],[87.8266,25.8776]]]}}]}