{"type":"FeatureCollection","attribution":"geoBoundaries gbOpen IND ADM1/ADM2 (rev 9469f09), Open Database License 1.0","features":[{"type":"Feature","properties":{"name":"Andaman and Nicobar Islands","level":"state"},"geometry":{"type":"MultiPolygon","coordinates":[[[[93.8902,6.903],[93.9085,6.9127],[93.9142,6.949],[93.9401,6.953],[93.9105,7.0044],[93.9429,6.9989],[93.9111,7.0254],[93.8976,7.0806],[93.8803,7.0902],[93.8692,7.2055],[93.835,7.2195],[93.8371,7.2452],[93.7956,7.2352],[93.7925,7.203],[93.7819,7.215],[93.7653,7.2135],[93.7801,7.2085],[93.7778,7.1959],[93.7493,7.2156],[93.7225,7.1893],[93.6748,7.1911],[93.6657,7.1421],[93.6451,7.1271],[93.6647,7.1148],[93.6472,7.101],[93.6674,7.0232],[93.6561,7.007],[93.6931,7.0141],[93.697,6.9931],[93.7171,6.9923],[93.7387,6.9626],[93.7405,6.9115],[93.756,6.9173],[93.7602,6.8968],[93.7749,6.8996],[93.7696,6.8844],[93.7865,6.8791],[93.7643,6.8765],[93.7653,6.8652],[93.7978,6.8505],[93.7803,6.8292],[93.8144,6.8131],[93.802,6.7623],[93.8303,6.756],[93.8455,6.817],[93.8773,6.7935],[93.8919,6.8065],[93.904,6.8352],[93.8875,6.8459],[93.8902,6.903]]],[[[93.7052,7.2195],[93.6983,7.2321],[93.7073,7.2083],[93.7052,7.2195]]],[[[93.8337,7.2905],[93.8343,7.2881],[93.8374,7.2917],[93.8337,7.2905]]],[[[93.6217,7.3271],[93.6169,7.3317],[93.6175,7.3268],[93.6217,7.3271]]],[[[93.6786,7.3935],[93.6561,7.3666],[93.6529,7.3838],[93.6206,7.3733],[93.6312,7.3345],[93.6087,7.3115],[93.6365,7.2443],[93.6743,7.2932],[93.7131,7.3122],[93.7431,7.3624],[93.7087,7.4047],[93.6986,7.4474],[93.6909,7.4047],[93.7037,7.4032],[93.707,7.3847],[93.6786,7.3935]]],[[[93.7566,7.3966],[93.7546,7.406],[93.7504,7.4001],[93.7566,7.3966]]],[[[93.6746,7.4005],[93.6787,7.4116],[93.671,7.4097],[93.6746,7.4005]]],[[[93.6401,7.4727],[93.6349,7.4788],[93.6325,7.4736],[93.6401,7.4727]]],[[[93.6198,7.4805],[93.6218,7.4795],[93.6199,7.4833],[93.6198,7.4805]]],[[[93.5293,7.5147],[93.5223,7.5298],[93.5206,7.5273],[93.5293,7.5147]]],[[[93.5409,8.0285],[93.5436,7.9903],[93.5218,8.0267],[93.4984,7.9864],[93.5674,7.9315],[93.5725,7.9941],[93.5409,8.0285]]],[[[93.5737,8.1223],[93.5674,8.1276],[93.553,8.1207],[93.5605,8.1094],[93.5616,8.1232],[93.5744,8.1188],[93.5603,8.097],[93.5793,8.0645],[93.5664,8.0749],[93.5639,8.0633],[93.5835,8.0401],[93.5904,8.0506],[93.5737,8.1223]]],[[[93.3011,7.962],[93.3208,7.9256],[93.3345,7.9352],[93.3257,7.9508],[93.3526,7.9601],[93.3339,7.9065],[93.3643,7.8845],[93.4105,7.9085],[93.4435,7.8752],[93.464,7.894],[93.4521,7.9367],[93.4207,7.9685],[93.4053,7.9603],[93.3928,7.9736],[93.4001,8.0095],[93.3688,8.0235],[93.3183,8.0043],[93.3011,7.962]]],[[[93.4937,8.0473],[93.4948,8.0491],[93.493,8.0489],[93.4937,8.0473]]],[[[93.4822,8.0024],[93.4972,8.0362],[93.5142,8.034],[93.5198,8.0522],[93.5396,8.0377],[93.5391,8.0834],[93.488,8.145],[93.5358,8.2033],[93.5339,8.2286],[93.5112,8.2353],[93.4828,8.2221],[93.4799,8.1973],[93.4449,8.1677],[93.4469,8.145],[93.4638,8.1408],[93.4487,8.1356],[93.4566,8.1076],[93.48,8.0927],[93.4755,8.0534],[93.5024,8.0873],[93.5251,8.0817],[93.517,8.0535],[93.5013,8.0487],[93.5016,8.0696],[93.4935,8.058],[93.5008,8.0391],[93.4759,8.0462],[93.4822,8.0024]]],[[[93.6433,8.3897],[93.6425,8.3955],[93.6335,8.3952],[93.6433,8.3897]]],[[[93.044,8.4415],[93.0473,8.4599],[93.0329,8.4721],[93.0264,8.4509],[93.044,8.4415]]],[[[93.0703,11.8359],[93.0113,11.8499],[93.0145,11.8304],[93.0475,11.8132],[93.0703,11.8359]]],[[[93.0076,12.0199],[92.9636,12.051],[92.9251,11.9956],[92.9595,11.981],[92.9727,11.9489],[92.9943,11.952],[93.0237,11.89],[93.0436,11.8846],[93.0525,11.9036],[93.0076,12.0199]]],[[[93.0051,12.1021],[92.957,12.1093],[92.9563,12.0695],[92.9952,12.0419],[93.0051,12.1021]]],[[[93.0328,12.1013],[93.026,12.1667],[93.0036,12.1399],[93.0082,12.1051],[93.0059,12.0796],[93.0439,12.046],[93.05,12.0797],[93.0225,12.0987],[93.0328,12.1013]]],[[[93.0535,12.1093],[93.0487,12.1168],[93.0503,12.111],[93.0535,12.1093]]],[[[93.0742,12.0838],[93.0899,12.0993],[93.0808,12.1217],[93.094,12.1431],[93.0776,12.1491],[93.0835,12.1513],[93.0882,12.1807],[93.0654,12.1733],[93.0862,12.1927],[93.0669,12.1973],[93.067,12.2117],[93.0356,12.1325],[93.0483,12.1194],[93.0666,12.1318],[93.0564,12.1091],[93.0742,12.0838]]],[[[92.9494,12.0886],[92.9559,12.099],[92.9467,12.1169],[92.9488,12.1085],[92.9494,12.0886]]],[[[92.991,12.1605],[92.9528,12.1492],[92.9624,12.1136],[93.0027,12.1122],[92.991,12.1605]]],[[[92.9321,12.1963],[92.9379,12.2216],[92.9367,12.2236],[92.9343,12.2243],[92.9267,12.2223],[92.924,12.2153],[92.9321,12.1963]]],[[[92.9003,12.2557],[92.8867,12.2527],[92.8832,12.2384],[92.8695,12.2457],[92.8783,12.2079],[92.8898,12.2283],[92.9143,12.22],[92.9003,12.2557]]],[[[92.8983,12.2619],[92.8997,12.2587],[92.8995,12.2625],[92.8983,12.2619]]],[[[92.9411,12.2766],[92.9331,12.3111],[92.9273,12.2783],[92.9007,12.2884],[92.9002,12.2719],[92.9196,12.2693],[92.9217,12.2294],[92.9411,12.2766]]],[[[92.9103,12.3329],[92.9117,12.3328],[92.9106,12.3357],[92.9103,12.3329]]],[[[92.9037,12.3404],[92.9048,12.3385],[92.9048,12.3406],[92.9037,12.3404]]],[[[93.2303,8.259],[93.2105,8.2495],[93.2287,8.2247],[93.2406,8.2306],[93.2303,8.259]]],[[[93.118,8.3546],[93.0853,8.34],[93.0767,8.2741],[93.1119,8.2254],[93.1905,8.1973],[93.193,8.2182],[93.1165,8.2761],[93.1328,8.3459],[93.118,8.3546]]],[[[93.6318,8.4684],[93.6031,8.578],[93.6199,8.4897],[93.6095,8.4805],[93.6122,8.4241],[93.6166,8.4686],[93.6318,8.4684]]],[[[93.5982,8.5808],[93.5988,8.584],[93.5966,8.5835],[93.5982,8.5808]]],[[[93.0784,11.7869],[93.0818,11.7797],[93.0849,11.7886],[93.0784,11.7869]]],[[[93.0968,12.1368],[93.0969,12.1343],[93.0983,12.1367],[93.0968,12.1368]]],[[[93.1228,12.1409],[93.1098,12.1445],[93.1153,12.1304],[93.1228,12.1409]]],[[[93.0927,12.2219],[93.0921,12.2185],[93.093,12.2236],[93.0927,12.2219]]],[[[93.0845,12.2276],[93.0853,12.2293],[93.0816,12.2255],[93.0845,12.2276]]],[[[93.0989,12.2048],[93.1036,12.2606],[93.086,12.237],[93.0755,12.2628],[93.062,12.2304],[93.0801,12.2258],[93.0989,12.2465],[93.1022,12.2458],[93.0893,12.2309],[93.0924,12.2277],[93.0936,12.2223],[93.0915,12.2141],[93.0989,12.2048]]],[[[93.0807,13.3695],[93.0796,13.3686],[93.0804,13.3677],[93.0807,13.3695]]],[[[92.8232,9.1907],[92.7728,9.2587],[92.7635,9.2163],[92.7203,9.2186],[92.7281,9.1267],[92.7934,9.1219],[92.8263,9.1401],[92.8232,9.1907]]],[[[92.7708,12.0134],[92.7739,12.0179],[92.7701,12.0171],[92.7708,12.0134]]],[[[92.8527,12.2048],[92.884,12.1983],[92.8698,12.213],[92.8576,12.2443],[92.8611,12.2632],[92.8745,12.2507],[92.891,12.2667],[92.87,12.2949],[92.8663,12.2934],[92.8655,12.2876],[92.8632,12.287],[92.8657,12.2934],[92.8713,12.2956],[92.872,12.3019],[92.8487,12.3022],[92.8531,12.2923],[92.852,12.2858],[92.8539,12.2884],[92.8545,12.2886],[92.8559,12.284],[92.8558,12.2833],[92.8545,12.2815],[92.8536,12.2814],[92.8546,12.2881],[92.852,12.2855],[92.8508,12.2877],[92.8514,12.2839],[92.851,12.2832],[92.8501,12.2835],[92.8455,12.3044],[92.8319,12.2922],[92.8098,12.3135],[92.7948,12.3038],[92.7706,12.3133],[92.7667,12.2974],[92.7751,12.3014],[92.7874,12.2804],[92.763,12.2627],[92.7491,12.2743],[92.7409,12.2456],[92.751,12.233],[92.768,12.2513],[92.7748,12.2428],[92.7662,12.1517],[92.7456,12.1244],[92.7421,12.0759],[92.7594,12.0951],[92.7632,12.0639],[92.7855,12.0721],[92.8019,12.0935],[92.796,12.1014],[92.7903,12.0999],[92.7837,12.1065],[92.818,12.1138],[92.8024,12.128],[92.8172,12.126],[92.8226,12.1668],[92.8439,12.1476],[92.855,12.1588],[92.8568,12.1872],[92.8401,12.1855],[92.8441,12.2011],[92.8397,12.1993],[92.826,12.2034],[92.8282,12.209],[92.8326,12.2065],[92.834,12.211],[92.8316,12.2127],[92.8327,12.2151],[92.8356,12.2133],[92.8331,12.2057],[92.8273,12.2032],[92.8527,12.2048]]],[[[92.7289,11.142],[92.731,11.1492],[92.7254,11.1454],[92.7289,11.142]]],[[[92.7595,11.6765],[92.7659,11.6786],[92.7652,11.6806],[92.7595,11.6765]]],[[[92.726,11.6873],[92.7223,11.6866],[92.7253,11.6863],[92.726,11.6873]]],[[[92.7229,11.947],[92.7276,11.9495],[92.7319,11.9602],[92.7229,11.947]]],[[[92.7641,11.9654],[92.7516,11.9668],[92.7352,11.9522],[92.7589,11.9493],[92.7641,11.9654]]],[[[92.7428,11.9679],[92.7402,11.9655],[92.7431,11.966],[92.7428,11.9679]]],[[[92.724,11.9833],[92.7228,11.9917],[92.7217,11.983],[92.724,11.9833]]],[[[92.7395,12.1129],[92.7386,12.1106],[92.7405,12.1119],[92.7395,12.1129]]],[[[92.7532,12.1465],[92.7534,12.1412],[92.7561,12.15],[92.7532,12.1465]]],[[[92.7583,12.1648],[92.7622,12.1796],[92.7548,12.1815],[92.7584,12.177],[92.7583,12.1648]]],[[[92.7284,12.1893],[92.7288,12.1845],[92.73,12.1887],[92.7284,12.1893]]],[[[92.4291,10.5513],[92.499,10.5134],[92.5311,10.5204],[92.5692,10.5819],[92.5415,10.5948],[92.543,10.6245],[92.5821,10.6583],[92.5799,10.6827],[92.597,10.6813],[92.5864,10.7882],[92.5593,10.8155],[92.5589,10.863],[92.5203,10.8979],[92.458,10.8625],[92.4637,10.8384],[92.4274,10.8239],[92.409,10.7856],[92.385,10.792],[92.3759,10.7739],[92.3833,10.6712],[92.4205,10.6157],[92.3824,10.5385],[92.4026,10.5331],[92.4291,10.5513]]],[[[92.6075,10.9385],[92.6126,10.9276],[92.6191,10.93],[92.6075,10.9385]]],[[[92.2164,10.9749],[92.2173,10.9854],[92.2108,10.9797],[92.2164,10.9749]]],[[[92.6606,10.9922],[92.6626,10.9822],[92.6679,10.9895],[92.6606,10.9922]]],[[[92.7246,11.1426],[92.7215,11.1424],[92.7229,11.141],[92.7246,11.1426]]],[[[92.6746,11.1782],[92.6755,11.1837],[92.6738,11.19],[92.6746,11.1782]]],[[[92.6874,11.2433],[92.7048,11.2641],[92.7044,11.2899],[92.6923,11.2818],[92.6874,11.2433]]],[[[92.7076,11.2996],[92.7211,11.3337],[92.6953,11.31],[92.7076,11.2996]]],[[[92.5566,11.3966],[92.5621,11.3951],[92.5617,11.3973],[92.5566,11.3966]]],[[[92.5483,11.3976],[92.5466,11.3936],[92.5501,11.3966],[92.5483,11.3976]]],[[[92.6141,11.4513],[92.6231,11.4086],[92.5863,11.4009],[92.5884,11.3535],[92.6371,11.347],[92.6886,11.37],[92.6918,11.3874],[92.6455,11.4075],[92.684,11.4331],[92.668,11.4887],[92.6425,11.4973],[92.6353,11.5173],[92.6141,11.4513]]],[[[92.6081,11.5066],[92.6097,11.5047],[92.6144,11.5107],[92.6081,11.5066]]],[[[92.6435,11.515],[92.6432,11.5133],[92.6445,11.5145],[92.6435,11.515]]],[[[92.5674,11.5276],[92.551,11.5373],[92.5652,11.5175],[92.5674,11.5276]]],[[[92.6048,11.5331],[92.6013,11.5378],[92.6047,11.5219],[92.6048,11.5331]]],[[[92.6269,11.5468],[92.6267,11.5427],[92.6277,11.5482],[92.6269,11.5468]]],[[[92.615,11.5555],[92.6115,11.5403],[92.6056,11.551],[92.6036,11.5502],[92.6092,11.5315],[92.6173,11.5425],[92.615,11.5555]]],[[[92.5944,11.5333],[92.5914,11.5778],[92.5831,11.5489],[92.5944,11.5333]]],[[[92.2683,11.5854],[92.2039,11.5872],[92.2115,11.5302],[92.268,11.5232],[92.2683,11.5854]]],[[[92.5741,11.5649],[92.5756,11.5709],[92.5716,11.5629],[92.5741,11.5649]]],[[[92.5638,11.5687],[92.5648,11.5679],[92.5665,11.5706],[92.5638,11.5687]]],[[[92.6163,11.581],[92.6008,11.5859],[92.5996,11.5676],[92.6137,11.5631],[92.6163,11.581]]],[[[92.5435,11.5908],[92.5332,11.6028],[92.5289,11.5552],[92.5643,11.5737],[92.568,11.5898],[92.5435,11.5908]]],[[[92.5777,11.5851],[92.5765,11.5826],[92.5783,11.5834],[92.5777,11.5851]]],[[[92.7556,12.0223],[92.7775,12.0244],[92.7822,12.0484],[92.747,12.0554],[92.7564,12.0652],[92.7391,12.0738],[92.734,12.0835],[92.7336,12.1034],[92.7564,12.1769],[92.7191,12.1799],[92.704,12.1371],[92.7112,12.1728],[92.7006,12.1546],[92.697,12.162],[92.7115,12.1908],[92.6929,12.2392],[92.6809,12.192],[92.6737,12.218],[92.6551,12.1803],[92.6602,12.2151],[92.6218,12.1016],[92.6138,11.8311],[92.5994,11.8968],[92.5838,11.8601],[92.5813,11.8955],[92.5703,11.8908],[92.5799,11.9148],[92.5667,11.9168],[92.5779,11.9273],[92.5615,11.947],[92.5143,11.8484],[92.5234,11.8269],[92.5428,11.8359],[92.5362,11.8605],[92.5522,11.8495],[92.5604,11.6948],[92.5743,11.7341],[92.5923,11.7355],[92.5906,11.6693],[92.6073,11.6343],[92.6306,11.6295],[92.6317,11.6615],[92.6349,11.6401],[92.6474,11.6456],[92.6387,11.6124],[92.608,11.6209],[92.619,11.5837],[92.6165,11.5626],[92.633,11.5901],[92.6537,11.5505],[92.6461,11.5218],[92.6656,11.5048],[92.6993,11.5099],[92.7099,11.4782],[92.7554,11.6647],[92.7182,11.6821],[92.729,11.657],[92.7057,11.6421],[92.7004,11.6545],[92.6938,11.6529],[92.7019,11.6168],[92.6729,11.6068],[92.6877,11.6211],[92.661,11.6522],[92.706,11.6698],[92.7058,11.701],[92.743,11.6908],[92.7419,11.713],[92.756,11.7077],[92.7911,11.886],[92.7762,11.8978],[92.7836,11.9351],[92.7624,11.9399],[92.7649,11.9223],[92.744,11.9308],[92.7325,11.9039],[92.7422,11.896],[92.7296,11.897],[92.7417,11.8817],[92.7143,11.8206],[92.7231,11.8595],[92.7168,11.8689],[92.7022,11.8504],[92.6979,11.8658],[92.7197,11.8778],[92.6923,11.9011],[92.7031,11.9167],[92.7129,11.903],[92.6978,11.9312],[92.715,11.9426],[92.7073,11.9742],[92.7217,11.9651],[92.7309,11.9695],[92.7107,11.983],[92.7201,12.0051],[92.7383,11.9975],[92.7338,11.9772],[92.7535,11.9827],[92.7419,11.9954],[92.7683,11.9969],[92.7665,12.0116],[92.7514,12.0026],[92.749,12.0193],[92.7301,12.0149],[92.722,12.0262],[92.737,12.0302],[92.7251,12.0371],[92.7269,12.045],[92.7556,12.0223]]],[[[92.5951,11.9064],[92.5994,11.9161],[92.5992,11.9184],[92.5945,11.9153],[92.5951,11.9064]]],[[[92.6023,11.9347],[92.6031,11.9292],[92.6046,11.9355],[92.6023,11.9347]]],[[[92.6995,11.6593],[92.6967,11.6642],[92.692,11.6609],[92.6995,11.6593]]],[[[92.7235,11.91],[92.7158,11.9332],[92.7175,11.9027],[92.7235,11.91]]],[[[92.7229,11.9548],[92.7217,11.9515],[92.7243,11.9535],[92.7229,11.9548]]],[[[92.6786,12.2193],[92.6816,12.2148],[92.6814,12.224],[92.6786,12.2193]]],[[[92.7307,12.2337],[92.7222,12.1885],[92.7283,12.1979],[92.7324,12.1847],[92.7628,12.1831],[92.7606,12.229],[92.7523,12.2178],[92.7387,12.2364],[92.7437,12.2231],[92.7438,12.2115],[92.7421,12.2049],[92.7307,12.2337]]],[[[92.7485,12.2886],[92.7339,12.257],[92.7336,12.2465],[92.7485,12.2886]]],[[[92.7644,12.2676],[92.7671,12.2852],[92.7619,12.2943],[92.752,12.278],[92.7644,12.2676]]],[[[92.7337,12.2884],[92.7347,12.2801],[92.7361,12.293],[92.7337,12.2884]]],[[[92.8605,12.2461],[92.8663,12.2358],[92.8638,12.2509],[92.8605,12.2461]]],[[[92.8806,12.2495],[92.879,12.2455],[92.8804,12.2453],[92.8806,12.2495]]],[[[92.7658,12.2902],[92.7692,12.2907],[92.7698,12.2952],[92.7658,12.2902]]],[[[92.8776,12.2982],[92.8773,12.2946],[92.8788,12.298],[92.8776,12.2982]]],[[[92.8645,12.3033],[92.8636,12.3055],[92.8628,12.3035],[92.8645,12.3033]]],[[[92.8707,12.3289],[92.8572,12.3355],[92.8568,12.3402],[92.8562,12.3335],[92.8548,12.3322],[92.8582,12.33],[92.8569,12.3285],[92.8609,12.3239],[92.86,12.3203],[92.8616,12.3213],[92.8603,12.3193],[92.8558,12.3181],[92.8559,12.3148],[92.8998,12.3237],[92.886,12.3325],[92.8707,12.3289]]],[[[92.888,12.4055],[92.8541,12.4095],[92.8425,12.4013],[92.8837,12.3766],[92.888,12.4055]]],[[[92.8432,12.4182],[92.8453,12.4158],[92.8444,12.4182],[92.8432,12.4182]]],[[[92.7518,12.2929],[92.7537,12.2943],[92.7522,12.2946],[92.7518,12.2929]]],[[[92.7625,12.2976],[92.7646,12.2973],[92.7647,12.2996],[92.7625,12.2976]]],[[[92.7248,12.6541],[92.7261,12.6549],[92.725,12.6557],[92.7248,12.6541]]],[[[92.7288,12.7304],[92.7217,12.7378],[92.7269,12.7273],[92.7288,12.7304]]],[[[92.6951,12.246],[92.6981,12.2437],[92.6963,12.2504],[92.6951,12.246]]],[[[92.7217,12.2568],[92.7232,12.2542],[92.7238,12.2563],[92.7217,12.2568]]],[[[92.7153,12.2962],[92.7034,12.3],[92.6987,12.2752],[92.7097,12.2298],[92.7153,12.2962]]],[[[92.684,12.5394],[92.668,12.5348],[92.6771,12.5219],[92.684,12.5394]]],[[[92.6079,11.9435],[92.5875,11.9768],[92.5977,11.9283],[92.6079,11.9435]]],[[[92.5829,11.979],[92.5816,11.9826],[92.5799,11.9781],[92.5829,11.979]]],[[[92.6544,12.7733],[92.6541,12.7705],[92.6552,12.7743],[92.6544,12.7733]]],[[[92.6678,12.9513],[92.666,12.9503],[92.6682,12.9496],[92.6678,12.9513]]],[[[92.7233,12.6204],[92.7224,12.6231],[92.7199,12.6188],[92.7233,12.6204]]],[[[92.7021,12.6403],[92.7003,12.639],[92.7016,12.6387],[92.7021,12.6403]]],[[[92.7133,12.6843],[92.7094,12.6952],[92.7097,12.6806],[92.7133,12.6843]]],[[[92.7214,12.6915],[92.7197,12.6968],[92.7164,12.6859],[92.7214,12.6915]]],[[[92.7089,12.8289],[92.6934,12.7978],[92.7163,12.7193],[92.717,12.7565],[92.7246,12.7485],[92.711,12.7773],[92.7089,12.8289]]],[[[92.7237,12.7622],[92.719,12.7846],[92.7163,12.7883],[92.7237,12.7622]]],[[[92.7173,12.8354],[92.7191,12.8652],[92.7084,12.8336],[92.7173,12.8354]]],[[[92.7209,12.8963],[92.7212,12.9447],[92.7139,12.9429],[92.7095,12.9462],[92.719,12.9811],[92.6901,12.9917],[92.6683,12.9606],[92.6787,12.9423],[92.6469,12.8619],[92.6671,12.7832],[92.6878,12.8171],[92.6708,12.8378],[92.6998,12.8408],[92.7185,12.8756],[92.7077,12.8836],[92.7039,12.8771],[92.7015,12.8778],[92.7209,12.8963]]],[[[92.858,12.4178],[92.8681,12.4143],[92.8676,12.4203],[92.858,12.4178]]],[[[92.8415,12.4212],[92.8288,12.4262],[92.8417,12.4161],[92.8415,12.4212]]],[[[92.8395,12.4035],[92.8164,12.41],[92.8155,12.4166],[92.8153,12.4134],[92.8102,12.41],[92.8064,12.4101],[92.804,12.4114],[92.8049,12.4102],[92.8034,12.4046],[92.7989,12.4009],[92.8039,12.4119],[92.8155,12.4172],[92.8336,12.4104],[92.8147,12.4251],[92.8299,12.4281],[92.7884,12.4358],[92.7885,12.4531],[92.798,12.4642],[92.7781,12.4603],[92.7716,12.4713],[92.788,12.4675],[92.7851,12.4753],[92.7902,12.4833],[92.7994,12.4645],[92.7956,12.4381],[92.8193,12.4351],[92.8157,12.4357],[92.81,12.4429],[92.8161,12.4449],[92.8122,12.4461],[92.8112,12.449],[92.8156,12.4548],[92.8213,12.4342],[92.8353,12.4309],[92.8286,12.4422],[92.8358,12.4438],[92.8454,12.4236],[92.8591,12.4243],[92.8568,12.4279],[92.856,12.4343],[92.8593,12.437],[92.8738,12.4137],[92.8845,12.4314],[92.8854,12.4222],[92.8985,12.4171],[92.8843,12.4363],[92.8392,12.4646],[92.8346,12.4803],[92.833,12.4696],[92.8254,12.4722],[92.8332,12.4817],[92.8406,12.4766],[92.8403,12.4716],[92.8421,12.4795],[92.8346,12.486],[92.8337,12.4886],[92.8244,12.4824],[92.8156,12.4869],[92.8244,12.4831],[92.8326,12.4894],[92.8339,12.4889],[92.8353,12.4868],[92.8366,12.4914],[92.8231,12.4987],[92.8222,12.5004],[92.8354,12.5014],[92.8532,12.4575],[92.8518,12.4679],[92.8543,12.4718],[92.8754,12.4468],[92.8851,12.4565],[92.8802,12.4561],[92.8778,12.4582],[92.881,12.4646],[92.8784,12.4672],[92.8799,12.4715],[92.886,12.4567],[92.8769,12.445],[92.8957,12.4495],[92.8847,12.4605],[92.8851,12.4613],[92.8872,12.4614],[92.8879,12.4642],[92.8983,12.4525],[92.8954,12.448],[92.8842,12.4419],[92.8968,12.4387],[92.9142,12.4067],[92.9223,12.4353],[92.9088,12.4382],[92.9122,12.4508],[92.9377,12.4482],[92.9572,12.4732],[92.9213,12.465],[92.9189,12.4698],[92.9192,12.4729],[92.9152,12.4732],[92.9147,12.4778],[92.9116,12.4712],[92.9089,12.4697],[92.9069,12.4694],[92.9083,12.4686],[92.9075,12.4674],[92.9055,12.4708],[92.9136,12.476],[92.9121,12.4785],[92.908,12.4753],[92.9064,12.4776],[92.908,12.4755],[92.9118,12.4789],[92.9192,12.4764],[92.9179,12.4784],[92.9198,12.4833],[92.9175,12.4815],[92.9137,12.4839],[92.9136,12.487],[92.9202,12.4831],[92.9208,12.4662],[92.9326,12.4678],[92.9262,12.489],[92.9377,12.4822],[92.9459,12.4999],[92.9627,12.4879],[92.9666,12.5],[92.9494,12.5064],[92.9737,12.5412],[92.9541,12.5722],[92.9566,12.6201],[92.953,12.6002],[92.9411,12.6265],[92.9561,12.6249],[92.9564,12.6972],[92.9792,12.7097],[92.9479,12.7702],[92.9261,12.7747],[92.9521,12.8081],[92.9463,12.8371],[92.9321,12.8337],[92.9363,12.8203],[92.9209,12.8302],[92.9396,12.8554],[92.9258,12.8584],[92.9242,12.8839],[92.9057,12.8867],[92.9221,12.9155],[92.9011,12.9109],[92.8966,12.9269],[92.8957,12.898],[92.8716,12.8928],[92.8736,12.8812],[92.8407,12.8754],[92.8386,12.8785],[92.8412,12.891],[92.8293,12.8847],[92.8104,12.8973],[92.7899,12.8895],[92.8044,12.861],[92.7924,12.8636],[92.7946,12.8629],[92.7956,12.8605],[92.7966,12.861],[92.7981,12.8602],[92.7987,12.8593],[92.7975,12.8574],[92.8002,12.8569],[92.8015,12.8515],[92.7999,12.8485],[92.7813,12.8599],[92.7852,12.8324],[92.7814,12.8097],[92.7886,12.8288],[92.8,12.8127],[92.7919,12.7936],[92.7891,12.8148],[92.7807,12.8079],[92.7926,12.7747],[92.7828,12.7634],[92.7859,12.7865],[92.7789,12.7994],[92.7788,12.8247],[92.772,12.8309],[92.7725,12.8426],[92.7657,12.8191],[92.7529,12.8192],[92.7557,12.8473],[92.7423,12.8208],[92.7388,12.8372],[92.7375,12.8045],[92.7303,12.8364],[92.722,12.8261],[92.72,12.7976],[92.7309,12.8018],[92.7388,12.7911],[92.7375,12.7793],[92.7309,12.7977],[92.7197,12.7904],[92.7294,12.7444],[92.7456,12.723],[92.7318,12.675],[92.7747,12.6812],[92.7761,12.7356],[92.7968,12.6753],[92.7868,12.6676],[92.7984,12.6596],[92.7798,12.6534],[92.7858,12.6248],[92.7787,12.5802],[92.7782,12.6382],[92.7753,12.6309],[92.7617,12.6249],[92.7782,12.6413],[92.773,12.6706],[92.7326,12.6573],[92.7351,12.639],[92.7223,12.6155],[92.7197,12.6186],[92.7176,12.6438],[92.7024,12.6049],[92.6838,12.6092],[92.7067,12.5957],[92.7125,12.5445],[92.693,12.5161],[92.708,12.4926],[92.6972,12.3893],[92.7099,12.3103],[92.754,12.2966],[92.7702,12.3339],[92.7784,12.3133],[92.8096,12.3158],[92.8312,12.3029],[92.8335,12.3087],[92.8472,12.3085],[92.8546,12.3196],[92.8599,12.3193],[92.8565,12.3284],[92.8544,12.3268],[92.8512,12.3262],[92.8506,12.3276],[92.8492,12.3266],[92.848,12.3283],[92.8473,12.326],[92.8451,12.327],[92.8453,12.329],[92.8425,12.3266],[92.8316,12.3357],[92.854,12.327],[92.8578,12.3297],[92.8554,12.3306],[92.8545,12.3325],[92.8568,12.3406],[92.8592,12.3355],[92.8594,12.3421],[92.8476,12.3437],[92.8568,12.3454],[92.8712,12.3301],[92.8864,12.335],[92.878,12.3333],[92.873,12.3354],[92.8793,12.345],[92.8987,12.3339],[92.8831,12.3572],[92.8444,12.3633],[92.8591,12.3704],[92.8421,12.392],[92.8446,12.3879],[92.8398,12.3908],[92.8419,12.3871],[92.8412,12.3855],[92.8228,12.3744],[92.8199,12.3793],[92.8298,12.3786],[92.8406,12.3855],[92.8387,12.39],[92.8397,12.3913],[92.8413,12.3916],[92.8343,12.3948],[92.8352,12.3918],[92.8341,12.3938],[92.8309,12.3911],[92.8292,12.3921],[92.8322,12.4008],[92.8274,12.3944],[92.8245,12.3936],[92.8217,12.3961],[92.8218,12.3911],[92.8194,12.3893],[92.8214,12.4025],[92.8395,12.4035]]],[[[92.7833,12.8246],[92.7794,12.8619],[92.7689,12.8633],[92.7833,12.8246]]],[[[92.7238,12.8357],[92.7258,12.8342],[92.7262,12.839],[92.7238,12.8357]]],[[[92.765,12.8364],[92.7654,12.8498],[92.7597,12.8599],[92.765,12.8364]]],[[[92.7285,12.8549],[92.7301,12.8569],[92.7281,12.8559],[92.7285,12.8549]]],[[[92.7647,12.8556],[92.7645,12.8733],[92.7599,12.8686],[92.7647,12.8556]]],[[[92.7811,12.8916],[92.791,12.8913],[92.788,12.8933],[92.7811,12.8916]]],[[[92.7919,12.8923],[92.7903,12.9167],[92.7736,12.9061],[92.7919,12.8923]]],[[[92.7503,12.8967],[92.7485,12.8914],[92.7515,12.8915],[92.7503,12.8967]]],[[[92.7528,12.8896],[92.7567,12.9057],[92.7539,12.9146],[92.7545,12.9003],[92.7528,12.8896]]],[[[92.7603,12.9278],[92.7654,12.9322],[92.7602,12.9371],[92.7603,12.9278]]],[[[92.7289,13.0947],[92.7274,13.0909],[92.7308,13.0951],[92.7289,13.0947]]],[[[92.671,12.9499],[92.6692,12.9489],[92.6717,12.9485],[92.671,12.9499]]],[[[92.6706,12.9502],[92.6701,12.9525],[92.6687,12.9506],[92.6706,12.9502]]],[[[92.6686,12.9532],[92.6684,12.9562],[92.6665,12.9534],[92.6686,12.9532]]],[[[92.7194,13.0962],[92.6953,13.0964],[92.6998,13.0712],[92.7079,13.0886],[92.7194,13.0962]]],[[[92.7612,12.9219],[92.7661,12.9211],[92.7653,12.9265],[92.7612,12.9219]]],[[[92.8845,12.9241],[92.8582,12.9298],[92.8639,12.9179],[92.8845,12.9241]]],[[[92.7754,12.9276],[92.7688,12.9288],[92.7716,12.9176],[92.7754,12.9276]]],[[[92.7943,13.1683],[92.7931,13.1711],[92.7927,13.1693],[92.7943,13.1683]]],[[[92.8176,13.4164],[92.8112,13.4198],[92.8131,13.4038],[92.8176,13.4164]]],[[[92.8432,13.4342],[92.8246,13.4391],[92.8215,13.4217],[92.8341,13.4206],[92.8432,13.4342]]],[[[92.8728,13.5062],[92.8654,13.5053],[92.8702,13.5024],[92.8728,13.5062]]],[[[92.8767,13.5377],[92.8735,13.5411],[92.8746,13.5356],[92.8767,13.5377]]],[[[92.9164,12.3491],[92.9095,12.3519],[92.9095,12.3382],[92.9164,12.3491]]],[[[92.9548,12.4325],[92.9246,12.4043],[92.9175,12.3743],[92.9299,12.3587],[92.9548,12.4325]]],[[[92.8964,12.4108],[92.8984,12.4094],[92.8973,12.4121],[92.8964,12.4108]]],[[[92.898,12.4219],[92.9031,12.4235],[92.899,12.4262],[92.898,12.4219]]],[[[93.026,12.2799],[93.0254,12.2745],[93.0282,12.2799],[93.026,12.2799]]],[[[93.0734,12.3254],[93.0717,12.3283],[93.0638,12.3257],[93.0734,12.3254]]],[[[92.9863,13.0008],[92.9858,12.9988],[92.9882,13.0004],[92.9863,13.0008]]],[[[93.057,13.2255],[93.0589,13.2225],[93.0576,13.2265],[93.057,13.2255]]],[[[92.8928,12.8981],[92.8913,12.8993],[92.8905,12.8975],[92.8928,12.8981]]],[[[92.9095,12.9157],[92.9082,12.9143],[92.9106,12.9167],[92.9095,12.9157]]],[[[92.9337,12.9112],[92.9343,12.9204],[92.9287,12.9171],[92.9337,12.9112]]],[[[92.8885,12.9349],[92.8914,12.9376],[92.8889,12.9379],[92.8885,12.9349]]],[[[92.9691,12.9452],[92.9574,12.9491],[92.95,12.9406],[92.9691,12.9452]]],[[[93.0027,12.9931],[92.9844,12.9941],[92.9716,12.9665],[92.9597,12.9889],[92.9509,12.9807],[92.9781,12.9331],[92.9863,12.9566],[92.9694,12.9624],[93.0027,12.9931]]],[[[92.941,12.9968],[92.9217,13.0294],[92.915,13.0118],[92.941,12.9968]]],[[[92.9131,13.0432],[92.9179,13.041],[92.916,13.0483],[92.9131,13.0432]]],[[[92.9307,13.0529],[92.9317,13.0496],[92.9323,13.0518],[92.9307,13.0529]]],[[[92.9134,13.0611],[92.9163,13.0583],[92.9159,13.0627],[92.9134,13.0611]]],[[[92.9125,13.0653],[92.9136,13.0625],[92.9129,13.0674],[92.9125,13.0653]]],[[[92.9661,13.544],[92.9131,13.5264],[92.927,13.5215],[92.9237,13.5092],[92.9331,13.4992],[92.9317,13.472],[92.9176,13.5011],[92.894,13.4734],[92.8707,13.4725],[92.8725,13.4471],[92.8986,13.4288],[92.8674,13.4186],[92.8785,13.4118],[92.8796,13.3973],[92.8967,13.4126],[92.8886,13.3955],[92.8931,13.3962],[92.899,13.3914],[92.8988,13.3894],[92.9038,13.3947],[92.915,13.3823],[92.9175,13.3866],[92.9211,13.3887],[92.9209,13.3902],[92.9242,13.3902],[92.9241,13.3954],[92.926,13.3952],[92.9237,13.3848],[92.9178,13.3863],[92.9153,13.3821],[92.9062,13.3826],[92.9024,13.3906],[92.8984,13.3889],[92.8985,13.3913],[92.8887,13.3948],[92.886,13.3985],[92.8803,13.3889],[92.8709,13.4126],[92.8645,13.4004],[92.846,13.4114],[92.8412,13.3918],[92.8693,13.391],[92.8519,13.3591],[92.8382,13.3744],[92.8224,13.3112],[92.8411,13.308],[92.8225,13.2721],[92.8515,13.2611],[92.8558,13.2198],[92.8487,13.2086],[92.8544,13.2099],[92.8619,13.2068],[92.8636,13.1963],[92.8555,13.1908],[92.8577,13.1884],[92.8586,13.1926],[92.8605,13.192],[92.8629,13.185],[92.8602,13.1919],[92.8578,13.1878],[92.8552,13.1909],[92.8611,13.2065],[92.854,13.2092],[92.8491,13.2076],[92.848,13.2088],[92.8528,13.2354],[92.831,13.243],[92.8178,13.1845],[92.8344,13.1755],[92.8389,13.1655],[92.8373,13.1624],[92.8436,13.1633],[92.8444,13.1626],[92.8443,13.1614],[92.8481,13.1631],[92.849,13.1613],[92.8481,13.1629],[92.8442,13.161],[92.837,13.1622],[92.8275,13.174],[92.8268,13.1636],[92.8243,13.1613],[92.8191,13.1623],[92.827,13.1675],[92.8144,13.1743],[92.8086,13.1535],[92.8482,13.1504],[92.847,13.1184],[92.8196,13.1338],[92.8105,13.1226],[92.8155,13.115],[92.8235,13.1161],[92.8291,13.109],[92.8044,13.0874],[92.8184,13.0751],[92.808,13.072],[92.8006,13.0916],[92.7926,13.0908],[92.7893,13.0156],[92.8141,13.0076],[92.8125,13.022],[92.8203,13.0123],[92.8258,13.0178],[92.829,13.0162],[92.8314,13.0206],[92.8336,13.0211],[92.8348,13.0192],[92.8349,13.0223],[92.8369,13.0231],[92.8294,13.0015],[92.8067,12.9991],[92.8169,12.9901],[92.8216,12.9827],[92.8219,12.9771],[92.7937,12.9875],[92.7933,12.9142],[92.8285,12.8865],[92.8406,12.8926],[92.8433,12.8877],[92.8412,12.877],[92.8725,12.8839],[92.8683,12.8899],[92.8751,12.9059],[92.8472,12.9125],[92.8586,12.9177],[92.8557,12.9336],[92.852,12.9341],[92.8505,12.9301],[92.8458,12.9296],[92.8442,12.9304],[92.845,12.9318],[92.8441,12.931],[92.8427,12.9333],[92.856,12.9355],[92.8424,12.9441],[92.8403,12.9499],[92.8456,12.9514],[92.842,12.9525],[92.8424,12.9567],[92.87,12.9349],[92.8955,12.9959],[92.9097,12.9473],[92.9368,12.9748],[92.9241,12.9764],[92.9296,12.9896],[92.9133,12.9841],[92.8941,13.0112],[92.9061,13.0044],[92.8951,13.0182],[92.9123,13.0548],[92.8969,13.0583],[92.8863,13.044],[92.8724,13.0436],[92.8694,13.0548],[92.8665,13.0526],[92.8698,13.0513],[92.8689,13.0468],[92.8633,13.0438],[92.8599,13.0657],[92.8544,13.0631],[92.8498,13.0635],[92.8506,13.0552],[92.8435,13.0508],[92.8414,13.0601],[92.8492,13.055],[92.8493,13.0639],[92.8594,13.0665],[92.8576,13.0706],[92.8475,13.0735],[92.846,13.0753],[92.8578,13.08],[92.8856,13.0455],[92.8949,13.0588],[92.9119,13.0669],[92.8854,13.0924],[92.8888,13.1073],[92.8838,13.1064],[92.8815,13.1079],[92.8807,13.105],[92.8766,13.1022],[92.873,13.1036],[92.8811,13.1085],[92.8886,13.1081],[92.875,13.1358],[92.8893,13.1137],[92.8922,13.101],[92.887,13.0934],[92.8985,13.0958],[92.9218,13.057],[92.9246,13.0582],[92.9246,13.066],[92.9285,13.0727],[92.9341,13.0622],[92.9334,13.1095],[92.9447,13.1224],[92.9371,13.0699],[92.9414,13.0647],[92.9463,13.0694],[92.9494,13.0678],[92.9502,13.0702],[92.9536,13.0728],[92.9558,13.073],[92.9565,13.0658],[92.933,13.0466],[92.9538,13.0192],[92.9707,13.0128],[92.9745,13.0144],[92.964,13.0386],[93.0022,13.029],[93.0333,13.0819],[93.0308,13.1782],[93.0644,13.2713],[93.0433,13.2544],[93.0451,13.282],[93.0358,13.2632],[93.0283,13.2813],[93.0108,13.2769],[93.02,13.2978],[93.0019,13.304],[93.001,13.2991],[92.9975,13.2948],[92.9862,13.2993],[93.0,13.2884],[93.0049,13.2698],[93.0009,13.265],[92.9931,13.2918],[92.9866,13.2907],[92.9864,13.2901],[92.9903,13.2887],[92.9905,13.288],[92.9863,13.2898],[92.9835,13.2826],[92.98,13.2808],[92.9784,13.2835],[92.9766,13.2819],[92.9738,13.282],[92.9733,13.2835],[92.9968,13.3151],[92.9642,13.3286],[92.9608,13.3208],[92.948,13.3192],[92.9612,13.3231],[92.9496,13.3618],[92.9726,13.3596],[92.9845,13.3281],[93.0026,13.3544],[93.0394,13.3519],[93.0241,13.3577],[93.0397,13.3688],[93.0139,13.3708],[93.0161,13.3755],[93.0086,13.3794],[93.002,13.3883],[93.003,13.3919],[93.001,13.3923],[92.9997,13.3932],[92.9989,13.396],[93.0247,13.3733],[93.0674,13.3972],[93.0603,13.421],[93.0444,13.4033],[93.0381,13.4277],[93.0077,13.4333],[93.0166,13.4291],[93.0129,13.4223],[93.0075,13.4184],[92.9991,13.4361],[92.9922,13.4329],[92.9903,13.4265],[92.9896,13.4263],[92.9887,13.4275],[92.9915,13.431],[92.9904,13.4358],[92.9914,13.4384],[93.0334,13.4356],[93.0311,13.4573],[93.0113,13.4534],[93.0048,13.4634],[93.0314,13.4649],[93.0395,13.492],[93.0268,13.5787],[93.0131,13.5393],[92.9863,13.5725],[92.9844,13.5274],[92.9661,13.544]]],[[[93.0594,13.2284],[93.0603,13.2249],[93.0607,13.2278],[93.0594,13.2284]]],[[[93.0721,13.2983],[93.0723,13.3034],[93.0693,13.3002],[93.0721,13.2983]]],[[[93.0115,13.3015],[93.0076,13.321],[92.9962,13.3003],[93.0022,13.3044],[93.0115,13.3015]]],[[[93.0208,13.304],[93.0159,13.328],[93.0136,13.3088],[93.0208,13.304]]],[[[93.0071,13.3371],[93.0063,13.3356],[93.008,13.3366],[93.0071,13.3371]]],[[[93.013,13.3373],[93.0144,13.3392],[93.0127,13.3387],[93.013,13.3373]]],[[[93.0172,13.3368],[93.0196,13.344],[93.0176,13.3457],[93.0172,13.3368]]],[[[93.0574,13.3749],[93.0361,13.3722],[93.0494,13.3656],[93.0382,13.362],[93.0456,13.3483],[93.0386,13.3229],[93.0591,13.3301],[93.0639,13.3043],[93.0885,13.3361],[93.0574,13.3749]]],[[[93.0728,13.3653],[93.0763,13.3641],[93.0743,13.3661],[93.0728,13.3653]]],[[[93.06,13.3847],[93.061,13.3838],[93.0623,13.3864],[93.06,13.3847]]],[[[93.0688,13.4133],[93.0712,13.4311],[93.066,13.4227],[93.0688,13.4133]]],[[[93.0863,13.4164],[93.09,13.4106],[93.0921,13.4197],[93.0863,13.4164]]],[[[93.0936,13.4198],[93.0903,13.4119],[93.0912,13.4113],[93.0936,13.4198]]],[[[93.1009,13.435],[93.0954,13.4378],[93.1019,13.4306],[93.1009,13.435]]],[[[92.9646,13.3363],[92.9655,13.3324],[92.9674,13.3377],[92.9646,13.3363]]],[[[92.9163,13.5078],[92.9149,13.5144],[92.9132,13.5073],[92.9163,13.5078]]],[[[92.9063,13.5371],[92.9061,13.5309],[92.9114,13.5344],[92.9063,13.5371]]],[[[92.8836,13.575],[92.895,13.6014],[92.8896,13.5979],[92.8836,13.575]]],[[[93.0521,13.5657],[93.0525,13.5601],[93.0555,13.5662],[93.0521,13.5657]]],[[[92.9998,13.5727],[93.0001,13.5686],[93.0022,13.5712],[92.9998,13.5727]]],[[[93.0456,13.6214],[93.0561,13.654],[93.0423,13.638],[93.0456,13.6214]]],[[[93.0211,13.6724],[93.0115,13.6571],[92.976,13.6538],[93.0121,13.6491],[93.0277,13.6286],[93.0211,13.6724]]]]}},{"type":"Feature","properties":{"name":"Andhra Pradesh","level":"state"},"geometry":{"type":"MultiPolygon","coordinates":[[[[80.9281,15.7153],[80.9301,15.7157],[80.9312,15.7179],[80.9281,15.7153]]],[[[80.8118,15.7305],[80.8133,15.7307],[80.8117,15.7332],[80.8118,15.7305]]],[[[80.794,15.7701],[80.7925,15.7704],[80.7928,15.769],[80.794,15.7701]]],[[[80.7903,15.8285],[80.7924,15.8303],[80.7896,15.8323],[80.7903,15.8285]]],[[[80.7882,15.8371],[80.7892,15.8393],[80.7874,15.8428],[80.7882,15.8371]]],[[[81.006,15.7911],[81.0076,15.7916],[81.008,15.7957],[81.006,15.7911]]],[[[81.0084,15.799],[81.0122,15.8138],[81.0052,15.8163],[81.0084,15.799]]],[[[80.7878,15.8528],[80.7835,15.8547],[80.7874,15.8448],[80.7878,15.8528]]],[[[80.7783,15.8636],[80.7753,15.8634],[80.7839,15.8578],[80.7783,15.8636]]],[[[80.2683,13.5645],[80.2339,13.6571],[80.254,13.7904],[80.1521,14.0259],[80.1272,14.1502],[80.196,14.5865],[80.0972,14.7806],[80.047,15.0806],[80.1113,15.3456],[80.2062,15.4734],[80.2382,15.6024],[80.2842,15.6882],[80.3456,15.7516],[80.4286,15.8051],[80.5365,15.8527],[80.6806,15.8858],[80.7744,15.8677],[80.807,15.8408],[80.8157,15.8113],[80.8009,15.8062],[80.7796,15.8357],[80.8111,15.7648],[80.8223,15.7108],[80.8114,15.7274],[80.8102,15.7356],[80.7912,15.754],[80.7903,15.7691],[80.7996,15.7772],[80.7904,15.7702],[80.7884,15.7576],[80.8215,15.7097],[80.928,15.722],[80.9393,15.7168],[81.0085,15.7545],[81.0009,15.8324],[81.0029,15.8225],[81.0069,15.821],[81.0149,15.851],[81.148,15.9741],[81.1455,16.0133],[81.1913,16.1032],[81.2137,16.2076],[81.265,16.2785],[81.3053,16.3039],[81.3924,16.3427],[81.4872,16.3554],[81.6906,16.3278],[81.7208,16.3069],[81.8497,16.3732],[81.9563,16.3961],[82.233,16.5417],[82.3137,16.5588],[82.33,16.6128],[82.3172,16.662],[82.3659,16.7068],[82.3484,16.7162],[82.3442,16.7478],[82.3662,16.8785],[82.3602,16.9589],[82.3261,16.9912],[82.3586,16.9407],[82.3549,16.8513],[82.3326,16.8638],[82.3142,16.846],[82.3034,16.8738],[82.2655,16.8704],[82.2587,16.889],[82.2483,16.8761],[82.2482,16.9305],[82.2779,16.9508],[82.2877,17.013],[82.3195,17.0574],[82.4562,17.1854],[82.5939,17.2814],[82.992,17.4725],[83.0204,17.507],[83.2129,17.591],[83.2947,17.6749],[83.2968,17.6937],[83.3468,17.7263],[83.3544,17.7557],[83.4114,17.8099],[83.4179,17.8541],[83.6055,18.037],[83.7497,18.1289],[84.1285,18.3134],[84.1484,18.3738],[84.3547,18.555],[84.3683,18.5932],[84.4398,18.6596],[84.4696,18.7145],[84.5515,18.7906],[84.6036,18.8898],[84.7439,19.045],[84.7647,19.0773],[84.7007,19.1188],[84.7079,19.1606],[84.6688,19.1669],[84.6652,19.1307],[84.5934,19.1333],[84.6234,19.0858],[84.6569,19.0953],[84.6687,19.0772],[84.659,19.0639],[84.6162,19.0668],[84.5992,19.0262],[84.5796,19.031],[84.5708,19.0746],[84.5143,19.0494],[84.474,18.9903],[84.419,19.0229],[84.45,18.9786],[84.4222,18.9484],[84.436,18.9218],[84.4263,18.9102],[84.4169,18.919],[84.416,18.8985],[84.3768,18.9054],[84.3954,18.8919],[84.3901,18.8775],[84.3581,18.8956],[84.3822,18.8754],[84.3723,18.8627],[84.3307,18.883],[84.3332,18.8603],[84.3629,18.84],[84.3288,18.8189],[84.3425,18.803],[84.319,18.788],[84.2869,18.8049],[84.2577,18.784],[84.2243,18.7997],[84.1879,18.7786],[84.1615,18.7902],[84.1356,18.7625],[84.0892,18.7585],[84.0365,18.8173],[83.9482,18.8061],[83.9138,18.8289],[83.8912,18.8154],[83.8461,18.8689],[83.8459,18.9134],[83.8267,18.9161],[83.7927,19.0189],[83.7456,18.9967],[83.757,18.9516],[83.7677,18.9557],[83.7859,18.9168],[83.7534,18.9263],[83.7331,18.9875],[83.7096,19.0025],[83.7301,19.0218],[83.7002,19.0253],[83.6611,19.081],[83.6551,19.1295],[83.6367,19.1327],[83.6241,19.1636],[83.5972,19.1311],[83.6087,19.097],[83.5837,19.0875],[83.5825,19.0589],[83.5616,19.0609],[83.5603,19.0869],[83.5471,19.0814],[83.5556,19.0571],[83.5353,19.0117],[83.501,19.0205],[83.4966,19.0353],[83.5194,19.0389],[83.5118,19.0701],[83.4989,19.0627],[83.4835,19.0921],[83.4661,19.094],[83.4765,19.0802],[83.4604,19.0647],[83.4814,19.0345],[83.4778,19.0094],[83.4481,19.0108],[83.4659,18.992],[83.4599,18.9557],[83.3987,19.0103],[83.3707,19.0032],[83.341,19.019],[83.3369,18.9979],[83.3088,18.9998],[83.3328,18.9694],[83.3321,18.9265],[83.3484,18.9263],[83.3509,18.9668],[83.366,18.963],[83.3694,18.9436],[83.3505,18.9445],[83.3517,18.9309],[83.3667,18.9093],[83.3915,18.9085],[83.3764,18.8979],[83.4128,18.8745],[83.4039,18.8433],[83.3775,18.8318],[83.3639,18.8441],[83.3288,18.8072],[83.2827,18.7988],[83.2695,18.7653],[83.2227,18.776],[83.2106,18.7315],[83.2047,18.7524],[83.1372,18.7863],[83.0709,18.7065],[83.0562,18.6663],[83.0113,18.647],[82.999,18.6086],[83.0238,18.5897],[83.051,18.6002],[83.0279,18.5745],[83.0431,18.5454],[83.0932,18.5476],[83.0191,18.4572],[83.0407,18.4252],[83.0654,18.431],[83.0556,18.4203],[83.0753,18.4041],[83.0527,18.3807],[83.0202,18.3924],[82.9687,18.3607],[82.938,18.3616],[82.8942,18.3816],[82.895,18.4241],[82.8511,18.421],[82.8014,18.45],[82.7804,18.4315],[82.7978,18.4075],[82.7725,18.3412],[82.665,18.2988],[82.6409,18.3028],[82.6508,18.2508],[82.636,18.2375],[82.5861,18.2768],[82.5969,18.3049],[82.5796,18.3159],[82.6072,18.3279],[82.602,18.3523],[82.6212,18.3597],[82.5948,18.3893],[82.5355,18.4062],[82.5614,18.4485],[82.5407,18.4584],[82.5385,18.4445],[82.5194,18.4656],[82.5342,18.4778],[82.5321,18.511],[82.5029,18.5144],[82.4811,18.5494],[82.3625,18.4223],[82.3838,18.3682],[82.3365,18.3274],[82.3542,18.3167],[82.3873,18.3292],[82.3906,18.2987],[82.3748,18.2814],[82.343,18.2813],[82.3227,18.232],[82.3354,18.225],[82.3092,18.2048],[82.3138,18.1848],[82.3707,18.1489],[82.3616,18.1356],[82.3381,18.1506],[82.3341,18.1066],[82.3501,18.0773],[82.3391,18.0555],[82.3206,18.0606],[82.3065,18.0456],[82.3027,18.0689],[82.2897,18.0696],[82.2599,18.0426],[82.2645,17.9956],[82.1859,18.0159],[82.1672,18.0527],[82.1355,18.0447],[82.1318,18.0606],[82.075,18.0759],[82.0599,18.0562],[82.0307,18.07],[82.0057,18.057],[82.0077,18.0308],[81.9622,18.001],[81.8082,17.9564],[81.7259,17.8791],[81.7104,17.8739],[81.7009,17.9028],[81.6716,17.8881],[81.6172,17.8231],[81.5744,17.8388],[81.4923,17.8127],[81.4766,17.8385],[81.4358,17.8327],[81.4169,17.814],[81.3961,17.82],[81.3933,17.7947],[81.3545,17.8133],[81.2654,17.8111],[81.1661,17.8577],[81.094,17.8093],[81.0856,17.7981],[81.1043,17.7721],[81.0582,17.7331],[80.9913,17.75],[80.9734,17.7802],[80.9279,17.7618],[80.8855,17.7357],[80.8858,17.6813],[80.905,17.6774],[80.9111,17.6381],[80.8615,17.6343],[80.8554,17.6019],[80.9694,17.5981],[81.0199,17.5201],[81.0976,17.5043],[81.1273,17.5265],[81.1421,17.4886],[81.1597,17.4844],[81.1483,17.4637],[81.1755,17.4637],[81.1723,17.4491],[81.1933,17.4357],[81.2053,17.4496],[81.3124,17.4088],[81.3226,17.3746],[81.274,17.3172],[81.1904,17.3249],[81.174,17.2304],[81.0796,17.2153],[81.0546,17.2249],[81.0313,17.1904],[80.9189,17.2198],[80.924,17.1579],[80.8794,17.1609],[80.8677,17.1232],[80.8772,17.0705],[80.8453,17.04],[80.7389,17.0796],[80.6538,17.0687],[80.6706,17.1012],[80.58,17.1531],[80.5632,17.1331],[80.5141,17.1221],[80.5054,17.0685],[80.4714,17.0504],[80.4649,17.0301],[80.4386,17.0376],[80.409,17.0915],[80.3857,17.068],[80.407,17.0158],[80.3634,16.9761],[80.4497,16.9548],[80.4935,16.9275],[80.4992,16.9564],[80.5261,16.9479],[80.5347,16.9615],[80.6019,16.9186],[80.5871,16.9042],[80.5959,16.8847],[80.5683,16.8694],[80.5629,16.8329],[80.613,16.7936],[80.5702,16.7681],[80.4645,16.7955],[80.4642,16.82],[80.3832,16.8654],[80.3786,16.8519],[80.4078,16.8483],[80.3804,16.8175],[80.3741,16.8524],[80.3217,16.8797],[80.3165,16.9485],[80.2936,16.9964],[80.2114,17.0103],[80.1965,17.0441],[80.1873,17.02],[80.1402,16.9906],[80.0952,16.9907],[80.0916,16.9684],[80.0555,16.9715],[80.0404,16.9181],[80.0174,16.915],[79.9988,16.8653],[80.0469,16.8534],[80.0706,16.8017],[80.055,16.7447],[79.9974,16.7021],[79.9631,16.6436],[79.9101,16.634],[79.8775,16.6973],[79.8511,16.7059],[79.8173,16.6919],[79.774,16.7308],[79.7229,16.6903],[79.6816,16.6944],[79.6331,16.6605],[79.5989,16.6733],[79.5421,16.6323],[79.4472,16.6197],[79.4187,16.5803],[79.2569,16.5659],[79.2149,16.4879],[79.2334,16.4592],[79.2116,16.4474],[79.2102,16.3583],[79.2343,16.3339],[79.2166,16.2274],[79.157,16.2093],[79.1197,16.232],[79.1016,16.2229],[79.0095,16.2402],[78.9857,16.2107],[78.9054,16.1836],[78.9221,16.1043],[78.8956,16.0856],[78.8722,16.144],[78.8339,16.1445],[78.8403,16.0782],[78.7855,16.0212],[78.7355,16.0082],[78.6812,16.0348],[78.6273,16.0877],[78.5518,16.0428],[78.4079,16.0748],[78.3266,16.0368],[78.3123,16.0115],[78.2609,16.0258],[78.2517,15.9352],[78.1845,15.9098],[78.1754,15.8581],[78.1356,15.8547],[78.134,15.8363],[78.0836,15.8409],[78.0319,15.9074],[78.0089,15.8618],[77.888,15.9061],[77.8586,15.8837],[77.8036,15.8742],[77.7241,15.8958],[77.6592,15.8855],[77.6114,15.9179],[77.4296,15.9491],[77.3801,15.9398],[77.2489,15.9646],[77.1057,15.93],[77.0337,15.8589],[77.0252,15.8375],[77.0655,15.8274],[77.0491,15.7303],[77.0797,15.7275],[77.0787,15.6952],[77.1289,15.6659],[77.1215,15.6311],[77.0832,15.6592],[77.0305,15.6345],[77.0301,15.5027],[76.9746,15.5105],[76.974,15.4983],[77.032,15.4356],[77.0293,15.4044],[77.0473,15.39],[77.0419,15.3619],[77.0638,15.328],[77.1131,15.3337],[77.1184,15.2949],[77.1516,15.2925],[77.1472,15.2729],[77.167,15.2686],[77.1251,15.227],[77.1477,15.2239],[77.1692,15.1714],[77.1354,15.1498],[77.1573,15.1405],[77.1564,15.123],[77.1301,15.1008],[77.113,15.0341],[77.0848,15.0307],[77.0825,15.0061],[77.0441,15.0099],[77.0496,15.0331],[77.0041,15.0339],[76.9852,15.0152],[76.9184,15.0356],[76.8772,15.0302],[76.8659,15.0597],[76.836,15.0793],[76.8003,15.0959],[76.7767,15.0784],[76.7902,15.0207],[76.7606,14.9899],[76.7666,14.9756],[76.8285,14.9565],[76.8675,14.9699],[76.8696,14.9377],[76.8639,14.8956],[76.8455,14.8893],[76.854,14.8095],[76.8374,14.8106],[76.8368,14.7908],[76.7827,14.786],[76.803,14.7419],[76.7753,14.681],[76.765,14.6022],[76.7819,14.5965],[76.8063,14.5311],[76.8556,14.5096],[76.868,14.4741],[76.9007,14.4892],[76.9748,14.4854],[76.9599,14.4506],[76.9448,14.4509],[76.9428,14.3998],[76.9158,14.4207],[76.8848,14.3957],[76.8848,14.3476],[76.9567,14.2944],[76.9249,14.2738],[76.9401,14.2446],[77.0525,14.2455],[77.0812,14.2142],[77.1008,14.2172],[77.1167,14.2264],[77.1102,14.2682],[77.1392,14.3402],[77.2382,14.3174],[77.2866,14.3401],[77.2835,14.2828],[77.3638,14.2759],[77.3595,14.234],[77.392,14.1989],[77.4194,14.2117],[77.379,14.3228],[77.4078,14.3376],[77.4315,14.3129],[77.4462,14.3175],[77.4503,14.2807],[77.4789,14.2922],[77.4983,14.2789],[77.4928,14.231],[77.5171,14.1844],[77.5035,14.1572],[77.3937,14.1743],[77.3789,14.1359],[77.3517,14.1311],[77.3475,14.1037],[77.3906,14.1267],[77.4009,14.1188],[77.3606,14.0626],[77.3405,14.0602],[77.3323,14.0307],[77.3902,14.0167],[77.3816,13.9763],[77.4259,13.9862],[77.4379,13.9756],[77.4354,13.9476],[77.4121,13.9456],[77.435,13.915],[77.3987,13.8882],[77.398,13.9066],[77.3576,13.9034],[77.3478,13.916],[77.3713,13.9528],[77.3495,13.9582],[77.3611,13.9909],[77.3362,13.9954],[77.3222,14.03],[77.275,14.0113],[77.2704,14.0345],[77.2454,14.012],[77.1492,14.0012],[77.1274,14.0471],[77.0789,14.0427],[77.0278,14.0622],[77.0298,14.0882],[77.0147,14.1],[77.0233,14.1767],[76.9606,14.1818],[76.9476,14.1982],[76.9424,14.1734],[76.8945,14.1678],[76.8859,14.1383],[76.925,14.1371],[76.9776,14.0713],[76.9717,14.0581],[76.9324,14.054],[76.9311,14.0302],[76.9995,13.9904],[76.9938,13.9626],[77.0417,13.9335],[77.0473,13.9066],[77.023,13.9026],[77.0142,13.8604],[76.978,13.8269],[76.9969,13.7478],[77.0165,13.7386],[77.0245,13.7793],[77.0434,13.7778],[77.0647,13.7439],[77.0856,13.7425],[77.0904,13.7672],[77.1731,13.7621],[77.1785,13.7827],[77.1575,13.8061],[77.1687,13.8297],[77.1282,13.8565],[77.1686,13.8645],[77.1619,13.9067],[77.1847,13.9252],[77.1814,13.8699],[77.2004,13.8631],[77.2131,13.8862],[77.2199,13.8678],[77.2356,13.9042],[77.2483,13.9013],[77.2567,13.8466],[77.3115,13.8666],[77.3254,13.8333],[77.3624,13.8543],[77.3819,13.8394],[77.4325,13.8433],[77.4226,13.7991],[77.4646,13.8061],[77.4553,13.6823],[77.4921,13.6899],[77.485,13.7148],[77.5142,13.7133],[77.5124,13.6973],[77.5283,13.6931],[77.5273,13.7539],[77.5474,13.7529],[77.5606,13.7224],[77.6,13.7508],[77.6277,13.7346],[77.6422,13.7468],[77.6175,13.762],[77.6513,13.7841],[77.6801,13.7868],[77.6717,13.7605],[77.7033,13.7698],[77.7174,13.7411],[77.7193,13.8003],[77.7815,13.8183],[77.7823,13.8441],[77.8371,13.8698],[77.8135,13.9147],[77.8266,13.9448],[77.8957,13.9411],[77.8958,13.9204],[77.9268,13.9054],[77.9674,13.9602],[77.9875,13.9555],[77.9844,13.8976],[77.9491,13.8865],[77.953,13.8274],[77.9761,13.8295],[78.0005,13.873],[78.0462,13.8622],[78.0489,13.8961],[78.079,13.8812],[78.0819,13.8613],[78.1148,13.8629],[78.1264,13.7864],[78.0915,13.7423],[78.1208,13.7157],[78.1132,13.6928],[78.0691,13.6978],[78.0657,13.6762],[78.0897,13.6591],[78.0871,13.6431],[78.1676,13.6559],[78.1682,13.6329],[78.2042,13.6285],[78.193,13.5649],[78.236,13.5993],[78.2595,13.5825],[78.3262,13.5949],[78.4022,13.5873],[78.3744,13.5091],[78.3817,13.397],[78.3651,13.3618],[78.4084,13.3457],[78.3771,13.332],[78.4011,13.3155],[78.4404,13.3285],[78.4442,13.3082],[78.4834,13.3212],[78.4793,13.3013],[78.5322,13.267],[78.5393,13.2879],[78.5616,13.2886],[78.5655,13.312],[78.5873,13.2807],[78.5664,13.2209],[78.5787,13.213],[78.55,13.2002],[78.576,13.1867],[78.5797,13.1674],[78.5501,13.1642],[78.5446,13.142],[78.517,13.1316],[78.5385,13.1058],[78.5094,13.0915],[78.5142,13.0619],[78.4622,13.0433],[78.4674,12.9751],[78.4353,12.9811],[78.4379,12.964],[78.4111,12.9453],[78.4188,12.9218],[78.438,12.9291],[78.4667,12.9055],[78.4647,12.8668],[78.4456,12.9118],[78.3887,12.9069],[78.3559,12.9408],[78.3397,12.9032],[78.3235,12.9018],[78.3203,12.8873],[78.3371,12.8824],[78.3136,12.8765],[78.3124,12.8586],[78.2522,12.8606],[78.2309,12.7607],[78.241,12.73],[78.2013,12.6916],[78.2377,12.6858],[78.2445,12.7064],[78.2711,12.7051],[78.301,12.6659],[78.3714,12.6272],[78.4649,12.6241],[78.4679,12.6759],[78.4998,12.6762],[78.503,12.7168],[78.52,12.7121],[78.4891,12.742],[78.5167,12.7244],[78.5209,12.7362],[78.525,12.7155],[78.5443,12.711],[78.5296,12.7103],[78.5349,12.6912],[78.5558,12.7002],[78.5556,12.7558],[78.5925,12.7827],[78.6334,12.9318],[78.657,12.9321],[78.6209,12.9913],[78.6555,13.0153],[78.6562,13.0312],[78.7052,13.0153],[78.7145,13.0687],[78.7518,13.055],[78.7943,13.0666],[78.8131,13.0892],[78.842,13.0787],[78.8916,13.0971],[78.8916,13.0331],[78.9371,13.0305],[78.9036,13.0477],[78.9239,13.0808],[78.995,13.0866],[79.0634,13.0531],[79.0809,13.0258],[79.1145,13.0393],[79.1631,13.0203],[79.193,13.0467],[79.1804,13.0489],[79.1921,13.0562],[79.1783,13.0592],[79.1921,13.0675],[79.1806,13.0843],[79.2344,13.1053],[79.2328,13.1394],[79.21,13.1485],[79.2349,13.1709],[79.2452,13.1383],[79.2574,13.1608],[79.2803,13.1529],[79.284,13.1228],[79.3124,13.1262],[79.2943,13.1096],[79.3072,13.1056],[79.3411,13.1369],[79.3452,13.1214],[79.3605,13.1236],[79.3561,13.1646],[79.38,13.163],[79.3695,13.1729],[79.3877,13.1776],[79.374,13.1893],[79.4384,13.1882],[79.4531,13.2384],[79.431,13.2297],[79.4376,13.2429],[79.4185,13.243],[79.4084,13.2653],[79.4337,13.275],[79.4454,13.3013],[79.42,13.2896],[79.3819,13.3075],[79.4354,13.3517],[79.4562,13.3386],[79.5373,13.3387],[79.5346,13.2754],[79.5792,13.2578],[79.596,13.2849],[79.6316,13.2697],[79.6425,13.2902],[79.6654,13.2787],[79.6824,13.2959],[79.6957,13.2673],[79.6783,13.2617],[79.6842,13.2445],[79.7125,13.2447],[79.7027,13.2224],[79.7184,13.2165],[79.7373,13.2366],[79.7598,13.2075],[79.7945,13.2263],[79.7947,13.2421],[79.7337,13.2888],[79.7567,13.2953],[79.7608,13.3185],[79.7917,13.2935],[79.8089,13.3173],[79.8628,13.3169],[79.9159,13.3599],[79.938,13.3555],[79.9627,13.3914],[79.9345,13.4165],[79.9733,13.4297],[79.9724,13.4691],[80.0078,13.4783],[80.0159,13.498],[80.0466,13.4937],[80.0484,13.5123],[80.0005,13.5257],[79.9997,13.5423],[80.0569,13.5367],[80.0812,13.5498],[80.0782,13.4888],[80.1392,13.5043],[80.1452,13.4914],[80.2146,13.4903],[80.2418,13.4707],[80.2683,13.5645]],[[82.2281,16.7607],[82.2175,16.7328],[82.2698,16.7218],[82.3055,16.7483],[82.3101,16.7182],[82.2667,16.6947],[82.239,16.7163],[82.1934,16.7216],[82.1863,16.7371],[82.2056,16.7346],[82.2281,16.7607]]]]}},{"type":"Feature","properties":{"name":"Dadra and Nagar Haveli and Daman and Diu","level":"state"},"geometry":{"type":"MultiPolygon","coordinates":[[[[73.2107,20.1205],[73.1872,20.1294],[73.1856,20.1558],[73.218,20.1858],[73.1782,20.1926],[73.1685,20.2082],[73.1332,20.2057],[73.1421,20.1773],[73.1153,20.1518],[73.0795,20.1732],[73.0738,20.1555],[73.0605,20.1618],[73.0491,20.2008],[73.0637,20.2276],[73.0979,20.2275],[73.1456,20.2865],[73.1671,20.2885],[73.1514,20.3172],[73.1014,20.3028],[73.1118,20.3369],[73.0968,20.3603],[73.0776,20.3229],[73.0426,20.325],[73.0347,20.2914],[73.0077,20.3124],[73.0101,20.2911],[72.9813,20.2898],[72.9733,20.2703],[72.9369,20.2947],[72.9122,20.2755],[72.9309,20.2427],[72.9665,20.2224],[72.9627,20.1824],[72.9776,20.1794],[72.9644,20.126],[72.9771,20.1127],[72.9982,20.1428],[73.0115,20.1346],[73.0013,20.1117],[73.0396,20.0671],[73.0527,20.0645],[73.0643,20.0985],[73.112,20.0742],[73.1372,20.086],[73.1661,20.0547],[73.1923,20.0495],[73.2107,20.1205]]],[[[72.8556,20.4675],[72.8324,20.4464],[72.8212,20.3677],[72.8967,20.3798],[72.8828,20.3978],[72.9041,20.4149],[72.8573,20.4188],[72.8749,20.4455],[72.8954,20.4442],[72.8881,20.4606],[72.8556,20.4675]]],[[[70.9203,20.7428],[70.8761,20.7091],[70.9768,20.7021],[71.0075,20.7374],[70.9811,20.7225],[70.9203,20.7428]]]]}},{"type":"Feature","properties":{"name":"Goa","level":"state"},"geometry":{"type":"Polygon","coordinates":[[[73.6754,15.727],[73.6902,15.7221],[73.7375,15.6171],[73.7319,15.5906],[73.7662,15.4947],[73.8147,15.4917],[73.8027,15.4616],[73.7879,15.4625],[73.8494,15.4523],[73.8626,15.4293],[73.8806,15.4351],[73.8972,15.4186],[73.9354,15.4372],[73.9257,15.4162],[73.9398,15.4086],[73.8749,15.3965],[73.783,15.4115],[73.8417,15.3603],[73.8744,15.37],[73.8949,15.3318],[73.9496,15.1448],[73.9123,15.0852],[73.967,15.0659],[73.9889,15.0204],[74.0349,14.9972],[74.0499,14.9592],[74.044,14.9175],[74.0667,14.9073],[74.0857,14.9006],[74.1241,14.925],[74.162,14.9118],[74.1634,14.9582],[74.2014,14.9254],[74.2365,14.9665],[74.2524,14.9588],[74.2644,14.9786],[74.2535,14.9979],[74.2966,15.0412],[74.2727,15.0975],[74.2837,15.145],[74.3174,15.1838],[74.3017,15.2244],[74.2514,15.2586],[74.2762,15.2832],[74.3365,15.295],[74.3171,15.3292],[74.3233,15.3677],[74.2759,15.3916],[74.2755,15.4492],[74.251,15.4916],[74.2827,15.5314],[74.2632,15.564],[74.2453,15.5666],[74.2644,15.6155],[74.2442,15.6261],[74.2505,15.6573],[74.2238,15.669],[74.2052,15.6511],[74.182,15.6822],[74.1645,15.6535],[74.1184,15.652],[74.031,15.6227],[74.0211,15.6061],[73.9908,15.6115],[73.9614,15.6415],[73.9639,15.691],[73.9437,15.6985],[73.9518,15.7163],[73.9387,15.7427],[73.8752,15.7507],[73.8796,15.7741],[73.8565,15.8008],[73.8231,15.7399],[73.7849,15.7254],[73.7425,15.7356],[73.7283,15.7198],[73.6754,15.727]]]}},{"type":"Feature","properties":{"name":"Gujarat","level":"state"},"geometry":{"type":"MultiPolygon","coordinates":[[[[71.1511,20.7601],[71.1537,20.7601],[71.1514,20.7634],[71.1511,20.7601]]],[[[71.53,20.904],[71.5257,20.9035],[71.5325,20.9028],[71.53,20.904]]],[[[71.5246,20.9048],[71.5128,20.9109],[71.51,20.9038],[71.5246,20.9048]]],[[[72.3431,22.023],[72.2926,21.9648],[72.3108,21.841],[72.3548,21.7972],[72.3893,21.8191],[72.3993,21.8818],[72.4391,21.9298],[72.4446,21.9688],[72.4022,22.022],[72.3431,22.023]]],[[[72.8587,20.2245],[72.9648,20.2115],[72.9656,20.2248],[72.9309,20.2427],[72.917,20.2813],[72.9369,20.2947],[72.9733,20.2703],[72.9813,20.2898],[73.0101,20.2911],[73.0077,20.3124],[73.0347,20.2914],[73.0426,20.325],[73.0776,20.3229],[73.0968,20.3603],[73.1118,20.3369],[73.1014,20.3028],[73.1514,20.3172],[73.1671,20.2885],[73.1456,20.2865],[73.0979,20.2275],[73.0602,20.2233],[73.0491,20.2008],[73.0709,20.1555],[73.0795,20.1732],[73.1153,20.1518],[73.1421,20.1773],[73.1332,20.2057],[73.1685,20.2082],[73.1782,20.1926],[73.218,20.1858],[73.2062,20.1625],[73.1899,20.1642],[73.1872,20.1294],[73.2107,20.1205],[73.2249,20.14],[73.2249,20.1236],[73.2501,20.1231],[73.2782,20.1487],[73.2832,20.1981],[73.2995,20.2095],[73.3434,20.1995],[73.3569,20.2129],[73.3654,20.1955],[73.384,20.2115],[73.3895,20.1927],[73.4166,20.1982],[73.4185,20.3304],[73.4065,20.3831],[73.3848,20.3712],[73.3798,20.3934],[73.4196,20.413],[73.4697,20.5198],[73.4939,20.5382],[73.4753,20.5435],[73.4733,20.5846],[73.431,20.5941],[73.4202,20.6272],[73.392,20.646],[73.4337,20.668],[73.4496,20.7176],[73.4747,20.7203],[73.4893,20.6557],[73.5207,20.6787],[73.5509,20.6485],[73.5996,20.6368],[73.6524,20.5645],[73.6954,20.5785],[73.7447,20.5648],[73.7764,20.6008],[73.8384,20.6205],[73.8391,20.6588],[73.8121,20.6922],[73.8552,20.6922],[73.8743,20.7296],[73.9172,20.7249],[73.9422,20.7423],[73.9319,20.7605],[73.9413,20.8402],[73.9236,20.8512],[73.9174,20.9076],[73.888,20.9334],[73.8921,20.9556],[73.9078,20.9596],[73.9011,20.9821],[73.8689,20.9851],[73.7999,21.0386],[73.8076,21.0846],[73.7801,21.0643],[73.7297,21.0822],[73.7436,21.115],[73.7295,21.0997],[73.7029,21.1182],[73.6887,21.1006],[73.6182,21.1183],[73.6174,21.1425],[73.5783,21.1503],[73.5772,21.1706],[73.6065,21.1787],[73.6076,21.1588],[73.6344,21.1407],[73.6675,21.1546],[73.7188,21.1396],[73.733,21.1422],[73.7401,21.171],[73.7721,21.1646],[73.7848,21.1839],[73.8157,21.1739],[73.8227,21.2707],[73.8794,21.2658],[73.942,21.2991],[73.9387,21.4048],[73.9593,21.3953],[74.0027,21.4213],[74.0447,21.4191],[74.0631,21.4746],[74.1007,21.4476],[74.1252,21.4666],[74.2091,21.4621],[74.2142,21.4816],[74.2534,21.4676],[74.3206,21.4984],[74.3304,21.5527],[74.3031,21.5521],[74.2994,21.5685],[74.2634,21.5398],[74.236,21.5393],[74.229,21.5541],[74.1953,21.5319],[74.1647,21.5688],[74.1367,21.5463],[74.0052,21.5534],[73.9982,21.5387],[73.974,21.5426],[73.9823,21.5218],[73.957,21.5408],[73.9518,21.5126],[73.9052,21.5246],[73.8534,21.4973],[73.8139,21.6007],[73.7806,21.6285],[73.8738,21.6472],[73.8944,21.6759],[73.883,21.7125],[73.8241,21.761],[73.8376,21.79],[73.8264,21.8107],[73.7957,21.8243],[73.9296,21.8644],[74.0501,21.9262],[74.1471,21.9484],[74.1506,21.9865],[74.098,21.9982],[74.0921,22.015],[74.1402,22.0406],[74.1314,22.048],[74.1786,22.0855],[74.1526,22.1059],[74.1245,22.0978],[74.134,22.1605],[74.1214,22.1675],[74.1225,22.2124],[74.0722,22.2191],[74.0872,22.2428],[74.0524,22.294],[74.072,22.3368],[74.0649,22.3545],[74.1054,22.3717],[74.1281,22.333],[74.1902,22.3202],[74.2037,22.3665],[74.2242,22.3564],[74.2237,22.3799],[74.2433,22.3759],[74.2567,22.3995],[74.2911,22.3939],[74.2558,22.4289],[74.2476,22.4147],[74.244,22.4338],[74.2017,22.4344],[74.1906,22.4759],[74.1841,22.4415],[74.1605,22.4311],[74.1494,22.4556],[74.1194,22.4188],[74.0986,22.4421],[74.1044,22.4646],[74.0757,22.4641],[74.0829,22.5066],[74.0533,22.5086],[74.0325,22.4918],[74.0412,22.5417],[74.0747,22.5513],[74.1512,22.5213],[74.1894,22.5536],[74.1834,22.5667],[74.2102,22.5645],[74.2637,22.644],[74.3791,22.6346],[74.4338,22.808],[74.4648,22.8164],[74.4766,22.8555],[74.4469,22.9213],[74.3932,22.8968],[74.3395,22.9528],[74.3643,22.9814],[74.3446,23.0288],[74.3221,23.041],[74.3197,23.0712],[74.2844,23.0932],[74.293,23.1172],[74.2471,23.1844],[74.2029,23.1902],[74.1812,23.1516],[74.1278,23.176],[74.1388,23.266],[74.1069,23.2937],[74.0382,23.2934],[74.0449,23.3087],[74.0331,23.3059],[74.0287,23.3316],[73.982,23.3378],[73.9624,23.3808],[73.938,23.3679],[73.9357,23.3396],[73.8919,23.334],[73.8287,23.4476],[73.7863,23.4301],[73.7558,23.4542],[73.7208,23.4101],[73.6974,23.4566],[73.6475,23.4364],[73.6272,23.4485],[73.6564,23.5074],[73.6331,23.5286],[73.6557,23.6212],[73.6155,23.652],[73.5727,23.6537],[73.5231,23.6068],[73.4938,23.6323],[73.5088,23.6443],[73.4966,23.6491],[73.5074,23.703],[73.4735,23.7051],[73.418,23.7767],[73.4003,23.785],[73.3708,23.7652],[73.3519,23.7913],[73.3679,23.8141],[73.3611,23.8726],[73.3875,23.9158],[73.4208,23.9307],[73.415,23.9857],[73.3986,23.99],[73.4047,24.041],[73.3609,24.0812],[73.362,24.1046],[73.3263,24.1096],[73.3167,24.0535],[73.2428,24.0022],[73.1932,24.0409],[73.2139,24.0776],[73.1252,24.1248],[73.0675,24.1946],[73.1354,24.3083],[73.1692,24.3002],[73.1764,24.3378],[73.1986,24.3318],[73.2193,24.3638],[73.1985,24.3768],[73.152,24.3543],[73.0765,24.3965],[73.1028,24.4329],[73.0872,24.498],[73.0346,24.4641],[72.9911,24.4778],[72.9678,24.4506],[72.981,24.434],[72.9493,24.3981],[72.9751,24.3687],[72.9107,24.3371],[72.8498,24.3719],[72.7309,24.3642],[72.6892,24.4116],[72.6834,24.4638],[72.576,24.4788],[72.539,24.5195],[72.4932,24.459],[72.5004,24.4169],[72.4573,24.4147],[72.4302,24.4801],[72.4414,24.515],[72.3886,24.5076],[72.3537,24.5637],[72.3309,24.5692],[72.329,24.5523],[72.2948,24.5467],[72.2464,24.5855],[72.2761,24.6073],[72.3361,24.5986],[72.3474,24.6284],[72.305,24.6174],[72.2304,24.6405],[72.1966,24.6146],[72.1648,24.6212],[72.1503,24.6436],[72.1246,24.6385],[72.0898,24.6586],[72.0852,24.7063],[72.0613,24.712],[71.9938,24.6949],[71.9882,24.6574],[71.9399,24.6337],[71.9155,24.6494],[71.9186,24.672],[71.8718,24.6816],[71.8522,24.6092],[71.8059,24.6266],[71.8104,24.6559],[71.7915,24.6772],[71.6554,24.6391],[71.6079,24.677],[71.5904,24.6673],[71.5734,24.6839],[71.5027,24.6828],[71.3774,24.6259],[71.3586,24.6309],[71.3478,24.661],[71.3137,24.648],[71.2876,24.6158],[71.0966,24.6894],[71.0742,24.6623],[71.0084,24.6355],[70.9863,24.5953],[70.9874,24.5433],[71.0046,24.5232],[70.9985,24.4441],[71.103,24.4359],[71.1256,24.4202],[71.1217,24.4057],[71.0841,24.3945],[71.0492,24.3563],[71.02,24.3478],[70.9858,24.3654],[70.9469,24.3485],[70.874,24.2946],[70.9068,24.2592],[70.8267,24.2264],[70.6678,24.2193],[70.5711,24.2514],[70.5843,24.2901],[70.5618,24.3537],[70.6026,24.4079],[70.5731,24.422],[70.3685,24.3507],[70.3163,24.3497],[70.11,24.2948],[70.067,24.1991],[70.0252,24.171],[69.7315,24.1709],[69.5942,24.2928],[69.4914,24.2675],[69.313,24.2813],[69.1938,24.2362],[69.0949,24.274],[69.0034,24.223],[68.9846,24.2276],[68.9455,24.3026],[68.9069,24.2798],[68.8802,24.2165],[68.8647,24.2127],[68.8262,24.3174],[68.7646,24.2959],[68.7529,23.9712],[68.3904,23.9664],[68.3678,23.9842],[68.3388,23.9662],[68.3319,23.924],[68.2801,23.9306],[68.2084,23.875],[68.2024,23.7661],[68.1722,23.696],[68.0938,23.6668],[68.1193,23.6159],[68.1865,23.592],[68.2993,23.5932],[68.3264,23.4961],[68.4161,23.4867],[68.4416,23.5057],[68.4365,23.5387],[68.4521,23.5375],[68.4564,23.5114],[68.4804,23.5179],[68.4183,23.4727],[68.443,23.4727],[68.4133,23.46],[68.3998,23.4201],[68.4195,23.4063],[68.4498,23.4368],[68.4426,23.4024],[68.4593,23.3915],[68.4586,23.3672],[68.4873,23.3624],[68.4891,23.3496],[68.5006,23.3694],[68.5497,23.3555],[68.5666,23.3734],[68.5765,23.3735],[68.5592,23.3385],[68.6196,23.3299],[68.5441,23.3008],[68.5322,23.2805],[68.5401,23.2483],[68.5655,23.2458],[68.5523,23.2631],[68.6013,23.2561],[68.6124,23.288],[68.6345,23.3005],[68.6181,23.2846],[68.6287,23.2549],[68.5809,23.2337],[68.6323,23.1703],[68.7595,23.0796],[69.0793,22.9211],[69.1079,22.8904],[69.1251,22.8934],[69.1305,22.8741],[69.1942,22.8517],[69.1959,22.8378],[69.2222,22.836],[69.2283,22.8487],[69.2469,22.8384],[69.2315,22.8349],[69.268,22.825],[69.3047,22.8376],[69.4718,22.7736],[69.4948,22.7797],[69.47,22.7763],[69.4187,22.8079],[69.4183,22.8125],[69.4574,22.8141],[69.4774,22.7953],[69.5757,22.8175],[69.606,22.8028],[69.646,22.8098],[69.6475,22.796],[69.7129,22.8057],[69.8007,22.8509],[69.8988,22.8711],[69.9271,22.8959],[70.0803,22.9198],[70.085,22.9326],[70.0614,22.9325],[70.0729,22.9432],[70.0556,22.9378],[70.0592,22.9489],[70.0518,22.9441],[70.0358,22.9529],[70.1078,22.9778],[70.1591,23.0347],[70.165,23.0672],[70.1831,23.0665],[70.2158,23.1292],[70.2281,23.1277],[70.2158,23.1418],[70.2376,23.1379],[70.2453,23.1635],[70.2337,23.1558],[70.2279,23.1601],[70.3089,23.1813],[70.2979,23.21],[70.4246,23.2165],[70.5052,23.1766],[70.6359,23.1854],[70.6667,23.2289],[70.7117,23.2143],[70.7126,23.1548],[70.6843,23.1405],[70.6888,23.1173],[70.629,23.0628],[70.5965,23.061],[70.6018,23.0346],[70.5614,23.0294],[70.5414,22.9599],[70.4789,22.9752],[70.4324,22.9674],[70.48,22.9375],[70.492,22.9345],[70.5096,22.9375],[70.5193,22.9349],[70.4967,22.9341],[70.4991,22.9226],[70.4882,22.9343],[70.4973,22.9188],[70.4983,22.9141],[70.4875,22.9342],[70.483,22.9354],[70.4999,22.9037],[70.4798,22.9077],[70.4804,22.8975],[70.4827,22.9016],[70.4863,22.9012],[70.4902,22.8953],[70.4907,22.8803],[70.4897,22.8953],[70.4805,22.8968],[70.4772,22.9059],[70.4831,22.8788],[70.4724,22.8824],[70.477,22.8631],[70.4621,22.8402],[70.4648,22.8607],[70.4562,22.8358],[70.4148,22.8275],[70.4071,22.8129],[70.3829,22.795],[70.4038,22.8153],[70.3973,22.8133],[70.3772,22.8179],[70.404,22.816],[70.4098,22.8297],[70.3964,22.8335],[70.414,22.834],[70.3914,22.8395],[70.4147,22.8342],[70.4272,22.842],[70.3971,22.8457],[70.414,22.8461],[70.4124,22.872],[70.3938,22.8527],[70.3883,22.8497],[70.4266,22.9044],[70.4202,22.9182],[70.42,22.9095],[70.4173,22.9015],[70.407,22.8827],[70.4079,22.8868],[70.3951,22.8747],[70.383,22.8715],[70.412,22.8924],[70.4193,22.9185],[70.4113,22.9269],[70.4151,22.9134],[70.4102,22.8995],[70.4064,22.8931],[70.4001,22.8891],[70.4146,22.9131],[70.4108,22.9265],[70.4108,22.9172],[70.4084,22.9091],[70.4048,22.9035],[70.3918,22.8921],[70.4076,22.909],[70.4092,22.9259],[70.3987,22.9039],[70.3972,22.9182],[70.3761,22.9084],[70.2925,22.766],[70.2189,22.718],[70.2235,22.6609],[70.1938,22.6431],[70.2083,22.6391],[70.1813,22.5943],[70.1573,22.5943],[70.1639,22.5834],[70.1343,22.5742],[70.1253,22.5528],[70.0394,22.5664],[70.0191,22.5463],[69.9755,22.5427],[69.984,22.5431],[69.9864,22.541],[69.9787,22.5252],[69.9916,22.5239],[69.9824,22.5131],[69.9771,22.527],[69.9846,22.5413],[69.9467,22.5281],[69.9538,22.5092],[69.963,22.5177],[69.9714,22.521],[69.9601,22.5095],[69.9704,22.5111],[69.9783,22.5057],[69.9764,22.5033],[69.956,22.5067],[69.9694,22.5039],[69.9711,22.4999],[69.9439,22.4998],[69.9425,22.5122],[69.9348,22.5008],[69.9323,22.5146],[69.9055,22.4981],[69.9217,22.4934],[69.9332,22.4868],[69.8896,22.4951],[69.9264,22.4643],[69.9136,22.4515],[69.8972,22.4791],[69.8833,22.4764],[69.8997,22.469],[69.9043,22.4587],[69.9083,22.4572],[69.9104,22.4553],[69.9107,22.4527],[69.8712,22.471],[69.8644,22.4636],[69.8672,22.4586],[69.8662,22.4559],[69.8691,22.4516],[69.8666,22.4486],[69.8718,22.4364],[69.8707,22.4277],[69.8715,22.4366],[69.8678,22.4337],[69.864,22.4633],[69.8242,22.4729],[69.8035,22.463],[69.8209,22.4323],[69.7794,22.4162],[69.7886,22.4344],[69.7655,22.4466],[69.7851,22.4586],[69.7646,22.4753],[69.7511,22.4596],[69.7558,22.4256],[69.7538,22.4165],[69.7329,22.4427],[69.7437,22.4588],[69.7307,22.4844],[69.6962,22.4523],[69.7022,22.3985],[69.6611,22.3961],[69.6554,22.3594],[69.6212,22.3716],[69.6174,22.3452],[69.5977,22.346],[69.5796,22.3672],[69.5614,22.3557],[69.5405,22.377],[69.4995,22.3661],[69.4907,22.3368],[69.423,22.316],[69.3328,22.3276],[69.3401,22.3125],[69.322,22.2918],[69.2406,22.2582],[69.2376,22.2225],[69.2129,22.2102],[69.1904,22.2435],[69.1565,22.1951],[69.1365,22.1954],[69.1339,22.2225],[69.154,22.2485],[69.1634,22.3484],[69.181,22.3705],[69.168,22.3733],[69.1999,22.3905],[69.1877,22.4024],[69.1948,22.4217],[69.1384,22.4013],[69.1212,22.3754],[69.128,22.3949],[69.1106,22.4098],[69.0819,22.388],[69.0357,22.39],[69.0395,22.4455],[69.0498,22.4376],[69.0837,22.4744],[69.0682,22.4812],[68.984,22.4119],[68.9574,22.3652],[68.9718,22.3456],[68.9591,22.3535],[68.9367,22.3053],[68.9583,22.2379],[68.9916,22.2349],[68.9916,22.2168],[69.0027,22.2254],[68.9988,22.2094],[68.9659,22.2341],[69.2172,21.9576],[69.5663,21.6513],[69.6027,21.637],[69.7059,21.5369],[69.7221,21.5393],[69.708,21.5346],[69.9236,21.2903],[70.1588,21.0552],[70.4475,20.8483],[70.5421,20.8017],[70.5457,20.8165],[70.5861,20.8134],[70.5859,20.7962],[70.5476,20.805],[70.6139,20.7714],[70.658,20.7847],[70.6483,20.7626],[70.8216,20.6922],[70.8393,20.6904],[70.809,20.7014],[70.8131,20.7185],[70.8329,20.6978],[70.8736,20.7042],[70.8781,20.7284],[70.9203,20.7428],[70.9811,20.7225],[70.9994,20.7419],[71.0714,20.735],[71.0826,20.7533],[71.1489,20.7581],[71.1581,20.7798],[71.3207,20.8469],[71.3844,20.8574],[71.3813,20.8752],[71.4373,20.8691],[71.5569,20.9699],[71.5296,20.9428],[71.6107,20.9756],[71.6294,20.9693],[71.6469,20.9953],[71.7123,21.0194],[71.7823,21.0317],[71.7444,21.0319],[71.7522,21.0595],[71.7721,21.0555],[71.776,21.0384],[71.8047,21.0396],[71.8029,21.0485],[71.793,21.0476],[71.7861,21.055],[71.8372,21.0746],[71.8233,21.0968],[71.8565,21.0969],[71.8392,21.0797],[71.849,21.0773],[71.8917,21.1115],[71.9744,21.1228],[71.9908,21.1423],[71.9786,21.1569],[72.0095,21.1861],[72.0264,21.1789],[71.9889,21.1398],[72.0097,21.1346],[72.0172,21.1536],[72.1124,21.1987],[72.0827,21.245],[72.1079,21.3024],[72.2354,21.4559],[72.3086,21.6251],[72.3048,21.667],[72.2801,21.6948],[72.2257,21.6946],[72.2233,21.7379],[72.1942,21.75],[72.1772,21.8036],[72.1623,21.8073],[72.1919,21.8267],[72.2355,21.8119],[72.2415,21.8237],[72.2042,21.891],[72.2068,21.9514],[72.2418,21.9757],[72.248,22.0077],[72.2247,22.0575],[72.2695,22.0596],[72.3078,22.1456],[72.3235,22.1436],[72.3733,22.3158],[72.4186,22.3018],[72.4034,22.2572],[72.4273,22.2095],[72.4609,22.2565],[72.5003,22.2777],[72.5158,22.3211],[72.5566,22.2953],[72.7372,22.2753],[72.7558,22.2317],[72.8422,22.2821],[72.9107,22.267],[72.9092,22.298],[72.9396,22.3093],[72.949,22.2927],[72.9318,22.2887],[72.9133,22.2404],[72.8745,22.2205],[72.8443,22.2344],[72.8091,22.2236],[72.7582,22.1742],[72.7024,22.184],[72.6482,22.2156],[72.5804,22.1974],[72.5437,22.1291],[72.5079,21.9342],[72.5151,21.8853],[72.5582,21.8789],[72.583,21.8904],[72.5825,21.9184],[72.6136,21.9449],[72.6378,21.9606],[72.667,21.9555],[72.6318,21.9164],[72.6222,21.8095],[72.5955,21.804],[72.6101,21.789],[72.5782,21.7745],[72.5971,21.7496],[72.5429,21.7336],[72.5278,21.6782],[72.5527,21.6616],[72.6238,21.682],[72.7276,21.686],[72.8073,21.6578],[72.7864,21.6426],[72.7,21.6455],[72.6351,21.6182],[72.6122,21.5852],[72.6354,21.5353],[72.6588,21.549],[72.6975,21.5335],[72.7366,21.5388],[72.7058,21.5269],[72.6528,21.4599],[72.6605,21.4498],[72.6985,21.4647],[72.6523,21.384],[72.6541,21.3461],[72.598,21.3173],[72.6223,21.2425],[72.6574,21.2245],[72.6381,21.211],[72.6239,21.0908],[72.6482,21.0752],[72.665,21.0996],[72.7021,21.0956],[72.6963,21.0625],[72.7545,21.0524],[72.7214,21.0484],[72.7279,21.007],[72.7571,20.9323],[72.7856,20.916],[72.8396,20.8037],[72.8542,20.7148],[72.9037,20.5759],[72.8845,20.5023],[72.8556,20.4675],[72.8881,20.4606],[72.8954,20.4442],[72.8749,20.4455],[72.8573,20.4188],[72.9041,20.4149],[72.8828,20.3978],[72.8967,20.3798],[72.8212,20.3677],[72.7763,20.334],[72.74,20.2431],[72.7497,20.2058],[72.7375,20.1348],[72.7941,20.1227],[72.789,20.1491],[72.8244,20.1421],[72.816,20.1842],[72.8369,20.1882],[72.839,20.2089],[72.8612,20.2074],[72.8587,20.2245]],[[72.9665,20.3005],[72.9528,20.3153],[72.9786,20.3319],[72.983,20.3185],[72.9665,20.3005]]],[[[70.0192,22.5971],[69.9902,22.5968],[70.0001,22.5719],[69.9855,22.5887],[70.0017,22.5545],[70.0387,22.5736],[70.0192,22.5971]]],[[[69.3328,22.3726],[69.3364,22.3867],[69.3234,22.3811],[69.3328,22.3726]]],[[[69.6357,22.4522],[69.6003,22.4472],[69.5904,22.4305],[69.6366,22.4055],[69.6569,22.4268],[69.6357,22.4522]]],[[[69.1466,22.4738],[69.1287,22.4753],[69.094,22.4607],[69.0845,22.422],[69.1084,22.4368],[69.1155,22.4666],[69.1448,22.4503],[69.1466,22.4738]]],[[[69.8202,22.488],[69.8186,22.5046],[69.7852,22.4894],[69.8014,22.4772],[69.8202,22.488]]],[[[70.0072,22.5505],[70.0126,22.5528],[69.9961,22.549],[70.0072,22.5505]]],[[[69.973,22.5816],[69.9695,22.5766],[69.9717,22.5867],[69.9448,22.5678],[69.9608,22.5486],[69.9594,22.5585],[69.9705,22.5608],[69.9653,22.5459],[69.9758,22.5631],[69.9754,22.5464],[70.0006,22.554],[69.973,22.5816]]],[[[68.5543,23.3458],[68.5206,23.3509],[68.4976,23.3327],[68.5242,23.3109],[68.5148,23.292],[68.5276,23.2907],[68.5543,23.3458]]]]}},{"type":"Feature","properties":{"name":"Karnataka","level":"state"},"geometry":{"type":"Polygon","coordinates":[[[74.1184,15.652],[74.1645,15.6535],[74.182,15.6822],[74.2052,15.6511],[74.2238,15.669],[74.2505,15.6573],[74.2442,15.6261],[74.2644,15.6155],[74.2453,15.5666],[74.2632,15.564],[74.2827,15.5314],[74.251,15.4916],[74.2755,15.4492],[74.2759,15.3916],[74.3233,15.3677],[74.3171,15.3292],[74.3365,15.295],[74.2762,15.2832],[74.2514,15.2586],[74.3017,15.2244],[74.3174,15.1838],[74.2851,15.1487],[74.2727,15.0975],[74.2966,15.0412],[74.2535,14.9979],[74.2644,14.9786],[74.2524,14.9588],[74.2365,14.9665],[74.2014,14.9254],[74.1634,14.9582],[74.162,14.9118],[74.1241,14.925],[74.0857,14.9006],[74.1251,14.8407],[74.1246,14.8055],[74.093,14.8042],[74.2045,14.7186],[74.2049,14.7369],[74.2343,14.7482],[74.2631,14.7192],[74.2857,14.6457],[74.27,14.6272],[74.3147,14.546],[74.3099,14.5213],[74.3554,14.5089],[74.3824,14.4211],[74.3945,14.4185],[74.4415,14.2242],[74.4695,14.1882],[74.5151,13.9869],[74.5492,13.9483],[74.5574,13.9519],[74.5694,13.9492],[74.6101,13.8669],[74.6456,13.6831],[74.6697,13.6348],[74.6978,13.3473],[74.8468,12.7953],[74.8823,12.7541],[74.933,12.7806],[75.0032,12.7917],[75.0095,12.7676],[74.9825,12.7385],[75.0112,12.728],[75.001,12.7155],[75.0503,12.7195],[75.0466,12.6668],[75.0853,12.6739],[75.0852,12.7053],[75.1117,12.6808],[75.1525,12.6823],[75.1605,12.6716],[75.1377,12.6447],[75.1611,12.621],[75.2017,12.629],[75.2003,12.589],[75.2203,12.5682],[75.2375,12.5684],[75.2755,12.6198],[75.3262,12.5937],[75.3146,12.5738],[75.2897,12.5839],[75.2721,12.5702],[75.2731,12.5369],[75.303,12.5227],[75.3042,12.5033],[75.3322,12.4996],[75.3363,12.4642],[75.3601,12.465],[75.3819,12.5021],[75.4174,12.4985],[75.425,12.4696],[75.4133,12.4586],[75.3656,12.4568],[75.3725,12.4003],[75.4219,12.3727],[75.4104,12.3473],[75.4322,12.3095],[75.4154,12.2882],[75.4849,12.29],[75.5398,12.2157],[75.5326,12.2005],[75.5925,12.147],[75.6359,12.1485],[75.6616,12.0985],[75.7033,12.1083],[75.7147,12.0705],[75.7536,12.0854],[75.8027,12.0795],[75.8011,12.037],[75.8585,11.9589],[76.0032,11.9315],[76.1125,11.9788],[76.12,11.8504],[76.1904,11.8713],[76.2075,11.8616],[76.2237,11.8083],[76.2802,11.8124],[76.3397,11.7391],[76.4142,11.7589],[76.4274,11.7261],[76.4036,11.7117],[76.4159,11.6729],[76.4582,11.6645],[76.5116,11.7051],[76.5505,11.6743],[76.5599,11.6226],[76.6139,11.6077],[76.7569,11.6186],[76.8564,11.5994],[76.835,11.6555],[76.8883,11.7338],[76.8966,11.7766],[76.908,11.7954],[76.9539,11.7922],[76.9699,11.777],[76.9821,11.8116],[77.0298,11.8048],[77.0351,11.7699],[77.0669,11.7881],[77.0564,11.7699],[77.0802,11.7361],[77.1177,11.7212],[77.1107,11.7736],[77.2386,11.7948],[77.2498,11.8131],[77.2938,11.8091],[77.3351,11.7713],[77.3648,11.7905],[77.3944,11.7877],[77.4272,11.761],[77.4666,11.8472],[77.4616,11.9001],[77.4862,11.8875],[77.4941,11.9434],[77.5379,11.9325],[77.6756,11.9521],[77.7089,12.0361],[77.7767,12.1137],[77.7277,12.1816],[77.6107,12.2062],[77.5187,12.1945],[77.472,12.208],[77.479,12.2713],[77.5513,12.2913],[77.6168,12.3683],[77.6346,12.4877],[77.6261,12.4964],[77.6074,12.4752],[77.5837,12.4789],[77.6163,12.5092],[77.5872,12.5148],[77.5803,12.5516],[77.591,12.6153],[77.6062,12.629],[77.5989,12.6672],[77.6599,12.6839],[77.6764,12.6795],[77.6786,12.6604],[77.7042,12.6615],[77.7116,12.6832],[77.7399,12.673],[77.7374,12.6978],[77.7647,12.7011],[77.7744,12.7243],[77.7633,12.7369],[77.7916,12.7467],[77.7788,12.7678],[77.8085,12.7968],[77.8099,12.8316],[77.7924,12.8422],[77.836,12.8704],[77.8903,12.8697],[77.9293,12.891],[77.9277,12.875],[77.9418,12.8717],[77.9205,12.8282],[77.9407,12.8234],[77.94,12.8532],[77.9523,12.8572],[77.9885,12.8082],[78.0097,12.8058],[78.0039,12.8256],[78.029,12.8452],[78.0238,12.8566],[78.0533,12.8539],[78.1342,12.782],[78.2309,12.7607],[78.2522,12.8606],[78.3124,12.8586],[78.3136,12.8765],[78.3371,12.8824],[78.3203,12.8873],[78.3235,12.9018],[78.3397,12.9032],[78.3559,12.9408],[78.3887,12.9069],[78.4456,12.9118],[78.4647,12.8668],[78.4667,12.9055],[78.438,12.9291],[78.4188,12.9218],[78.4111,12.9453],[78.4379,12.964],[78.4353,12.9811],[78.4674,12.9751],[78.4622,13.0433],[78.5142,13.0619],[78.5094,13.0915],[78.5385,13.1058],[78.517,13.1316],[78.5446,13.142],[78.5501,13.1642],[78.5797,13.1674],[78.576,13.1867],[78.55,13.2002],[78.5787,13.213],[78.5664,13.2209],[78.5873,13.2807],[78.5655,13.312],[78.5616,13.2886],[78.5393,13.2879],[78.5322,13.267],[78.4793,13.3013],[78.4834,13.3212],[78.4442,13.3082],[78.4404,13.3285],[78.4011,13.3155],[78.3771,13.332],[78.4084,13.3457],[78.3651,13.3618],[78.3817,13.397],[78.3744,13.5091],[78.4022,13.5873],[78.3262,13.5949],[78.2595,13.5825],[78.236,13.5993],[78.193,13.5649],[78.2042,13.6285],[78.1682,13.6329],[78.1676,13.6559],[78.0871,13.6431],[78.0691,13.6978],[78.1132,13.6928],[78.1208,13.7157],[78.0915,13.7423],[78.1264,13.7864],[78.1137,13.8075],[78.1236,13.8454],[78.1148,13.8629],[78.0819,13.8613],[78.079,13.8812],[78.0489,13.8961],[78.0462,13.8622],[78.0005,13.873],[77.9761,13.8295],[77.953,13.8274],[77.9491,13.8865],[77.9866,13.903],[77.9875,13.9555],[77.972,13.9602],[77.9268,13.9054],[77.8958,13.9204],[77.8957,13.9411],[77.8266,13.9448],[77.8135,13.9147],[77.8371,13.8698],[77.7823,13.8441],[77.7815,13.8183],[77.7193,13.8003],[77.7174,13.7411],[77.7033,13.7698],[77.6717,13.7605],[77.6801,13.7868],[77.6211,13.7685],[77.6188,13.755],[77.6422,13.7468],[77.6277,13.7346],[77.6,13.7508],[77.5606,13.7224],[77.5474,13.7529],[77.5273,13.7539],[77.5366,13.7306],[77.5252,13.691],[77.5142,13.7133],[77.485,13.7148],[77.4921,13.6899],[77.4553,13.6823],[77.4646,13.8061],[77.4226,13.7991],[77.4325,13.8433],[77.3819,13.8394],[77.3624,13.8543],[77.3254,13.8333],[77.3115,13.8666],[77.2567,13.8466],[77.2483,13.9013],[77.2356,13.9042],[77.2199,13.8678],[77.2131,13.8862],[77.2004,13.8631],[77.1814,13.8699],[77.1847,13.9252],[77.1619,13.9067],[77.1686,13.8645],[77.1282,13.8565],[77.1687,13.8297],[77.1575,13.8061],[77.1785,13.7827],[77.1731,13.7621],[77.0904,13.7672],[77.0856,13.7425],[77.0647,13.7439],[77.0434,13.7778],[77.0245,13.7793],[77.0165,13.7386],[76.9985,13.7456],[76.978,13.8269],[77.0142,13.8604],[77.023,13.9026],[77.0473,13.9066],[77.0417,13.9335],[76.9938,13.9626],[76.9995,13.9904],[76.9311,14.0302],[76.9324,14.054],[76.9717,14.0581],[76.9776,14.0713],[76.925,14.1371],[76.8859,14.1383],[76.8945,14.1678],[76.9424,14.1734],[76.9476,14.1982],[76.9606,14.1818],[77.0233,14.1767],[77.0147,14.1],[77.0298,14.0882],[77.0278,14.0622],[77.0789,14.0427],[77.1274,14.0471],[77.1492,14.0012],[77.2454,14.012],[77.2704,14.0345],[77.275,14.0113],[77.3222,14.03],[77.3362,13.9954],[77.3611,13.9909],[77.3495,13.9582],[77.3713,13.9528],[77.3478,13.916],[77.3576,13.9034],[77.398,13.9066],[77.4,13.8883],[77.435,13.915],[77.4121,13.9456],[77.4354,13.9476],[77.4379,13.9756],[77.4259,13.9862],[77.3816,13.9763],[77.3902,14.0167],[77.3323,14.0307],[77.3405,14.0602],[77.3606,14.0626],[77.4009,14.1188],[77.3906,14.1267],[77.3475,14.1037],[77.3514,14.13],[77.3789,14.1359],[77.3937,14.1743],[77.5035,14.1572],[77.5171,14.1844],[77.4928,14.231],[77.5039,14.2638],[77.4818,14.2916],[77.4503,14.2807],[77.4462,14.3175],[77.3928,14.3359],[77.3771,14.3048],[77.3874,14.2709],[77.4088,14.2599],[77.4194,14.2117],[77.392,14.1989],[77.3595,14.234],[77.3638,14.2759],[77.2835,14.2828],[77.2866,14.3401],[77.2382,14.3174],[77.1574,14.3421],[77.1357,14.3369],[77.1157,14.2925],[77.1078,14.2199],[77.0812,14.2142],[77.0525,14.2455],[76.9401,14.2446],[76.9249,14.2738],[76.9567,14.2944],[76.8848,14.3476],[76.8848,14.3957],[76.9158,14.4207],[76.9428,14.3998],[76.9448,14.4509],[76.9599,14.4506],[76.9748,14.4854],[76.9007,14.4892],[76.868,14.4741],[76.8556,14.5096],[76.8063,14.5311],[76.7819,14.5965],[76.765,14.6022],[76.7753,14.681],[76.803,14.7419],[76.7827,14.786],[76.8368,14.7908],[76.8374,14.8106],[76.854,14.8095],[76.8455,14.8893],[76.8639,14.8956],[76.8696,14.9377],[76.8675,14.9699],[76.8285,14.9565],[76.7666,14.9756],[76.7606,14.9899],[76.7902,15.0207],[76.7767,15.0784],[76.8003,15.0959],[76.836,15.0793],[76.8659,15.0597],[76.8772,15.0302],[76.9184,15.0356],[76.9852,15.0152],[77.0041,15.0339],[77.0496,15.0331],[77.0441,15.0099],[77.0825,15.0061],[77.0848,15.0307],[77.113,15.0341],[77.1301,15.1008],[77.1564,15.123],[77.1573,15.1405],[77.1354,15.1498],[77.1692,15.1714],[77.1477,15.2239],[77.1251,15.227],[77.167,15.2686],[77.1472,15.2729],[77.1516,15.2925],[77.1184,15.2949],[77.1131,15.3337],[77.0638,15.328],[77.0419,15.3619],[77.0473,15.39],[77.0293,15.4044],[77.032,15.4356],[76.974,15.4983],[76.9746,15.5105],[77.0301,15.5027],[77.0305,15.6345],[77.0832,15.6592],[77.1215,15.6311],[77.1289,15.6659],[77.0787,15.6952],[77.0797,15.7275],[77.0491,15.7303],[77.0655,15.8274],[77.0252,15.8375],[77.0337,15.8589],[77.0846,15.9187],[77.1853,15.9568],[77.2489,15.9646],[77.3801,15.9398],[77.4296,15.9491],[77.5135,15.9268],[77.5141,16.0081],[77.494,16.037],[77.5069,16.0797],[77.4937,16.0864],[77.5133,16.108],[77.4898,16.1196],[77.4862,16.163],[77.5012,16.2217],[77.5157,16.2278],[77.4924,16.2293],[77.4901,16.2552],[77.5048,16.2758],[77.5369,16.2668],[77.5632,16.3017],[77.5977,16.2928],[77.5934,16.3439],[77.5727,16.341],[77.4897,16.385],[77.421,16.3662],[77.3491,16.3839],[77.2882,16.4087],[77.2359,16.4727],[77.294,16.4767],[77.2987,16.4962],[77.369,16.4887],[77.3778,16.5137],[77.4192,16.5224],[77.4191,16.5489],[77.3929,16.57],[77.4238,16.5689],[77.4674,16.5989],[77.4537,16.6168],[77.4761,16.6501],[77.4344,16.6414],[77.4189,16.6686],[77.4698,16.687],[77.4741,16.7166],[77.4261,16.7229],[77.4395,16.7891],[77.4765,16.7884],[77.4571,16.8302],[77.4541,16.9139],[77.4695,16.9192],[77.4796,16.996],[77.5026,17.0141],[77.4637,17.11],[77.4067,17.1245],[77.3638,17.1588],[77.3723,17.1956],[77.3939,17.1944],[77.4038,17.2099],[77.3802,17.2225],[77.4205,17.2376],[77.4586,17.279],[77.438,17.2919],[77.4561,17.3312],[77.4536,17.374],[77.4791,17.3707],[77.4839,17.355],[77.5298,17.3707],[77.5379,17.4061],[77.5142,17.4142],[77.513,17.4309],[77.5373,17.4438],[77.5759,17.4307],[77.5762,17.4562],[77.6143,17.446],[77.6153,17.4729],[77.6448,17.4776],[77.6572,17.5066],[77.6524,17.4827],[77.6706,17.4779],[77.6878,17.4752],[77.6926,17.4989],[77.662,17.5228],[77.5969,17.5343],[77.5938,17.5645],[77.5506,17.5517],[77.5284,17.5754],[77.5069,17.5423],[77.4941,17.5684],[77.4432,17.584],[77.4525,17.6947],[77.546,17.7268],[77.5686,17.7489],[77.5692,17.7665],[77.5066,17.786],[77.5283,17.8279],[77.5541,17.8201],[77.5764,17.8754],[77.5991,17.8731],[77.5861,17.9078],[77.6191,17.9041],[77.6246,17.9596],[77.6331,17.9674],[77.6495,17.95],[77.6558,17.9683],[77.649,17.9989],[77.6278,17.9968],[77.606,18.0202],[77.5896,18.0117],[77.5477,18.0561],[77.597,18.0868],[77.5969,18.1559],[77.5635,18.1961],[77.5854,18.2198],[77.5718,18.244],[77.6055,18.2813],[77.5127,18.3096],[77.5116,18.282],[77.4651,18.2625],[77.4476,18.27],[77.4377,18.3103],[77.3658,18.3071],[77.3568,18.3202],[77.4002,18.3474],[77.3949,18.3684],[77.4141,18.3931],[77.3729,18.4011],[77.3657,18.4516],[77.3453,18.4336],[77.3199,18.458],[77.3169,18.4422],[77.2418,18.4126],[77.2337,18.3882],[77.2464,18.3708],[77.2259,18.3652],[77.2191,18.3257],[77.1988,18.3154],[77.2131,18.2803],[77.1749,18.2849],[77.1516,18.217],[77.0977,18.1967],[77.1116,18.1558],[77.064,18.1506],[77.0332,18.182],[77.0234,18.1585],[77.0012,18.1609],[76.9907,18.19],[76.952,18.1881],[76.9206,18.1182],[76.9664,18.0982],[76.9453,18.0832],[76.9524,18.0402],[76.9144,18.0354],[76.9057,18.0097],[76.919,17.916],[76.9013,17.9172],[76.8843,17.8943],[76.8398,17.8994],[76.8103,17.887],[76.8067,17.8706],[76.7751,17.8777],[76.7682,17.9011],[76.74,17.8997],[76.7385,17.8567],[76.7676,17.8521],[76.7905,17.8263],[76.7621,17.787],[76.7141,17.7809],[76.7283,17.7376],[76.6997,17.7272],[76.6909,17.681],[76.6642,17.6876],[76.6154,17.7704],[76.5821,17.7057],[76.5704,17.7054],[76.5728,17.7605],[76.5233,17.7598],[76.524,17.7152],[76.4873,17.7148],[76.4898,17.6605],[76.4293,17.645],[76.4197,17.6037],[76.3313,17.5974],[76.3408,17.5425],[76.3628,17.5374],[76.3673,17.5195],[76.3466,17.5126],[76.3458,17.4925],[76.3756,17.4902],[76.3307,17.4702],[76.3333,17.4339],[76.3716,17.4364],[76.3635,17.3777],[76.4092,17.3714],[76.4122,17.3511],[76.3832,17.3145],[76.3541,17.3143],[76.3454,17.3545],[76.3144,17.3484],[76.3177,17.3324],[76.2764,17.3346],[76.2721,17.3606],[76.2508,17.3604],[76.2429,17.3788],[76.1704,17.3526],[76.1764,17.3008],[76.1627,17.3452],[76.119,17.3705],[76.0792,17.3316],[76.0606,17.3553],[76.0144,17.3535],[75.9309,17.3226],[75.8906,17.3565],[75.8843,17.418],[75.8609,17.3856],[75.8512,17.4105],[75.8215,17.4212],[75.8137,17.3728],[75.793,17.3697],[75.7337,17.4201],[75.6908,17.4095],[75.6759,17.4559],[75.6331,17.4772],[75.6067,17.4204],[75.6136,17.3919],[75.5742,17.3833],[75.5809,17.3512],[75.6101,17.345],[75.6038,17.3055],[75.6578,17.2632],[75.662,17.2146],[75.6254,17.174],[75.6504,17.1157],[75.6724,17.116],[75.6768,17.0654],[75.6411,17.0376],[75.6698,17.0382],[75.6704,16.9621],[75.6448,16.9541],[75.634,16.9703],[75.6079,16.971],[75.607,17.0046],[75.5732,17.0096],[75.5677,16.9658],[75.5294,16.9694],[75.4891,16.9444],[75.4656,16.9884],[75.4279,16.9665],[75.3922,16.9801],[75.3501,16.9578],[75.2797,16.9566],[75.2821,16.8803],[75.2648,16.8628],[75.2377,16.8679],[75.2143,16.8417],[75.1819,16.8434],[75.1891,16.8753],[75.1366,16.8745],[75.1176,16.9135],[75.0964,16.9138],[75.0894,16.9516],[75.0253,16.928],[75.0267,16.9441],[74.993,16.9521],[74.9644,16.9476],[74.9646,16.9268],[74.9318,16.9448],[74.9219,16.9299],[74.9637,16.9097],[74.9604,16.881],[74.9016,16.8626],[74.9195,16.7725],[74.8499,16.7728],[74.772,16.7507],[74.7322,16.7183],[74.6911,16.7155],[74.6896,16.677],[74.6536,16.6388],[74.6871,16.6068],[74.6401,16.6105],[74.6287,16.5777],[74.5686,16.5539],[74.5549,16.5645],[74.567,16.5854],[74.5436,16.5953],[74.5446,16.6355],[74.4891,16.6302],[74.4688,16.6638],[74.4549,16.6473],[74.4668,16.6068],[74.3967,16.5833],[74.3799,16.5286],[74.358,16.5384],[74.3563,16.5598],[74.3158,16.5545],[74.3062,16.5037],[74.3017,16.529],[74.2832,16.5246],[74.2706,16.548],[74.2781,16.5045],[74.2475,16.4969],[74.2609,16.4801],[74.291,16.5049],[74.2894,16.463],[74.3327,16.4548],[74.3351,16.4014],[74.3638,16.4051],[74.3535,16.3664],[74.336,16.3938],[74.3173,16.381],[74.3271,16.3425],[74.3167,16.3266],[74.3426,16.298],[74.3209,16.2845],[74.325,16.2718],[74.3505,16.2754],[74.3457,16.2938],[74.3731,16.2616],[74.4145,16.2827],[74.4177,16.258],[74.4687,16.2402],[74.4806,16.2501],[74.5032,16.2254],[74.5071,16.1916],[74.4799,16.1471],[74.483,16.0901],[74.4277,16.112],[74.3723,16.0782],[74.3614,16.0539],[74.3774,16.0551],[74.3691,16.0392],[74.3811,16.0355],[74.4298,16.0592],[74.4633,16.0429],[74.4309,15.9566],[74.3869,15.905],[74.4062,15.8554],[74.3882,15.8543],[74.3687,15.8944],[74.3383,15.8549],[74.3832,15.8491],[74.3604,15.8169],[74.3676,15.7858],[74.2858,15.7416],[74.2684,15.7548],[74.2383,15.7441],[74.2336,15.787],[74.209,15.7813],[74.2015,15.7586],[74.1616,15.7513],[74.1222,15.7208],[74.1258,15.681],[74.0882,15.6725],[74.1184,15.652]]]}},{"type":"Feature","properties":{"name":"Kerala","level":"state"},"geometry":{"type":"Polygon","coordinates":[[[75.5366,11.6939],[75.618,11.4774],[75.6827,11.4484],[75.7483,11.3184],[75.8409,11.0836],[75.91,10.7934],[76.1005,10.3818],[76.2207,9.9989],[76.2406,9.9823],[76.3403,9.4096],[76.5167,9.0177],[76.5424,8.9134],[76.6327,8.8354],[76.9797,8.3821],[77.0978,8.2925],[77.1482,8.3317],[77.1685,8.3326],[77.1728,8.3188],[77.1739,8.3585],[77.1524,8.3551],[77.1507,8.3845],[77.1677,8.3837],[77.206,8.444],[77.227,8.4467],[77.2013,8.501],[77.2616,8.5063],[77.2838,8.5469],[77.2464,8.6036],[77.2514,8.6203],[77.2009,8.669],[77.2067,8.6845],[77.17,8.7419],[77.191,8.7416],[77.1969,8.7683],[77.2297,8.7847],[77.264,8.8421],[77.2583,8.875],[77.2211,8.9041],[77.2213,8.9275],[77.1927,8.9263],[77.1962,8.9547],[77.147,9.0214],[77.167,9.0449],[77.1972,9.0466],[77.2121,9.0999],[77.2678,9.1534],[77.2525,9.1895],[77.2822,9.2169],[77.283,9.3014],[77.2995,9.311],[77.3,9.3368],[77.3252,9.3372],[77.3493,9.4412],[77.3659,9.4602],[77.3925,9.4595],[77.4123,9.5091],[77.4004,9.5275],[77.3851,9.5193],[77.3655,9.5352],[77.3502,9.5672],[77.3611,9.6024],[77.3394,9.5734],[77.3177,9.6026],[77.2696,9.5729],[77.2342,9.5816],[77.2089,9.6136],[77.1658,9.6129],[77.2067,9.6947],[77.2035,9.7222],[77.2239,9.7304],[77.2228,9.7884],[77.2468,9.7985],[77.2219,9.8231],[77.2373,9.852],[77.2125,9.8775],[77.2183,9.9049],[77.2466,9.952],[77.2728,9.9643],[77.2547,10.0124],[77.2639,10.0293],[77.2012,10.1072],[77.2385,10.1308],[77.2677,10.1222],[77.2746,10.1849],[77.2953,10.2185],[77.2809,10.2367],[77.2591,10.2305],[77.2636,10.2639],[77.2273,10.3166],[77.2353,10.3529],[77.176,10.3586],[77.1202,10.318],[77.0914,10.3151],[77.0436,10.2841],[77.0484,10.2594],[76.9836,10.2197],[76.9119,10.2343],[76.8733,10.2757],[76.8732,10.2975],[76.8486,10.2845],[76.8299,10.3032],[76.8486,10.3674],[76.816,10.423],[76.8431,10.5367],[76.8386,10.5963],[76.8175,10.6027],[76.8101,10.6238],[76.8143,10.635],[76.8821,10.639],[76.8675,10.6943],[76.8922,10.7185],[76.9073,10.7834],[76.9008,10.808],[76.8482,10.8195],[76.8539,10.8397],[76.8284,10.8726],[76.7407,10.8911],[76.6591,10.9306],[76.6997,11.0267],[76.7182,11.041],[76.7666,11.0292],[76.8008,11.054],[76.7781,11.0422],[76.7465,11.0568],[76.7481,11.1355],[76.7002,11.1536],[76.698,11.1742],[76.7286,11.1914],[76.7345,11.2181],[76.7058,11.2404],[76.6289,11.1943],[76.5338,11.1857],[76.4958,11.2115],[76.4723,11.2088],[76.4584,11.1878],[76.4386,11.199],[76.4531,11.2395],[76.5217,11.2707],[76.5457,11.3004],[76.5478,11.359],[76.5082,11.3542],[76.5177,11.3716],[76.4604,11.3889],[76.4156,11.4233],[76.4187,11.4419],[76.3979,11.4364],[76.3422,11.4677],[76.326,11.4541],[76.2844,11.483],[76.2472,11.468],[76.2397,11.5267],[76.2515,11.5369],[76.2341,11.5712],[76.279,11.6009],[76.3024,11.5713],[76.3359,11.5958],[76.3546,11.5894],[76.3881,11.6297],[76.4434,11.6437],[76.4034,11.7078],[76.4274,11.7261],[76.4142,11.7589],[76.3397,11.7391],[76.2802,11.8124],[76.2237,11.8083],[76.2075,11.8616],[76.1904,11.8713],[76.12,11.8504],[76.1125,11.9788],[76.0032,11.9315],[75.8585,11.9589],[75.8011,12.037],[75.8027,12.0795],[75.7536,12.0854],[75.7147,12.0705],[75.7033,12.1083],[75.6616,12.0985],[75.6359,12.1485],[75.5925,12.147],[75.5326,12.2005],[75.5398,12.2157],[75.4849,12.29],[75.4154,12.2882],[75.4322,12.3095],[75.4104,12.3473],[75.4219,12.3727],[75.3725,12.4003],[75.3656,12.4568],[75.4133,12.4586],[75.425,12.4696],[75.4174,12.4985],[75.3819,12.5021],[75.3601,12.465],[75.3363,12.4642],[75.3322,12.4996],[75.3042,12.5033],[75.303,12.5227],[75.2731,12.5369],[75.2721,12.5702],[75.2897,12.5839],[75.3146,12.5738],[75.3262,12.5937],[75.2755,12.6198],[75.2375,12.5684],[75.2203,12.5682],[75.2003,12.589],[75.2017,12.629],[75.1611,12.621],[75.1377,12.6447],[75.1605,12.6716],[75.1525,12.6823],[75.1117,12.6808],[75.0852,12.7053],[75.0853,12.6739],[75.0466,12.6668],[75.0503,12.7195],[75.001,12.7155],[75.0112,12.728],[74.9825,12.7385],[75.0095,12.7676],[75.0032,12.7917],[74.8696,12.7607],[74.8847,12.7104],[74.887,12.7089],[74.8867,12.7126],[74.8983,12.7143],[74.9064,12.6953],[74.888,12.7077],[74.9281,12.6118],[74.9424,12.6374],[74.95,12.6363],[74.9321,12.6146],[74.9395,12.5957],[74.9418,12.6075],[74.9465,12.6088],[74.9541,12.6052],[74.9385,12.5914],[74.9537,12.551],[74.9565,12.5501],[74.9536,12.5578],[74.9599,12.5663],[74.9757,12.5711],[74.9553,12.559],[74.9639,12.5295],[74.9581,12.5408],[75.1269,12.2024],[75.2012,12.0064],[75.2276,12.0235],[75.2503,12.0098],[75.3564,11.8603],[75.3863,11.8564],[75.4616,11.7799],[75.4539,11.7717],[75.4762,11.7669],[75.5246,11.7083],[75.5444,11.7048],[75.5366,11.6939]],[[75.5385,11.7614],[75.5555,11.7217],[75.5312,11.7084],[75.5266,11.7261],[75.5403,11.7347],[75.5385,11.7614]]]}},{"type":"Feature","properties":{"name":"Lakshadweep","level":"state"},"geometry":{"type":"MultiPolygon","coordinates":[[[[73.0111,8.2776],[73.0103,8.2779],[73.0116,8.2762],[73.0111,8.2776]]],[[[73.0486,8.2662],[73.066,8.285],[73.0784,8.3243],[73.0478,8.2755],[73.0178,8.2757],[73.0486,8.2662]]],[[[72.2834,10.0417],[72.2887,10.0456],[72.2905,10.0532],[72.2834,10.0417]]],[[[72.335,10.1013],[72.3377,10.106],[72.3365,10.1076],[72.335,10.1013]]],[[[72.3332,10.1286],[72.3281,10.1387],[72.3274,10.1298],[72.3332,10.1286]]],[[[72.6497,10.5636],[72.6406,10.5793],[72.6172,10.5422],[72.6497,10.5636]]],[[[72.1686,10.8136],[72.1687,10.8153],[72.1648,10.8132],[72.1686,10.8136]]],[[[72.2061,10.8785],[72.1947,10.8714],[72.1701,10.8182],[72.1797,10.8289],[72.2061,10.8785]]],[[[72.2928,10.937],[72.2874,10.9469],[72.2853,10.9365],[72.2928,10.937]]],[[[72.3214,10.9467],[72.327,10.9516],[72.3154,10.9436],[72.3214,10.9467]]],[[[72.3317,10.9507],[72.3335,10.9528],[72.3304,10.9517],[72.3317,10.9507]]],[[[72.3344,10.9535],[72.3348,10.9553],[72.333,10.955],[72.3344,10.9535]]],[[[72.3343,10.9572],[72.3355,10.9566],[72.3343,10.9593],[72.3343,10.9572]]],[[[72.1865,11.5989],[72.1892,11.6007],[72.1853,11.6018],[72.1865,11.5989]]],[[[73.628,10.0725],[73.6281,10.0743],[73.6262,10.0728],[73.628,10.0725]]],[[[73.6479,10.0632],[73.6474,10.0765],[73.6513,10.102],[73.6351,10.0713],[73.6479,10.0632]]],[[[73.6642,10.1397],[73.6591,10.1554],[73.6601,10.1292],[73.6642,10.1397]]],[[[73.6995,10.8164],[73.6613,10.8077],[73.7018,10.8143],[73.6995,10.8164]]],[[[72.7191,11.1148],[72.7304,11.1244],[72.7337,11.1364],[72.7195,11.1287],[72.7191,11.1148]]],[[[72.7619,11.1831],[72.7771,11.2174],[72.7903,11.2605],[72.7795,11.2426],[72.7619,11.1831]]],[[[72.9998,11.4984],[73.0118,11.4731],[73.0099,11.4875],[72.9998,11.4984]]],[[[72.7056,11.6835],[72.7169,11.6934],[72.7166,11.7039],[72.7056,11.6835]]]]}},{"type":"Feature","properties":{"name":"Maharashtra","level":"state"},"geometry":{"type":"MultiPolygon","coordinates":[[[[80.2729,18.723],[80.2452,18.7655],[80.276,18.7661],[80.3545,18.8266],[80.3273,18.8797],[80.2709,18.9384],[80.2733,18.993],[80.3031,19.022],[80.2974,19.0488],[80.3297,19.0699],[80.3333,19.1454],[80.394,19.1876],[80.3939,19.2448],[80.4461,19.264],[80.4825,19.338],[80.5204,19.3476],[80.5732,19.4023],[80.6127,19.3094],[80.68,19.3302],[80.6898,19.2868],[80.757,19.2896],[80.853,19.3639],[80.8118,19.4072],[80.8134,19.4336],[80.8746,19.4452],[80.8984,19.4818],[80.8954,19.5197],[80.8567,19.523],[80.836,19.5664],[80.7755,19.5624],[80.7698,19.5866],[80.7409,19.6061],[80.6654,19.6117],[80.6764,19.6994],[80.5526,19.7654],[80.5463,19.8183],[80.4806,19.8275],[80.4689,19.8103],[80.485,19.8023],[80.489,19.7703],[80.4643,19.7958],[80.4017,19.7961],[80.4021,19.8167],[80.4407,19.8102],[80.5058,19.8705],[80.4914,19.902],[80.4139,19.9073],[80.4113,19.9384],[80.4522,19.9575],[80.4888,19.9305],[80.5299,19.9393],[80.5496,19.9858],[80.5568,20.0717],[80.544,20.0955],[80.5521,20.118],[80.5056,20.1445],[80.4601,20.151],[80.4336,20.1353],[80.4018,20.1473],[80.3885,20.1651],[80.4222,20.2058],[80.3953,20.2449],[80.4808,20.275],[80.5188,20.266],[80.5496,20.3088],[80.6105,20.3183],[80.6261,20.3361],[80.5915,20.393],[80.6136,20.4349],[80.6022,20.4498],[80.6266,20.5637],[80.6174,20.5856],[80.6319,20.5983],[80.5808,20.6084],[80.5209,20.5805],[80.481,20.6184],[80.52,20.6565],[80.5875,20.6859],[80.5517,20.764],[80.5618,20.8243],[80.5461,20.9349],[80.4637,20.9291],[80.4438,20.9939],[80.4242,21.0096],[80.4527,21.0387],[80.4392,21.0965],[80.4582,21.1138],[80.4447,21.1219],[80.4643,21.1749],[80.6148,21.2272],[80.6816,21.3135],[80.6631,21.3344],[80.5999,21.3268],[80.5276,21.3948],[80.4576,21.4027],[80.4486,21.3721],[80.4123,21.3766],[80.3961,21.408],[80.4222,21.4405],[80.3765,21.5233],[80.3311,21.5475],[80.3279,21.5713],[80.2984,21.5755],[80.2703,21.6159],[80.2037,21.636],[80.1546,21.6065],[80.1197,21.6099],[80.0667,21.5541],[80.0329,21.5561],[79.9985,21.5334],[79.9715,21.5577],[79.9359,21.5561],[79.9184,21.5244],[79.8912,21.518],[79.8312,21.5467],[79.7921,21.5866],[79.7376,21.6039],[79.6609,21.5769],[79.652,21.5557],[79.5406,21.5427],[79.5425,21.5682],[79.512,21.584],[79.5037,21.6148],[79.517,21.6253],[79.4962,21.674],[79.4222,21.6918],[79.3925,21.6739],[79.3523,21.6778],[79.2312,21.7223],[79.2239,21.6486],[79.155,21.66],[79.1684,21.6372],[79.112,21.6238],[79.0936,21.598],[79.0123,21.5994],[78.9984,21.619],[78.9141,21.589],[78.9137,21.5709],[78.9316,21.5617],[78.9066,21.5532],[78.9442,21.5158],[78.9367,21.4857],[78.8993,21.5005],[78.8909,21.4852],[78.8003,21.4901],[78.7762,21.4644],[78.7509,21.493],[78.7282,21.4622],[78.6884,21.4819],[78.5854,21.4867],[78.5702,21.5143],[78.5118,21.5285],[78.4514,21.4965],[78.436,21.5006],[78.4245,21.5443],[78.4275,21.5989],[78.3727,21.6134],[78.3819,21.5917],[78.3633,21.5749],[78.343,21.5886],[78.3065,21.5694],[78.303,21.5837],[78.2665,21.5917],[78.274,21.5687],[78.182,21.5566],[78.1763,21.4991],[77.9411,21.3857],[77.8831,21.3759],[77.8012,21.4095],[77.7966,21.389],[77.7501,21.3828],[77.7371,21.3622],[77.7099,21.3573],[77.6918,21.3975],[77.6696,21.3688],[77.6537,21.3912],[77.6129,21.3923],[77.6051,21.3624],[77.5635,21.3691],[77.5619,21.396],[77.5321,21.4191],[77.5144,21.3759],[77.4886,21.3742],[77.4734,21.4546],[77.4417,21.4714],[77.4256,21.5378],[77.4546,21.5537],[77.5751,21.5264],[77.6118,21.5385],[77.5954,21.5594],[77.577,21.5549],[77.5756,21.6208],[77.5438,21.7038],[77.4795,21.7541],[77.4791,21.77],[77.4042,21.7524],[77.2898,21.7602],[77.2869,21.7218],[77.2269,21.7168],[77.2104,21.6896],[77.1761,21.7257],[77.1651,21.7107],[77.0732,21.7194],[76.9019,21.5969],[76.8545,21.6133],[76.8329,21.589],[76.7952,21.5939],[76.7813,21.5647],[76.7893,21.5364],[76.7633,21.5208],[76.7956,21.4894],[76.7858,21.465],[76.7443,21.4398],[76.7402,21.4113],[76.6215,21.3322],[76.6627,21.2759],[76.6614,21.2406],[76.6416,21.237],[76.6232,21.1849],[76.5669,21.1993],[76.5298,21.1818],[76.4924,21.1935],[76.4556,21.1076],[76.4103,21.1022],[76.4124,21.0883],[76.3762,21.073],[76.279,21.0699],[76.259,21.0905],[76.1666,21.0789],[76.1698,21.1036],[76.1354,21.1207],[76.1123,21.1553],[76.1287,21.1757],[76.1717,21.1665],[76.1764,21.184],[76.1653,21.2212],[76.1409,21.2276],[76.1592,21.2553],[76.1284,21.2866],[76.0956,21.3711],[76.0478,21.349],[75.9629,21.3896],[75.9105,21.3824],[75.8903,21.3945],[75.8332,21.3766],[75.7285,21.3886],[75.6701,21.3745],[75.6231,21.375],[75.607,21.3918],[75.5438,21.3685],[75.5201,21.387],[75.3824,21.3793],[75.3572,21.4008],[75.2996,21.3846],[75.2954,21.4135],[75.2171,21.4086],[75.1299,21.4471],[75.1077,21.4622],[75.0517,21.5665],[75.02,21.5686],[74.9018,21.6292],[74.8629,21.6344],[74.8289,21.6097],[74.783,21.6106],[74.5821,21.6649],[74.5806,21.6832],[74.5542,21.6813],[74.5473,21.7195],[74.5054,21.7261],[74.5142,21.7656],[74.4983,21.79],[74.5242,21.9112],[74.4888,21.9562],[74.4394,21.9767],[74.4324,21.9994],[74.4522,22.0047],[74.4435,22.0232],[74.3866,22.0338],[74.3981,22.0228],[74.3756,22.0004],[74.3445,21.9751],[74.3007,21.967],[74.281,21.933],[74.1929,21.9258],[74.1553,21.9513],[74.1283,21.9497],[73.8711,21.8412],[73.8263,21.8426],[73.7957,21.8243],[73.8264,21.8107],[73.8376,21.79],[73.8241,21.761],[73.883,21.7125],[73.8944,21.6759],[73.8738,21.6472],[73.7806,21.6285],[73.8139,21.6007],[73.8534,21.4973],[73.9052,21.5246],[73.9518,21.5126],[73.957,21.5408],[73.9823,21.5218],[73.974,21.5426],[73.9982,21.5387],[74.0052,21.5534],[74.1367,21.5463],[74.1577,21.5687],[74.1758,21.5687],[74.1953,21.5319],[74.229,21.5541],[74.236,21.5393],[74.2634,21.5398],[74.2949,21.569],[74.3317,21.5439],[74.3206,21.4984],[74.2534,21.4676],[74.2142,21.4816],[74.2091,21.4621],[74.1252,21.4666],[74.1007,21.4476],[74.0631,21.4746],[74.0447,21.4191],[74.0027,21.4213],[73.9593,21.3953],[73.9387,21.4048],[73.942,21.2991],[73.8794,21.2658],[73.8227,21.2707],[73.8157,21.1739],[73.7848,21.1839],[73.7721,21.1646],[73.7401,21.171],[73.733,21.1422],[73.7188,21.1396],[73.6675,21.1546],[73.6344,21.1407],[73.6076,21.1588],[73.6065,21.1787],[73.5772,21.1706],[73.5783,21.1503],[73.6174,21.1425],[73.6182,21.1183],[73.6887,21.1006],[73.7029,21.1182],[73.7295,21.0997],[73.7436,21.115],[73.7297,21.0822],[73.7801,21.0643],[73.8076,21.0846],[73.7999,21.0386],[73.8689,20.9851],[73.9011,20.9821],[73.9078,20.9596],[73.8921,20.9556],[73.888,20.9334],[73.9174,20.9076],[73.9236,20.8512],[73.9413,20.8402],[73.9319,20.7605],[73.9422,20.7423],[73.9172,20.7249],[73.8743,20.7296],[73.8552,20.6922],[73.8121,20.6922],[73.8391,20.6588],[73.8384,20.6205],[73.7764,20.6008],[73.7447,20.5648],[73.6954,20.5785],[73.6524,20.5645],[73.5996,20.6368],[73.5509,20.6485],[73.5207,20.6787],[73.4893,20.6557],[73.4747,20.7203],[73.4496,20.7176],[73.4337,20.668],[73.392,20.646],[73.4202,20.6272],[73.431,20.5941],[73.4733,20.5846],[73.4753,20.5435],[73.4939,20.5382],[73.4697,20.5198],[73.4196,20.413],[73.3798,20.3934],[73.3848,20.3712],[73.4065,20.3831],[73.4185,20.3304],[73.4166,20.1982],[73.3895,20.1927],[73.384,20.2115],[73.3654,20.1955],[73.3569,20.2129],[73.3434,20.1995],[73.2995,20.2095],[73.2832,20.1981],[73.2782,20.1487],[73.2547,20.127],[73.2293,20.1224],[73.2179,20.1364],[73.2132,20.091],[73.1893,20.0773],[73.1923,20.0495],[73.1789,20.0471],[73.1372,20.086],[73.112,20.0742],[73.0643,20.0985],[73.0527,20.0645],[73.0396,20.0671],[73.0013,20.1117],[73.0115,20.1346],[72.9982,20.1428],[72.9771,20.1127],[72.9615,20.1312],[72.9776,20.1794],[72.9627,20.1824],[72.9627,20.2097],[72.8587,20.2245],[72.8612,20.2074],[72.839,20.2089],[72.8369,20.1882],[72.816,20.1842],[72.8244,20.1421],[72.789,20.1491],[72.7941,20.1227],[72.7375,20.1348],[72.735,20.0923],[72.7081,20.0711],[72.7164,19.9735],[72.7275,19.9887],[72.7324,19.9718],[72.7353,19.9862],[72.7401,19.9885],[72.7417,19.9695],[72.7658,19.9822],[72.7766,19.9612],[72.7469,19.9519],[72.7705,19.954],[72.7619,19.9361],[72.7754,19.901],[72.7574,19.8822],[72.7507,19.9164],[72.7434,19.9021],[72.7341,19.9103],[72.726,19.9541],[72.7111,19.9602],[72.721,19.968],[72.6637,19.9337],[72.6782,19.9009],[72.682,19.9089],[72.6859,19.9097],[72.6806,19.8663],[72.6881,19.8751],[72.6955,19.8651],[72.6972,19.8767],[72.7034,19.877],[72.6985,19.8565],[72.684,19.868],[72.6546,19.8363],[72.6803,19.8243],[72.6913,19.7955],[72.6852,19.7578],[72.7041,19.736],[72.6947,19.727],[72.7135,19.695],[72.7068,19.6799],[72.7189,19.6337],[72.716,19.6462],[72.7354,19.6303],[72.7419,19.6505],[72.7538,19.6265],[72.7255,19.6287],[72.7294,19.6016],[72.7585,19.6084],[72.7725,19.6357],[72.7723,19.6083],[72.7891,19.5972],[72.7159,19.5922],[72.7187,19.5397],[72.7678,19.5075],[72.7728,19.4876],[72.7443,19.4619],[72.7624,19.3969],[72.7714,19.4178],[72.7749,19.4129],[72.7578,19.3756],[72.8,19.3299],[72.7796,19.2768],[72.7824,19.1929],[72.7966,19.1945],[72.7817,19.1583],[72.7866,19.1297],[72.8008,19.1424],[72.8232,19.111],[72.8173,19.0433],[72.8382,19.0485],[72.8321,19.0232],[72.8152,19.0262],[72.8147,18.9833],[72.7926,18.9396],[72.8084,18.9553],[72.8234,18.9414],[72.8256,18.9199],[72.8036,18.903],[72.8684,18.7996],[72.8557,18.6993],[72.8655,18.6519],[72.9337,18.5405],[72.9058,18.5404],[72.9115,18.5075],[72.896,18.4725],[72.9064,18.4034],[72.9262,18.3868],[72.9121,18.362],[72.9532,18.335],[72.9929,18.2737],[73.0158,18.2855],[73.0287,18.2643],[73.0531,18.2704],[73.0369,18.2928],[73.0448,18.3131],[73.0715,18.308],[73.0881,18.3358],[73.113,18.3295],[73.0828,18.3118],[73.1027,18.2654],[73.0824,18.2925],[73.0504,18.297],[73.0728,18.2635],[73.0615,18.2522],[73.0921,18.219],[73.0774,18.1888],[73.1056,18.1409],[73.0718,18.1502],[73.0506,18.1824],[73.0678,18.2125],[73.0165,18.2446],[72.9694,18.2433],[72.964,18.2804],[72.9356,18.281],[72.932,18.2192],[72.9836,18.1948],[72.9899,18.157],[72.9714,18.1316],[72.9994,18.0746],[72.9898,18.0563],[73.0195,18.0296],[73.0027,18.0209],[73.0405,17.9781],[73.0301,17.944],[73.0556,17.932],[73.0528,17.9047],[73.0938,17.8413],[73.089,17.8083],[73.1126,17.7891],[73.1342,17.718],[73.1406,17.7214],[73.1447,17.7221],[73.1148,17.6844],[73.1449,17.6385],[73.1269,17.6376],[73.1376,17.6109],[73.1771,17.5826],[73.1376,17.5565],[73.185,17.5099],[73.187,17.4423],[73.2116,17.4375],[73.1677,17.4044],[73.184,17.3848],[73.2075,17.3861],[73.2306,17.3354],[73.2191,17.3292],[73.2442,17.3216],[73.2494,17.2809],[73.2266,17.2816],[73.2232,17.3024],[73.1898,17.2988],[73.2045,17.2696],[73.2067,17.2816],[73.2235,17.2655],[73.2439,17.1984],[73.2496,17.2043],[73.2551,17.2018],[73.2476,17.1955],[73.2314,17.1982],[73.2765,17.1567],[73.2639,17.1546],[73.2675,17.1124],[73.2846,17.1008],[73.2816,17.1116],[73.2896,17.1153],[73.2876,17.0531],[73.2768,17.0357],[73.2583,17.0484],[73.2556,17.0271],[73.283,17.0131],[73.2715,16.9866],[73.296,16.9844],[73.2768,16.892],[73.3032,16.8914],[73.2862,16.8802],[73.3003,16.8605],[73.2882,16.8574],[73.2958,16.8165],[73.3185,16.8055],[73.3055,16.7302],[73.3186,16.6965],[73.3447,16.6907],[73.3291,16.6849],[73.3228,16.6363],[73.3414,16.6383],[73.3303,16.6202],[73.3516,16.623],[73.3167,16.6018],[73.3338,16.559],[73.3106,16.5413],[73.3158,16.5129],[73.3519,16.4436],[73.3781,16.4536],[73.3856,16.4493],[73.3558,16.4422],[73.3662,16.3967],[73.4161,16.4199],[73.4634,16.4163],[73.4741,16.4392],[73.4646,16.4162],[73.4992,16.4182],[73.4081,16.4067],[73.4005,16.3888],[73.3667,16.3787],[73.3728,16.3598],[73.3949,16.3678],[73.4033,16.3596],[73.4209,16.3725],[73.4387,16.3719],[73.3977,16.3544],[73.389,16.361],[73.3854,16.3371],[73.4102,16.2742],[73.417,16.2927],[73.4334,16.285],[73.4493,16.309],[73.4343,16.2842],[73.4117,16.2727],[73.4566,16.1288],[73.4572,16.0538],[73.4833,16.0362],[73.5104,15.9373],[73.5887,15.9098],[73.629,15.8478],[73.6659,15.755],[73.6533,15.744],[73.6943,15.7228],[73.7283,15.7198],[73.7425,15.7356],[73.7849,15.7254],[73.8252,15.7416],[73.8565,15.8008],[73.8796,15.7741],[73.8752,15.7507],[73.9387,15.7427],[73.9518,15.7163],[73.9437,15.6985],[73.9639,15.691],[73.9676,15.6302],[74.0211,15.6061],[74.031,15.6227],[74.1131,15.646],[74.0882,15.6725],[74.1258,15.681],[74.1222,15.7208],[74.1616,15.7513],[74.2015,15.7586],[74.209,15.7813],[74.2336,15.787],[74.228,15.7561],[74.2454,15.7433],[74.2684,15.7548],[74.2962,15.7445],[74.3231,15.7727],[74.3585,15.7749],[74.3719,15.7973],[74.3604,15.8169],[74.3832,15.8491],[74.3383,15.8549],[74.3633,15.8749],[74.3648,15.8939],[74.3687,15.8944],[74.3882,15.8543],[74.4062,15.8554],[74.3869,15.905],[74.4309,15.9566],[74.4633,16.0429],[74.4298,16.0592],[74.3811,16.0355],[74.3691,16.0392],[74.3774,16.0551],[74.3614,16.0539],[74.3723,16.0782],[74.4277,16.112],[74.4816,16.0889],[74.4913,16.1043],[74.4799,16.1471],[74.5078,16.2031],[74.4806,16.2501],[74.4687,16.2402],[74.4177,16.258],[74.4145,16.2827],[74.3731,16.2616],[74.3549,16.2927],[74.3432,16.2904],[74.3505,16.2754],[74.325,16.2718],[74.3209,16.2845],[74.3426,16.298],[74.3167,16.3266],[74.3271,16.3425],[74.3173,16.381],[74.336,16.3938],[74.3535,16.3664],[74.3638,16.4051],[74.3351,16.4014],[74.3327,16.4548],[74.2894,16.463],[74.291,16.5049],[74.2609,16.4801],[74.2475,16.4969],[74.2781,16.5045],[74.2706,16.548],[74.2832,16.5246],[74.3017,16.529],[74.3062,16.5037],[74.3158,16.5545],[74.3563,16.5598],[74.358,16.5384],[74.3799,16.5286],[74.3967,16.5833],[74.4668,16.6068],[74.4549,16.6473],[74.4688,16.6638],[74.4891,16.6302],[74.5446,16.6355],[74.5436,16.5953],[74.567,16.5854],[74.5549,16.5645],[74.5686,16.5539],[74.6287,16.5777],[74.6401,16.6105],[74.6871,16.6068],[74.6536,16.6388],[74.6896,16.677],[74.6911,16.7155],[74.7322,16.7183],[74.772,16.7507],[74.8499,16.7728],[74.9195,16.7725],[74.9016,16.8626],[74.9604,16.881],[74.9637,16.9097],[74.9219,16.9299],[74.9318,16.9448],[74.9646,16.9268],[74.9644,16.9476],[74.993,16.9521],[75.0267,16.9441],[75.0253,16.928],[75.0894,16.9516],[75.0964,16.9138],[75.1176,16.9135],[75.1366,16.8745],[75.1891,16.8753],[75.1819,16.8434],[75.2143,16.8417],[75.2377,16.8679],[75.2648,16.8628],[75.2821,16.8803],[75.2797,16.9566],[75.3501,16.9578],[75.3922,16.9801],[75.4279,16.9665],[75.4656,16.9884],[75.4891,16.9444],[75.5294,16.9694],[75.5677,16.9658],[75.5732,17.0096],[75.607,17.0046],[75.6079,16.971],[75.634,16.9703],[75.6448,16.9541],[75.6704,16.9621],[75.6698,17.0382],[75.6411,17.0376],[75.6768,17.0654],[75.6724,17.116],[75.6504,17.1157],[75.6254,17.174],[75.662,17.2146],[75.6578,17.2632],[75.6038,17.3055],[75.6101,17.345],[75.5809,17.3512],[75.5742,17.3833],[75.6136,17.3919],[75.6067,17.4204],[75.6331,17.4772],[75.6759,17.4559],[75.6908,17.4095],[75.7337,17.4201],[75.793,17.3697],[75.8137,17.3728],[75.8215,17.4212],[75.8512,17.4105],[75.8609,17.3856],[75.8843,17.418],[75.8906,17.3565],[75.9309,17.3226],[76.0144,17.3535],[76.0606,17.3553],[76.0792,17.3316],[76.119,17.3705],[76.1627,17.3452],[76.1764,17.3008],[76.1704,17.3526],[76.2429,17.3788],[76.2508,17.3604],[76.2721,17.3606],[76.2764,17.3346],[76.3177,17.3324],[76.3144,17.3484],[76.3454,17.3545],[76.3541,17.3143],[76.3832,17.3145],[76.4122,17.3511],[76.4092,17.3714],[76.3635,17.3777],[76.3716,17.4364],[76.3333,17.4339],[76.3307,17.4702],[76.3756,17.4902],[76.3458,17.4925],[76.3466,17.5126],[76.3673,17.5195],[76.3628,17.5374],[76.3408,17.5425],[76.3313,17.5974],[76.4197,17.6037],[76.4293,17.645],[76.4898,17.6605],[76.4873,17.7148],[76.524,17.7152],[76.5233,17.7598],[76.5728,17.7605],[76.5704,17.7054],[76.5821,17.7057],[76.6154,17.7704],[76.6642,17.6876],[76.6909,17.681],[76.6997,17.7272],[76.7283,17.7376],[76.7141,17.7809],[76.7621,17.787],[76.7905,17.8263],[76.7676,17.8521],[76.7385,17.8567],[76.74,17.8997],[76.7682,17.9011],[76.7751,17.8777],[76.8067,17.8706],[76.8103,17.887],[76.8398,17.8994],[76.8843,17.8943],[76.9013,17.9172],[76.919,17.916],[76.9057,18.0097],[76.9144,18.0354],[76.9524,18.0402],[76.9453,18.0832],[76.9664,18.0982],[76.9206,18.1182],[76.952,18.1881],[76.9907,18.19],[77.0012,18.1609],[77.0234,18.1585],[77.0332,18.182],[77.064,18.1506],[77.1116,18.1558],[77.0977,18.1967],[77.1516,18.217],[77.1749,18.2849],[77.2131,18.2803],[77.1988,18.3154],[77.2191,18.3257],[77.2259,18.3652],[77.2464,18.3708],[77.2337,18.3882],[77.2418,18.4126],[77.3169,18.4422],[77.3199,18.458],[77.3453,18.4336],[77.3657,18.4516],[77.3729,18.4011],[77.4141,18.3931],[77.3949,18.3684],[77.4002,18.3474],[77.3568,18.3202],[77.3658,18.3071],[77.4377,18.3103],[77.4476,18.27],[77.4651,18.2625],[77.5116,18.282],[77.5127,18.3096],[77.5514,18.2919],[77.5714,18.3088],[77.5224,18.3465],[77.5567,18.4192],[77.5275,18.4421],[77.5853,18.4468],[77.5486,18.4686],[77.5729,18.4698],[77.5764,18.4868],[77.6032,18.4768],[77.6047,18.4964],[77.5859,18.504],[77.5964,18.5489],[77.6479,18.5549],[77.6559,18.5309],[77.7385,18.5568],[77.7504,18.5892],[77.73,18.6669],[77.7535,18.701],[77.7682,18.7059],[77.7873,18.6826],[77.84,18.8048],[77.9486,18.8298],[77.9301,18.8587],[77.9033,18.8666],[77.8854,18.9042],[77.8433,18.9087],[77.8586,18.9491],[77.8193,18.9459],[77.8218,18.9785],[77.7715,18.9792],[77.762,19.0318],[77.7648,19.0626],[77.8004,19.0511],[77.81,19.1047],[77.8504,19.0886],[77.8341,19.1343],[77.8605,19.1803],[77.8477,19.1896],[77.8714,19.255],[77.9076,19.2682],[77.8656,19.2838],[77.8635,19.3042],[77.9451,19.3424],[78.0425,19.2706],[78.0416,19.2434],[78.0557,19.2371],[78.0791,19.2548],[78.0892,19.2394],[78.1171,19.2486],[78.1446,19.2294],[78.1753,19.2376],[78.1938,19.3149],[78.1722,19.3493],[78.1877,19.3946],[78.1762,19.4123],[78.1951,19.4068],[78.2705,19.4562],[78.3044,19.4561],[78.2933,19.5422],[78.2743,19.554],[78.3037,19.5693],[78.3056,19.6071],[78.2905,19.646],[78.2627,19.6651],[78.2762,19.6924],[78.3118,19.691],[78.3432,19.7132],[78.3647,19.7812],[78.3575,19.8054],[78.334,19.8146],[78.3364,19.8379],[78.2861,19.8479],[78.307,19.9143],[78.3329,19.9115],[78.3321,19.8849],[78.3807,19.8804],[78.386,19.8461],[78.423,19.8176],[78.4725,19.8173],[78.4903,19.7927],[78.515,19.8189],[78.552,19.8241],[78.6926,19.791],[78.7192,19.7667],[78.7401,19.7831],[78.7824,19.7784],[78.8022,19.7565],[78.841,19.7619],[78.8599,19.6895],[78.8519,19.6584],[78.8867,19.6551],[78.9036,19.67],[78.9556,19.6558],[78.9556,19.6002],[78.9728,19.5824],[78.9405,19.5519],[78.9813,19.5608],[78.998,19.5401],[79.046,19.5483],[79.098,19.532],[79.1903,19.459],[79.2236,19.4691],[79.2039,19.4941],[79.24,19.5353],[79.2531,19.5933],[79.2436,19.6167],[79.3069,19.5966],[79.3139,19.5664],[79.3657,19.5763],[79.4714,19.5002],[79.5186,19.5202],[79.5186,19.5431],[79.5399,19.5547],[79.5529,19.5242],[79.5962,19.5073],[79.6294,19.574],[79.709,19.5845],[79.7431,19.6086],[79.7786,19.5997],[79.8646,19.5105],[79.9448,19.4698],[79.9779,19.4004],[79.9591,19.336],[79.9659,19.3031],[79.9245,19.2257],[79.9459,19.1695],[79.8584,19.1024],[79.8711,19.041],[79.9279,19.0493],[79.9403,19.0326],[79.9616,18.8667],[79.9158,18.8299],[79.9205,18.8111],[79.9642,18.7739],[80.0186,18.7704],[80.0528,18.7251],[80.1181,18.6805],[80.1577,18.701],[80.1966,18.6808],[80.2128,18.7057],[80.2729,18.723]]],[[[72.7369,19.4658],[72.7289,19.4661],[72.7328,19.4592],[72.7369,19.4658]]],[[[72.9665,20.3005],[72.983,20.3185],[72.9786,20.3319],[72.9528,20.3153],[72.9665,20.3005]]]]}},{"type":"Feature","properties":{"name":"Odisha","level":"state"},"geometry":{"type":"Polygon","coordinates":[[[81.3961,17.82],[81.4169,17.814],[81.4358,17.8327],[81.4766,17.8385],[81.4923,17.8127],[81.5744,17.8388],[81.6172,17.8231],[81.6716,17.8881],[81.7009,17.9028],[81.7104,17.8739],[81.7259,17.8791],[81.8082,17.9564],[81.9622,18.001],[82.0077,18.0308],[82.0057,18.057],[82.0307,18.07],[82.0599,18.0562],[82.075,18.0759],[82.1318,18.0606],[82.1355,18.0447],[82.1672,18.0527],[82.1859,18.0159],[82.2645,17.9956],[82.2599,18.0426],[82.2897,18.0696],[82.3027,18.0689],[82.3065,18.0456],[82.3206,18.0606],[82.3391,18.0555],[82.3501,18.0773],[82.3341,18.1066],[82.3381,18.1506],[82.3616,18.1356],[82.3707,18.1489],[82.3138,18.1848],[82.3092,18.2048],[82.3354,18.225],[82.3227,18.232],[82.343,18.2813],[82.3748,18.2814],[82.3906,18.2987],[82.3873,18.3292],[82.3542,18.3167],[82.3365,18.3274],[82.3838,18.3682],[82.3625,18.4223],[82.4811,18.5494],[82.5029,18.5144],[82.5321,18.511],[82.5342,18.4778],[82.5194,18.4656],[82.5385,18.4445],[82.5407,18.4584],[82.5614,18.4485],[82.5355,18.4062],[82.5948,18.3893],[82.6212,18.3597],[82.602,18.3523],[82.6072,18.3279],[82.5796,18.3159],[82.5969,18.3049],[82.5861,18.2768],[82.636,18.2375],[82.6508,18.2508],[82.6409,18.3028],[82.665,18.2988],[82.7725,18.3412],[82.7978,18.4075],[82.7804,18.4315],[82.8014,18.45],[82.8511,18.421],[82.895,18.4241],[82.8942,18.3816],[82.938,18.3616],[82.9687,18.3607],[83.0202,18.3924],[83.0527,18.3807],[83.0753,18.4041],[83.0556,18.4203],[83.0654,18.431],[83.0407,18.4252],[83.0191,18.4572],[83.0932,18.5476],[83.0431,18.5454],[83.0279,18.5745],[83.051,18.6002],[83.0238,18.5897],[82.999,18.6086],[83.0113,18.647],[83.0562,18.6663],[83.0709,18.7065],[83.1372,18.7863],[83.2047,18.7524],[83.2106,18.7315],[83.2227,18.776],[83.2695,18.7653],[83.2827,18.7988],[83.3288,18.8072],[83.3639,18.8441],[83.3775,18.8318],[83.4039,18.8433],[83.4128,18.8745],[83.3764,18.8979],[83.3915,18.9085],[83.3667,18.9093],[83.3517,18.9309],[83.3505,18.9445],[83.3694,18.9436],[83.366,18.963],[83.3509,18.9668],[83.3484,18.9263],[83.3321,18.9265],[83.3328,18.9694],[83.3088,18.9998],[83.3369,18.9979],[83.341,19.019],[83.3707,19.0032],[83.3987,19.0103],[83.4599,18.9557],[83.4659,18.992],[83.4481,19.0108],[83.4778,19.0094],[83.4814,19.0345],[83.4604,19.0647],[83.4765,19.0802],[83.4661,19.094],[83.4835,19.0921],[83.4989,19.0627],[83.5118,19.0701],[83.5194,19.0389],[83.4966,19.0353],[83.501,19.0205],[83.5353,19.0117],[83.5556,19.0571],[83.5471,19.0814],[83.5603,19.0869],[83.5616,19.0609],[83.5825,19.0589],[83.5837,19.0875],[83.6087,19.097],[83.5972,19.1311],[83.6241,19.1636],[83.6367,19.1327],[83.6551,19.1295],[83.6611,19.081],[83.7002,19.0253],[83.7301,19.0218],[83.7096,19.0025],[83.7331,18.9875],[83.7534,18.9263],[83.775,18.9127],[83.7825,18.9345],[83.757,18.9516],[83.7431,18.9871],[83.7927,19.0189],[83.8267,18.9161],[83.8459,18.9134],[83.8461,18.8689],[83.8912,18.8154],[83.9138,18.8289],[83.9482,18.8061],[84.0365,18.8173],[84.0892,18.7585],[84.2243,18.7997],[84.2577,18.784],[84.2869,18.8049],[84.319,18.788],[84.3425,18.803],[84.3288,18.8189],[84.3629,18.84],[84.3332,18.8603],[84.3307,18.883],[84.3723,18.8627],[84.3822,18.8754],[84.3704,18.8793],[84.3581,18.8956],[84.3901,18.8775],[84.3954,18.8919],[84.3768,18.9054],[84.416,18.8985],[84.4169,18.919],[84.4263,18.9102],[84.436,18.9218],[84.4222,18.9484],[84.45,18.9786],[84.4298,18.9957],[84.419,19.0229],[84.474,18.9903],[84.5143,19.0494],[84.5708,19.0746],[84.5796,19.031],[84.5992,19.0262],[84.6162,19.0668],[84.659,19.0639],[84.6687,19.0772],[84.6569,19.0953],[84.6234,19.0858],[84.5934,19.1333],[84.6652,19.1307],[84.6688,19.1669],[84.7104,19.1585],[84.7007,19.1188],[84.7647,19.0773],[84.8166,19.165],[84.9302,19.2762],[85.0794,19.375],[85.1725,19.4674],[85.3728,19.5995],[85.7808,19.7815],[86.1691,19.8819],[86.3072,19.9413],[86.3913,19.9569],[86.4107,19.975],[86.3849,19.9593],[86.373,19.9605],[86.5238,20.1735],[86.6801,20.26],[86.6692,20.2758],[86.6796,20.2641],[86.7831,20.33],[86.7765,20.3454],[86.8098,20.375],[86.8052,20.3991],[86.7973,20.3782],[86.7917,20.3875],[86.8102,20.4513],[86.7967,20.4927],[86.8023,20.444],[86.7856,20.3838],[86.7648,20.393],[86.7438,20.3788],[86.7363,20.3971],[86.7247,20.3782],[86.7097,20.3963],[86.7308,20.4114],[86.7362,20.4612],[86.7233,20.4803],[86.7491,20.4744],[86.7522,20.518],[86.7655,20.504],[86.7887,20.5341],[87.0556,20.715],[87.0411,20.7589],[87.0221,20.7703],[86.9023,20.7627],[86.8609,20.7748],[86.8054,20.733],[86.8117,20.7527],[86.8657,20.7838],[86.9681,20.7917],[86.9777,20.8233],[86.9768,20.8609],[86.8519,21.0967],[86.8408,21.1578],[86.8633,21.2226],[86.955,21.3653],[87.0502,21.4295],[87.0678,21.4629],[87.0889,21.4612],[87.2022,21.5312],[87.3941,21.533],[87.3711,21.5633],[87.336,21.5771],[87.382,21.5737],[87.4076,21.5457],[87.431,21.5782],[87.4842,21.6027],[87.4857,21.6309],[87.4618,21.6511],[87.4692,21.7322],[87.4443,21.734],[87.4544,21.7392],[87.4399,21.7707],[87.3693,21.7646],[87.3554,21.7911],[87.3378,21.7837],[87.2977,21.8109],[87.2765,21.8052],[87.2389,21.8999],[87.2552,21.926],[87.2359,21.9571],[87.1962,21.9595],[87.1701,21.9794],[87.1615,21.9356],[87.0964,21.914],[87.0986,21.8658],[87.0377,21.8681],[87.0017,21.9139],[87.0309,21.9855],[87.0282,22.0379],[86.965,22.0859],[86.8378,22.0977],[86.8283,22.1178],[86.8089,22.1192],[86.7957,22.1569],[86.7218,22.1468],[86.727,22.2168],[86.656,22.2358],[86.6466,22.2677],[86.5956,22.2776],[86.5848,22.3006],[86.5344,22.3011],[86.4969,22.3472],[86.4468,22.3277],[86.4445,22.3058],[86.4327,22.3065],[86.3595,22.3488],[86.2834,22.4478],[86.1185,22.4867],[86.0454,22.5675],[86.024,22.5446],[86.0285,22.524],[85.9845,22.5151],[85.9571,22.4648],[86.0181,22.4257],[86.027,22.3951],[86.024,22.3643],[85.998,22.3416],[86.029,22.3343],[86.0157,22.3124],[86.0487,22.308],[86.0171,22.2973],[85.9738,22.2471],[86.0313,22.19],[85.9967,22.1324],[86.0092,22.1158],[85.9436,22.0204],[85.9181,22.0094],[85.9073,21.9703],[85.8967,21.9838],[85.8257,21.9751],[85.766,21.9949],[85.7956,22.0807],[85.8383,22.0795],[85.8074,22.1161],[85.7493,22.0736],[85.6852,22.0545],[85.6538,22.0947],[85.5994,22.0783],[85.5451,22.0897],[85.4233,22.158],[85.3713,22.161],[85.366,22.1227],[85.3235,22.1276],[85.2813,22.0904],[85.2391,22.0094],[85.181,22.0728],[85.1676,22.0691],[85.174,22.0516],[85.1548,22.0785],[85.1219,22.0708],[85.0985,22.1059],[85.0405,22.1157],[84.9869,22.0826],[84.9846,22.0955],[85.0284,22.1222],[85.0298,22.1624],[85.0543,22.1837],[85.0782,22.2573],[85.071,22.2746],[85.117,22.2944],[85.118,22.3176],[85.092,22.316],[85.0956,22.3447],[85.0765,22.3561],[85.0878,22.3876],[85.0597,22.4486],[85.0769,22.4637],[85.0672,22.4843],[84.959,22.445],[84.9543,22.4587],[84.8862,22.4201],[84.8801,22.4489],[84.8369,22.4315],[84.8102,22.4533],[84.759,22.4467],[84.7499,22.4189],[84.6666,22.4195],[84.6288,22.4345],[84.5353,22.427],[84.4802,22.4133],[84.4852,22.3893],[84.431,22.373],[84.4294,22.3525],[84.2915,22.3429],[84.2504,22.379],[84.1968,22.3781],[84.1563,22.4077],[84.134,22.4781],[84.1117,22.4771],[84.0599,22.5164],[84.0028,22.5322],[83.9818,22.5228],[83.9801,22.5023],[84.0474,22.4692],[84.0474,22.4382],[84.0104,22.3715],[83.9234,22.3584],[83.8905,22.3365],[83.8642,22.3433],[83.8216,22.3128],[83.8265,22.2928],[83.795,22.2859],[83.7579,22.2403],[83.7041,22.2467],[83.6496,22.2233],[83.564,22.1052],[83.6066,22.0666],[83.5868,22.0487],[83.5439,22.0569],[83.5365,22.0283],[83.5556,22.007],[83.5379,21.9693],[83.5617,21.948],[83.5568,21.9353],[83.6057,21.9141],[83.5761,21.883],[83.5909,21.8512],[83.5765,21.8314],[83.5321,21.8316],[83.5424,21.7984],[83.4933,21.8182],[83.4689,21.7873],[83.4907,21.7445],[83.4608,21.6976],[83.4322,21.6999],[83.4181,21.6799],[83.4897,21.6314],[83.4562,21.6099],[83.4432,21.6555],[83.3827,21.6202],[83.3651,21.576],[83.3727,21.558],[83.338,21.502],[83.354,21.448],[83.3987,21.4052],[83.4069,21.352],[83.379,21.3445],[83.2842,21.3802],[83.2688,21.3785],[83.2576,21.3186],[83.2794,21.2949],[83.271,21.2724],[83.2507,21.2823],[83.222,21.266],[83.1982,21.1453],[83.167,21.1387],[83.1314,21.1058],[83.0779,21.1119],[83.0161,21.1462],[82.9904,21.1398],[83.0034,21.1682],[82.9807,21.1699],[82.9882,21.1827],[82.9657,21.1752],[82.965,21.1932],[82.9439,21.1778],[82.9478,21.1617],[82.9022,21.1669],[82.8823,21.1483],[82.851,21.1685],[82.7938,21.1427],[82.7559,21.1669],[82.6405,21.1548],[82.65,21.1064],[82.6118,21.0737],[82.6293,21.0385],[82.5601,20.9467],[82.4881,20.9087],[82.4876,20.8604],[82.4654,20.8278],[82.4209,20.8303],[82.4064,20.8689],[82.3655,20.8694],[82.3508,20.8895],[82.3456,20.7316],[82.3765,20.6324],[82.3321,20.5621],[82.3583,20.5281],[82.3896,20.5169],[82.397,20.4582],[82.4186,20.4803],[82.438,20.4342],[82.4003,20.3408],[82.4379,20.2934],[82.4113,20.2643],[82.4217,20.2043],[82.3867,20.1449],[82.3992,20.0566],[82.5101,20.0166],[82.5511,20.0162],[82.5967,19.99],[82.6425,20.0051],[82.7154,19.9947],[82.7074,19.9021],[82.7246,19.8756],[82.7073,19.8351],[82.6521,19.8322],[82.6269,19.7936],[82.5918,19.7759],[82.5758,19.8334],[82.6034,19.867],[82.446,19.9102],[82.3949,19.888],[82.3453,19.8359],[82.3041,19.8892],[82.2692,19.9753],[82.2375,20.0035],[82.1842,19.9842],[82.1712,20.0056],[82.1268,20.0148],[82.0705,20.057],[82.0325,20.0158],[82.0177,20.049],[81.9953,20.0536],[81.9464,20.1052],[81.8953,20.0483],[81.8709,20.0442],[81.8453,19.9596],[81.8531,19.9185],[81.9681,19.8599],[81.9859,19.8011],[82.0655,19.7907],[82.0447,19.7089],[82.059,19.6282],[82.0399,19.5977],[82.0507,19.5488],[82.029,19.5077],[82.1002,19.5166],[82.1028,19.4661],[82.1261,19.4291],[82.1894,19.4276],[82.1788,19.3791],[82.1471,19.3654],[82.1941,19.326],[82.1584,19.2652],[82.1617,19.2023],[82.1861,19.1664],[82.1696,19.161],[82.1809,19.1508],[82.1661,19.1327],[82.174,19.1182],[82.1825,19.1313],[82.2058,19.1242],[82.2049,19.0972],[82.2184,19.0973],[82.2022,19.0667],[82.2327,19.018],[82.246,18.9191],[82.1761,18.9027],[82.1604,18.8789],[82.1654,18.7987],[82.1335,18.7805],[82.1334,18.7654],[82.0916,18.7658],[82.085,18.7186],[82.0309,18.7238],[81.971,18.6987],[81.9489,18.6437],[81.8938,18.6575],[81.8947,18.6292],[81.9636,18.5905],[81.9506,18.5701],[81.9107,18.5707],[81.9092,18.5379],[81.8682,18.5249],[81.8547,18.4903],[81.7695,18.4189],[81.7503,18.3536],[81.6591,18.3466],[81.6496,18.3369],[81.6622,18.3213],[81.5976,18.3089],[81.5255,18.2581],[81.507,18.1862],[81.5258,18.1534],[81.5133,18.1],[81.4808,18.0514],[81.4829,17.9768],[81.4491,17.932],[81.4446,17.8858],[81.3993,17.8919],[81.3961,17.82]]]}},{"type":"Feature","properties":{"name":"Puducherry","level":"state"},"geometry":{"type":"MultiPolygon","coordinates":[[[[75.5359,11.7099],[75.5366,11.6939],[75.5444,11.7048],[75.5359,11.7099]]],[[[75.5385,11.7614],[75.5403,11.7347],[75.5266,11.7261],[75.5312,11.7084],[75.5555,11.7217],[75.5385,11.7614]]],[[[79.6896,11.8021],[79.6759,11.8143],[79.6813,11.7963],[79.6896,11.8021]]],[[[79.7026,11.8135],[79.6926,11.8225],[79.692,11.8142],[79.7026,11.8135]]],[[[79.7958,11.7855],[79.807,11.8336],[79.7678,11.8227],[79.7486,11.8407],[79.7294,11.837],[79.7357,11.8094],[79.7138,11.7963],[79.7198,11.785],[79.7958,11.7855]]],[[[79.6991,11.8613],[79.6971,11.874],[79.696,11.8604],[79.6991,11.8613]]],[[[79.8077,11.8364],[79.8406,11.9558],[79.8125,11.9779],[79.805,11.9533],[79.7847,11.9599],[79.7502,11.9199],[79.7445,11.965],[79.7234,11.9771],[79.7604,11.9892],[79.7476,12.0078],[79.6916,11.9514],[79.7111,11.9331],[79.7096,11.9498],[79.7208,11.9449],[79.7175,11.929],[79.7406,11.9055],[79.7111,11.8908],[79.7066,11.9135],[79.7186,11.919],[79.6962,11.9192],[79.6954,11.8948],[79.674,11.8807],[79.71,11.8892],[79.7174,11.8545],[79.7399,11.8646],[79.751,11.8481],[79.7685,11.876],[79.7661,11.8406],[79.8006,11.8553],[79.8077,11.8364]],[[79.7788,11.9047],[79.7964,11.8999],[79.7851,11.863],[79.7708,11.8841],[79.7788,11.9047]]],[[[79.7893,12.0277],[79.8009,12.017],[79.8053,12.0245],[79.7893,12.0277]]],[[[79.6617,11.8393],[79.6409,11.8229],[79.6712,11.8149],[79.6617,11.8393]]],[[[79.6411,11.8866],[79.5993,11.8829],[79.602,11.8578],[79.6285,11.8698],[79.6269,11.8543],[79.6578,11.8527],[79.6627,11.8673],[79.6411,11.8866]]],[[[79.687,11.9679],[79.6622,11.9691],[79.6528,11.9578],[79.6765,11.9485],[79.687,11.9679]]],[[[79.6427,11.9421],[79.6514,12.0223],[79.6264,12.0319],[79.6179,11.9361],[79.6321,11.9013],[79.6705,11.9298],[79.6574,11.9481],[79.6427,11.9421]]],[[[79.6965,12.0354],[79.6614,12.0123],[79.6569,11.9916],[79.7196,11.9922],[79.6965,12.0354]]],[[[79.8099,10.8784],[79.806,10.8797],[79.8069,10.8777],[79.8099,10.8784]]],[[[79.8079,10.8557],[79.8527,10.8334],[79.8512,10.9943],[79.8152,11.0038],[79.7977,10.9826],[79.7467,11.0026],[79.7639,10.9598],[79.7192,10.9685],[79.7198,10.9522],[79.7373,10.9525],[79.7248,10.929],[79.7629,10.9137],[79.7562,10.8918],[79.7892,10.9085],[79.7836,10.8885],[79.8285,10.8838],[79.8112,10.8804],[79.8248,10.8649],[79.8079,10.8557]]],[[[79.722,10.9361],[79.7216,10.9383],[79.7202,10.9361],[79.722,10.9361]]],[[[79.8571,12.0068],[79.8738,12.0426],[79.8498,12.0518],[79.8405,12.0133],[79.8571,12.0068]]],[[[82.3189,16.5714],[82.3191,16.5757],[82.3173,16.5677],[82.3189,16.5714]]],[[[82.3443,16.6046],[82.3295,16.5951],[82.3313,16.5918],[82.3359,16.5895],[82.3443,16.6046]]],[[[82.3309,16.618],[82.3382,16.6056],[82.3376,16.6106],[82.3309,16.618]]],[[[82.2281,16.7607],[82.2056,16.7346],[82.1863,16.7371],[82.1934,16.7216],[82.239,16.7163],[82.2667,16.6947],[82.3101,16.7182],[82.3055,16.7483],[82.2698,16.7218],[82.2175,16.7328],[82.2281,16.7607]]]]}},{"type":"Feature","properties":{"name":"Tamil Nadu","level":"state"},"geometry":{"type":"MultiPolygon","coordinates":[[[[79.492,9.1243],[79.4888,9.119],[79.4965,9.1249],[79.492,9.1243]]],[[[79.4881,9.1272],[79.4888,9.1282],[79.487,9.1273],[79.4881,9.1272]]],[[[79.4797,9.1298],[79.482,9.13],[79.4806,9.1307],[79.4797,9.1298]]],[[[79.4815,9.1332],[79.483,9.1326],[79.4833,9.1343],[79.4815,9.1332]]],[[[79.4735,9.1363],[79.4722,9.1399],[79.4697,9.1395],[79.4735,9.1363]]],[[[79.4651,9.1434],[79.468,9.1407],[79.4674,9.1435],[79.4651,9.1434]]],[[[79.1388,9.2381],[79.1411,9.2342],[79.1418,9.2372],[79.1388,9.2381]]],[[[79.1586,9.2388],[79.1602,9.2359],[79.161,9.2383],[79.1586,9.2388]]],[[[79.145,9.2423],[79.1493,9.2366],[79.1499,9.2416],[79.145,9.2423]]],[[[79.2201,9.251],[79.1914,9.257],[79.1749,9.2398],[79.2047,9.226],[79.2201,9.251]]],[[[79.2407,9.2402],[79.2287,9.2434],[79.2366,9.2353],[79.2407,9.2402]]],[[[79.136,9.2554],[79.1387,9.2518],[79.1391,9.2552],[79.136,9.2554]]],[[[78.9669,9.1831],[78.9709,9.1852],[78.9669,9.1874],[78.9669,9.1831]]],[[[79.0874,9.1908],[79.0695,9.2096],[79.0567,9.1969],[79.0874,9.1908]]],[[[79.1394,9.2118],[79.1414,9.2134],[79.1389,9.2129],[79.1394,9.2118]]],[[[79.134,9.2151],[79.1221,9.2166],[79.1224,9.2146],[79.1285,9.2129],[79.134,9.2151]]],[[[79.1646,9.209],[79.1472,9.225],[79.1237,9.2212],[79.1646,9.209]]],[[[79.1469,9.2346],[79.1457,9.2302],[79.1486,9.2318],[79.1469,9.2346]]],[[[79.4535,9.147],[79.4526,9.1498],[79.45,9.1481],[79.4535,9.147]]],[[[79.4449,9.1535],[79.4446,9.1511],[79.4457,9.1522],[79.4449,9.1535]]],[[[79.4436,9.1566],[79.4458,9.158],[79.4444,9.1581],[79.4436,9.1566]]],[[[79.7788,11.9047],[79.7708,11.8841],[79.7851,11.863],[79.7964,11.8999],[79.7788,11.9047]]],[[[77.3067,8.1271],[77.31,8.1263],[77.3055,8.1294],[77.3067,8.1271]]],[[[77.2449,8.1703],[77.2463,8.1722],[77.2433,8.1708],[77.2449,8.1703]]],[[[77.2401,8.1742],[77.2365,8.1767],[77.2356,8.1756],[77.2389,8.1738],[77.2401,8.1742]]],[[[78.2559,8.9498],[78.2509,8.956],[78.2519,8.9489],[78.2559,8.9498]]],[[[78.4902,9.0943],[78.4941,9.0858],[78.4966,9.0904],[78.4902,9.0943]]],[[[78.5811,9.1006],[78.5793,9.1129],[78.5706,9.1015],[78.5811,9.1006]]],[[[78.6949,9.1552],[78.6961,9.1513],[78.6966,9.1558],[78.6949,9.1552]]],[[[78.7311,9.1524],[78.7313,9.1559],[78.7279,9.1532],[78.7311,9.1524]]],[[[78.7518,9.1573],[78.7509,9.1566],[78.7521,9.1557],[78.7518,9.1573]]],[[[78.8167,9.1601],[78.8236,9.1662],[78.8194,9.1657],[78.8167,9.1601]]],[[[78.8239,9.1667],[78.8279,9.1685],[78.8285,9.1737],[78.8239,9.1667]]],[[[78.8972,9.1796],[78.9404,9.1834],[78.9433,9.1873],[78.8972,9.1796]]],[[[78.2074,8.8321],[78.2039,8.8373],[78.2047,8.8321],[78.2074,8.8321]]],[[[78.2081,8.8401],[78.2117,8.8343],[78.2139,8.835],[78.2081,8.8401]]],[[[78.2251,8.8667],[78.226,8.8727],[78.2208,8.8729],[78.2251,8.8667]]],[[[78.2185,8.8799],[78.2235,8.8841],[78.2178,8.8851],[78.2185,8.8799]]],[[[78.2693,8.9374],[78.2704,8.942],[78.2666,8.9394],[78.2693,8.9374]]],[[[78.5351,9.1029],[78.5379,9.1024],[78.5393,9.1059],[78.5351,9.1029]]],[[[79.807,11.8336],[79.8006,11.8553],[79.7661,11.8406],[79.7685,11.876],[79.751,11.8481],[79.7399,11.8646],[79.7174,11.8545],[79.71,11.8892],[79.674,11.8807],[79.6954,11.8948],[79.6962,11.9192],[79.7186,11.919],[79.7066,11.9135],[79.7111,11.8908],[79.7406,11.9055],[79.7175,11.929],[79.7208,11.9449],[79.7096,11.9498],[79.7111,11.9331],[79.6972,11.9418],[79.6957,11.9639],[79.7476,12.0078],[79.7604,11.9892],[79.7234,11.9771],[79.7445,11.965],[79.7502,11.9199],[79.7847,11.9599],[79.805,11.9533],[79.8125,11.9779],[79.8406,11.9558],[79.8571,12.0068],[79.8405,12.0133],[79.8498,12.0518],[79.8738,12.0426],[80.046,12.3125],[80.1377,12.4106],[80.2547,12.7808],[80.2606,12.9439],[80.3111,13.1081],[80.3007,13.0912],[80.2949,13.0929],[80.3468,13.3134],[80.3259,13.4454],[80.2688,13.5653],[80.2418,13.4707],[80.2146,13.4903],[80.1452,13.4914],[80.1392,13.5043],[80.0782,13.4888],[80.0812,13.5498],[80.0569,13.5367],[79.9997,13.5423],[80.0005,13.5257],[80.0484,13.5123],[80.0466,13.4937],[80.0159,13.498],[80.0078,13.4783],[79.9724,13.4691],[79.9733,13.4297],[79.9345,13.4165],[79.9627,13.3914],[79.938,13.3555],[79.9159,13.3599],[79.8628,13.3169],[79.8089,13.3173],[79.7917,13.2935],[79.7608,13.3185],[79.7567,13.2953],[79.7337,13.2888],[79.7947,13.2421],[79.7945,13.2263],[79.7598,13.2075],[79.7373,13.2366],[79.7184,13.2165],[79.7027,13.2224],[79.7125,13.2447],[79.6842,13.2445],[79.6783,13.2617],[79.6957,13.2673],[79.6824,13.2959],[79.6654,13.2787],[79.6425,13.2902],[79.6316,13.2697],[79.596,13.2849],[79.5792,13.2578],[79.5346,13.2754],[79.5373,13.3387],[79.4562,13.3386],[79.4354,13.3517],[79.3819,13.3075],[79.42,13.2896],[79.4454,13.3013],[79.4337,13.275],[79.4084,13.2653],[79.4185,13.243],[79.4376,13.2429],[79.431,13.2297],[79.4531,13.2384],[79.4384,13.1882],[79.374,13.1893],[79.3877,13.1776],[79.3695,13.1729],[79.38,13.163],[79.3561,13.1646],[79.3605,13.1236],[79.3452,13.1214],[79.3411,13.1369],[79.3072,13.1056],[79.2943,13.1096],[79.3124,13.1262],[79.284,13.1228],[79.2803,13.1529],[79.2574,13.1608],[79.2452,13.1383],[79.2349,13.1709],[79.21,13.1485],[79.2328,13.1394],[79.2344,13.1053],[79.1806,13.0843],[79.1921,13.0675],[79.1783,13.0592],[79.1921,13.0562],[79.1804,13.0489],[79.193,13.0467],[79.1631,13.0203],[79.1145,13.0393],[79.0809,13.0258],[79.0634,13.0531],[78.995,13.0866],[78.9239,13.0808],[78.9036,13.0477],[78.9291,13.0458],[78.9408,13.0364],[78.9371,13.0305],[78.8916,13.0331],[78.8916,13.0971],[78.842,13.0787],[78.8131,13.0892],[78.7943,13.0666],[78.7518,13.055],[78.7145,13.0687],[78.7052,13.0153],[78.6562,13.0312],[78.6555,13.0153],[78.6209,12.9913],[78.657,12.9321],[78.6334,12.9318],[78.5925,12.7827],[78.5556,12.7558],[78.5558,12.7002],[78.5349,12.6912],[78.5296,12.7103],[78.5443,12.711],[78.525,12.7155],[78.5209,12.7362],[78.5167,12.7244],[78.4891,12.742],[78.52,12.7121],[78.503,12.7168],[78.4998,12.6762],[78.4679,12.6759],[78.4649,12.6241],[78.3714,12.6272],[78.301,12.6659],[78.2711,12.7051],[78.2106,12.6861],[78.2057,12.7065],[78.241,12.73],[78.2309,12.7607],[78.1342,12.782],[78.0533,12.8539],[78.0238,12.8566],[78.029,12.8452],[78.0039,12.8256],[78.0153,12.8138],[77.9956,12.8059],[77.9523,12.8572],[77.94,12.8532],[77.9407,12.8234],[77.9205,12.8282],[77.9418,12.8717],[77.9277,12.875],[77.9293,12.891],[77.8903,12.8697],[77.836,12.8704],[77.7924,12.8422],[77.8099,12.8316],[77.8085,12.7968],[77.7788,12.7678],[77.7916,12.7467],[77.7633,12.7369],[77.7744,12.7243],[77.7647,12.7011],[77.7374,12.6978],[77.7399,12.673],[77.7116,12.6832],[77.7042,12.6615],[77.6786,12.6604],[77.6764,12.6795],[77.6599,12.6839],[77.5989,12.6672],[77.6062,12.629],[77.591,12.6153],[77.5803,12.5516],[77.5872,12.5148],[77.6163,12.5092],[77.5837,12.4789],[77.6074,12.4752],[77.6261,12.4964],[77.6346,12.4877],[77.6168,12.3683],[77.5513,12.2913],[77.4876,12.2806],[77.4711,12.2436],[77.4826,12.2295],[77.472,12.208],[77.4927,12.1974],[77.6107,12.2062],[77.7277,12.1816],[77.7761,12.1174],[77.6963,12.0158],[77.6756,11.9521],[77.5379,11.9325],[77.4941,11.9434],[77.4862,11.8875],[77.4616,11.9001],[77.4666,11.8472],[77.4272,11.761],[77.3944,11.7877],[77.3648,11.7905],[77.3351,11.7713],[77.2938,11.8091],[77.2498,11.8131],[77.2386,11.7948],[77.1107,11.7736],[77.1177,11.7212],[77.0802,11.7361],[77.0564,11.7699],[77.0629,11.7905],[77.0288,11.7748],[77.0387,11.794],[77.0129,11.8147],[76.9821,11.8116],[76.9699,11.777],[76.9539,11.7922],[76.908,11.7954],[76.8883,11.7338],[76.835,11.6555],[76.8581,11.6141],[76.8469,11.5946],[76.7569,11.6186],[76.5767,11.6146],[76.5599,11.6226],[76.5505,11.6743],[76.5116,11.7051],[76.4582,11.6645],[76.4313,11.6665],[76.444,11.6473],[76.4325,11.6314],[76.3881,11.6297],[76.3546,11.5894],[76.3359,11.5958],[76.3024,11.5713],[76.279,11.6009],[76.2341,11.5712],[76.2515,11.5369],[76.2397,11.5267],[76.2472,11.468],[76.2844,11.483],[76.326,11.4541],[76.3422,11.4677],[76.3979,11.4364],[76.4187,11.4419],[76.4156,11.4233],[76.4604,11.3889],[76.5177,11.3716],[76.5082,11.3542],[76.5478,11.359],[76.5457,11.3004],[76.5217,11.2707],[76.4531,11.2395],[76.4386,11.199],[76.4584,11.1878],[76.4723,11.2088],[76.4958,11.2115],[76.5338,11.1857],[76.6289,11.1943],[76.7058,11.2404],[76.7345,11.2181],[76.7286,11.1914],[76.698,11.1742],[76.7002,11.1536],[76.7481,11.1355],[76.7465,11.0568],[76.7781,11.0422],[76.8008,11.054],[76.7666,11.0292],[76.7182,11.041],[76.6997,11.0267],[76.6591,10.9306],[76.7407,10.8911],[76.8284,10.8726],[76.8539,10.8397],[76.8482,10.8195],[76.9008,10.808],[76.9073,10.7834],[76.8922,10.7185],[76.8675,10.6943],[76.8821,10.639],[76.8143,10.635],[76.8101,10.6238],[76.8175,10.6027],[76.8386,10.5963],[76.8431,10.5367],[76.816,10.423],[76.8486,10.3674],[76.8299,10.3032],[76.8486,10.2845],[76.8732,10.2975],[76.8733,10.2757],[76.9119,10.2343],[76.9836,10.2197],[77.0484,10.2594],[77.0436,10.2841],[77.0914,10.3151],[77.1202,10.318],[77.176,10.3586],[77.2353,10.3529],[77.2273,10.3166],[77.2636,10.2639],[77.2591,10.2305],[77.2809,10.2367],[77.2953,10.2185],[77.2746,10.1849],[77.2677,10.1222],[77.2385,10.1308],[77.2012,10.1072],[77.2639,10.0293],[77.2547,10.0124],[77.2728,9.9643],[77.2466,9.952],[77.2183,9.9049],[77.2125,9.8775],[77.2373,9.852],[77.2219,9.8231],[77.2468,9.7985],[77.2228,9.7884],[77.2239,9.7304],[77.2035,9.7222],[77.2067,9.6947],[77.1658,9.6129],[77.2089,9.6136],[77.2342,9.5816],[77.2696,9.5729],[77.3177,9.6026],[77.3394,9.5734],[77.3611,9.6024],[77.3502,9.5672],[77.3655,9.5352],[77.3851,9.5193],[77.4004,9.5275],[77.4123,9.5091],[77.3925,9.4595],[77.3659,9.4602],[77.3493,9.4412],[77.3252,9.3372],[77.3,9.3368],[77.2995,9.311],[77.283,9.3014],[77.2822,9.2169],[77.2525,9.1895],[77.2678,9.1534],[77.2121,9.0999],[77.1972,9.0466],[77.167,9.0449],[77.147,9.0214],[77.1962,8.9547],[77.1927,8.9263],[77.2213,8.9275],[77.2211,8.9041],[77.2583,8.875],[77.264,8.8421],[77.2297,8.7847],[77.1969,8.7683],[77.191,8.7416],[77.17,8.7419],[77.2067,8.6845],[77.2009,8.669],[77.2514,8.6203],[77.2464,8.6036],[77.2838,8.5469],[77.2616,8.5063],[77.2013,8.501],[77.227,8.4467],[77.206,8.444],[77.1677,8.3837],[77.1507,8.3845],[77.1524,8.3551],[77.1739,8.3585],[77.1665,8.3425],[77.1803,8.3234],[77.1287,8.3246],[77.0978,8.2925],[77.3155,8.1221],[77.555,8.0766],[77.5712,8.0933],[77.5666,8.1184],[77.6045,8.1472],[77.7296,8.1641],[77.758,8.1453],[77.7937,8.1623],[77.8411,8.2517],[77.8909,8.2705],[77.9915,8.3501],[78.0671,8.3745],[78.0637,8.4124],[78.1433,8.5017],[78.1306,8.5479],[78.1447,8.598],[78.1385,8.6802],[78.202,8.756],[78.203,8.7901],[78.2005,8.7929],[78.197,8.7627],[78.1606,8.7747],[78.1903,8.9284],[78.2182,8.9684],[78.4068,9.1099],[78.5243,9.1365],[78.5785,9.1304],[78.6574,9.1577],[78.6428,9.1759],[78.6641,9.1935],[78.7166,9.1891],[78.7326,9.2116],[78.9646,9.274],[79.0897,9.2602],[79.2086,9.2817],[79.2168,9.2553],[79.2999,9.2458],[79.4328,9.1609],[79.3157,9.2741],[79.3294,9.3202],[79.3108,9.3277],[79.2671,9.2928],[79.2097,9.2829],[79.0665,9.298],[78.9361,9.4092],[78.8984,9.4896],[78.9144,9.493],[78.9268,9.5851],[78.9803,9.6896],[79.1189,9.8524],[79.1192,9.8772],[79.1551,9.9316],[79.266,10.0393],[79.2285,10.0903],[79.2282,10.1474],[79.2968,10.2624],[79.3891,10.3174],[79.5166,10.3134],[79.7685,10.2719],[79.8586,10.2821],[79.8814,10.3058],[79.8534,10.6267],[79.8527,10.8269],[79.831,10.8274],[79.828,10.8497],[79.8079,10.8557],[79.8248,10.8649],[79.8112,10.8804],[79.8285,10.8838],[79.7836,10.8885],[79.7892,10.9085],[79.7562,10.8918],[79.7629,10.9137],[79.7248,10.929],[79.7365,10.9572],[79.7187,10.956],[79.7309,10.9705],[79.7639,10.9598],[79.7486,11.0032],[79.7977,10.9826],[79.8152,11.0038],[79.8402,11.0021],[79.8544,10.9833],[79.8431,11.3512],[79.7572,11.5575],[79.7958,11.7855],[79.7658,11.7919],[79.755,11.7753],[79.7123,11.7916],[79.7357,11.8094],[79.7367,11.8443],[79.7678,11.8227],[79.807,11.8336]],[[79.6759,11.8143],[79.6896,11.8021],[79.6813,11.7963],[79.6759,11.8143]],[[79.6926,11.8225],[79.7026,11.8135],[79.692,11.8142],[79.6926,11.8225]],[[79.6971,11.874],[79.6991,11.8613],[79.696,11.8604],[79.6971,11.874]],[[79.8009,12.017],[79.7893,12.0277],[79.8053,12.0245],[79.8009,12.017]],[[79.6409,11.8229],[79.6617,11.8393],[79.6712,11.8149],[79.6409,11.8229]],[[79.5993,11.8829],[79.6411,11.8866],[79.6627,11.8673],[79.6578,11.8527],[79.6269,11.8543],[79.6285,11.8698],[79.602,11.8578],[79.5993,11.8829]],[[79.687,11.9679],[79.6765,11.9485],[79.6528,11.9578],[79.6622,11.9691],[79.687,11.9679]],[[79.6514,12.0223],[79.6427,11.9421],[79.6574,11.9481],[79.6705,11.9298],[79.6321,11.9013],[79.6179,11.9361],[79.6264,12.0319],[79.6514,12.0223]],[[79.6965,12.0354],[79.7196,11.9922],[79.6569,11.9916],[79.6614,12.0123],[79.6965,12.0354]],[[79.806,10.8797],[79.8099,10.8784],[79.8069,10.8777],[79.806,10.8797]],[[79.722,10.9361],[79.7202,10.9361],[79.7216,10.9383],[79.722,10.9361]]]]}},{"type":"Feature","properties":{"name":"West Bengal","level":"state"},"geometry":{"type":"MultiPolygon","coordinates":[[[[88.2042,21.5125],[88.2288,21.4837],[88.243,21.4971],[88.2224,21.5409],[88.2042,21.5125]]],[[[88.3364,21.5695],[88.3316,21.5425],[88.3396,21.5729],[88.3364,21.5695]]],[[[88.1774,21.5494],[88.2001,21.5443],[88.1895,21.5784],[88.1636,21.5975],[88.1774,21.5494]]],[[[88.3423,21.5863],[88.3593,21.5676],[88.3479,21.594],[88.3423,21.5863]]],[[[88.0521,21.5107],[88.0457,21.513],[88.0449,21.5084],[88.0521,21.5107]]],[[[88.0749,21.5171],[88.0698,21.5234],[88.059,21.5082],[88.0749,21.5171]]],[[[88.0479,21.5757],[88.0167,21.5954],[87.9918,21.513],[88.0255,21.5621],[88.0369,21.5458],[88.0442,21.5686],[88.0546,21.5505],[88.0479,21.5757]]],[[[88.0827,21.5828],[88.0753,21.5798],[88.0819,21.5715],[88.0827,21.5828]]],[[[88.0909,21.5874],[88.0823,21.5871],[88.0887,21.5833],[88.0909,21.5874]]],[[[88.0821,21.6138],[88.0743,21.6133],[88.0792,21.6077],[88.0821,21.6138]]],[[[87.9859,21.687],[87.9447,21.5918],[87.9901,21.623],[87.9859,21.687]]],[[[87.9049,21.7032],[87.9036,21.6842],[87.91,21.703],[87.9049,21.7032]]],[[[88.3515,21.6064],[88.3447,21.6168],[88.3457,21.604],[88.3515,21.6064]]],[[[88.2078,21.5971],[88.2251,21.666],[88.1955,21.6794],[88.204,21.7079],[88.1799,21.6713],[88.2078,21.5971]]],[[[88.3119,21.7067],[88.3167,21.6049],[88.3434,21.6304],[88.3493,21.6802],[88.3119,21.7067]]],[[[88.4206,21.7028],[88.3956,21.7422],[88.3712,21.7285],[88.4038,21.7199],[88.3827,21.6813],[88.3942,21.5895],[88.4302,21.6255],[88.4095,21.6537],[88.4206,21.7028]]],[[[88.5923,21.5567],[88.5859,21.5634],[88.5861,21.5551],[88.5923,21.5567]]],[[[88.5343,21.5731],[88.4966,21.5978],[88.4857,21.5579],[88.51,21.5325],[88.5434,21.5313],[88.5343,21.5731]]],[[[88.6012,21.5789],[88.5949,21.5825],[88.5955,21.5778],[88.6012,21.5789]]],[[[88.566,21.5631],[88.5837,21.6068],[88.5237,21.6527],[88.5136,21.5988],[88.566,21.5631]]],[[[88.9012,21.5715],[88.8297,21.6054],[88.8331,21.5535],[88.8669,21.5328],[88.8955,21.5392],[88.9012,21.5715]]],[[[88.7979,21.5915],[88.775,21.6487],[88.7457,21.6465],[88.7185,21.6358],[88.7063,21.5921],[88.7289,21.5691],[88.7646,21.5665],[88.7979,21.5915]]],[[[88.9832,21.643],[88.9608,21.6423],[88.9497,21.6732],[88.9402,21.6408],[88.986,21.6175],[88.9832,21.643]]],[[[88.9734,21.7338],[88.9272,21.7636],[88.9251,21.7206],[88.9471,21.7035],[88.9651,21.6482],[88.9774,21.6483],[88.9902,21.6393],[88.9937,21.601],[89.0201,21.5992],[89.014,21.652],[88.9946,21.6523],[88.9839,21.6613],[88.9875,21.6908],[88.9659,21.723],[88.9734,21.7338]]],[[[88.559,21.647],[88.6051,21.6149],[88.5737,21.6887],[88.559,21.647]]],[[[88.6332,21.675],[88.6335,21.6494],[88.6411,21.6784],[88.6332,21.675]]],[[[88.5629,21.7008],[88.5202,21.714],[88.5438,21.6415],[88.5657,21.6679],[88.5629,21.7008]]],[[[88.731,21.6476],[88.7447,21.6542],[88.7103,21.6746],[88.6907,21.7178],[88.6861,21.6784],[88.731,21.6476]]],[[[88.4616,21.7824],[88.4428,21.7896],[88.4241,21.7528],[88.4333,21.7006],[88.4175,21.6576],[88.4384,21.6292],[88.4321,21.6011],[88.4528,21.6111],[88.4705,21.6746],[88.4514,21.7188],[88.4616,21.7824]]],[[[88.5719,21.7536],[88.5542,21.7621],[88.5677,21.7921],[88.5526,21.8094],[88.5121,21.7798],[88.5199,21.7251],[88.5643,21.7077],[88.5967,21.6576],[88.607,21.685],[88.5673,21.7333],[88.5719,21.7536]]],[[[88.6292,21.7389],[88.6227,21.781],[88.5959,21.785],[88.5926,21.7571],[88.6192,21.7405],[88.6005,21.7119],[88.611,21.707],[88.6292,21.7389]]],[[[88.5707,21.7638],[88.5835,21.7254],[88.614,21.733],[88.5868,21.7555],[88.5809,21.7731],[88.5707,21.7638]]],[[[87.9846,21.7017],[87.9753,21.6907],[87.9863,21.6965],[87.9846,21.7017]]],[[[88.1441,21.6538],[88.1233,21.6808],[88.1303,21.7567],[88.1034,21.7855],[88.0797,21.7809],[88.0326,21.6876],[88.0408,21.6483],[88.1207,21.6238],[88.1441,21.6538]]],[[[87.9324,21.7205],[87.9269,21.6883],[87.9417,21.7228],[87.9324,21.7205]]],[[[87.9563,21.705],[87.9523,21.7118],[87.9473,21.7043],[87.9563,21.705]]],[[[88.2002,21.7235],[88.1829,21.706],[88.1803,21.6944],[88.2002,21.7235]]],[[[88.3935,21.7142],[88.3638,21.7228],[88.3591,21.7386],[88.3667,21.762],[88.3452,21.7582],[88.3419,21.7057],[88.3558,21.6902],[88.3935,21.7142]]],[[[88.2053,21.76],[88.1974,21.7423],[88.1997,21.7303],[88.2053,21.76]]],[[[88.285,21.7393],[88.3019,21.719],[88.2918,21.7724],[88.285,21.7393]]],[[[87.9851,21.722],[87.9787,21.7263],[87.979,21.7226],[87.9851,21.722]]],[[[87.9622,21.737],[87.9499,21.735],[87.9475,21.7297],[87.9622,21.737]]],[[[87.957,21.7715],[87.9319,21.7444],[87.9573,21.7565],[87.957,21.7715]]],[[[87.8968,21.7615],[87.8804,21.7575],[87.8764,21.7453],[87.8968,21.7615]]],[[[88.363,21.738],[88.3845,21.7453],[88.3857,21.7603],[88.3719,21.7647],[88.363,21.738]]],[[[88.3714,21.7855],[88.3474,21.798],[88.3256,21.7816],[88.303,21.7794],[88.3067,21.7145],[88.3274,21.7072],[88.3242,21.7275],[88.343,21.7281],[88.3389,21.7573],[88.3714,21.7855]]],[[[88.4375,21.7895],[88.4197,21.8084],[88.3823,21.782],[88.418,21.727],[88.4188,21.7662],[88.4375,21.7895]]],[[[88.2735,21.779],[88.2742,21.7884],[88.2677,21.7877],[88.2735,21.779]]],[[[88.8671,21.701],[88.9204,21.6311],[88.9389,21.6927],[88.882,21.7411],[88.8671,21.701]]],[[[88.8588,21.7523],[88.8375,21.7661],[88.7939,21.7493],[88.7682,21.7052],[88.8169,21.709],[88.8211,21.6672],[88.8044,21.6354],[88.8385,21.619],[88.8565,21.6417],[88.8393,21.7193],[88.8588,21.7523]]],[[[88.7396,21.6664],[88.804,21.6542],[88.8038,21.7028],[88.7606,21.6895],[88.7548,21.7121],[88.7698,21.7231],[88.7488,21.7376],[88.7451,21.776],[88.7711,21.8089],[88.7568,21.7436],[88.7807,21.7378],[88.7799,21.7709],[88.8153,21.8189],[88.8248,21.8658],[88.7773,21.8688],[88.7159,21.9045],[88.6958,21.8596],[88.7145,21.8109],[88.6928,21.7411],[88.7095,21.6948],[88.7396,21.6664]]],[[[88.7859,21.7727],[88.8208,21.764],[88.823,21.8225],[88.7859,21.7727]]],[[[88.9008,21.7516],[88.8716,21.8519],[88.85,21.8623],[88.836,21.7885],[88.8665,21.7797],[88.9063,21.7362],[88.9225,21.7406],[88.9008,21.7516]]],[[[88.9145,21.9324],[88.8828,21.9135],[88.8212,21.9278],[88.8918,21.8353],[88.8865,21.8063],[88.9084,21.7573],[88.9193,21.7684],[88.9486,21.7691],[88.9429,21.7976],[88.9707,21.8156],[88.9428,21.8386],[88.9685,21.8714],[88.9708,21.9065],[88.9145,21.9324]]],[[[88.8129,21.8732],[88.835,21.8717],[88.8328,21.8971],[88.8174,21.9006],[88.8129,21.8732]]],[[[88.8096,21.913],[88.726,21.9292],[88.7154,21.9217],[88.7666,21.8814],[88.7956,21.8789],[88.8096,21.913]]],[[[88.472,21.7993],[88.4976,21.8123],[88.4864,21.8355],[88.4574,21.8105],[88.472,21.7993]]],[[[88.5804,21.8139],[88.6079,21.7982],[88.6139,21.8308],[88.5886,21.8487],[88.5804,21.8139]]],[[[88.5029,21.8284],[88.522,21.8294],[88.5187,21.8518],[88.4977,21.8467],[88.5029,21.8284]]],[[[88.6524,21.8694],[88.6325,21.8698],[88.6193,21.8968],[88.5971,21.8649],[88.6169,21.8367],[88.6144,21.8126],[88.641,21.789],[88.6524,21.8694]]],[[[88.5335,21.8464],[88.5552,21.8183],[88.5557,21.8825],[88.5335,21.8464]]],[[[88.5583,21.8327],[88.5728,21.8787],[88.5607,21.8778],[88.5583,21.8327]]],[[[88.5621,21.8942],[88.573,21.8848],[88.5725,21.8969],[88.5621,21.8942]]],[[[88.6655,21.9007],[88.6361,21.9216],[88.6265,21.9062],[88.6385,21.8768],[88.6655,21.9007]]],[[[89.1267,21.5922],[89.1298,21.5841],[89.1369,21.5908],[89.1267,21.5922]]],[[[89.4874,25.9307],[89.4964,25.9353],[89.4948,25.9367],[89.4874,25.9307]]],[[[89.5766,25.9325],[89.6067,25.951],[89.5932,25.9607],[89.5657,25.9517],[89.5766,25.9325]]],[[[89.4946,25.9547],[89.5082,25.9464],[89.5022,25.9597],[89.4946,25.9547]]],[[[88.9941,21.6843],[88.9912,21.6586],[89.0067,21.6593],[89.0085,21.7087],[88.9755,21.724],[88.9941,21.6843]]],[[[88.9986,21.81],[89.0028,21.7777],[88.9793,21.7799],[88.9561,21.7597],[88.9808,21.7468],[88.977,21.7289],[89.0124,21.7141],[89.0377,21.611],[89.0713,21.6118],[89.0933,21.6444],[89.0633,21.6932],[89.0743,21.7036],[88.9986,21.81]]],[[[89.0164,21.8741],[88.974,21.8943],[88.9762,21.8694],[88.9512,21.8381],[88.9787,21.8122],[88.9534,21.7854],[88.9709,21.7812],[88.9949,21.8161],[89.0233,21.8232],[89.0164,21.8741]]],[[[89.6159,26.1229],[89.6187,26.1267],[89.6152,26.1275],[89.6159,26.1229]]],[[[89.61,26.1276],[89.6063,26.1315],[89.6056,26.1306],[89.61,26.1276]]],[[[89.6222,26.1546],[89.6225,26.1482],[89.6252,26.1484],[89.6222,26.1546]]],[[[89.6642,26.1659],[89.661,26.1702],[89.6604,26.1681],[89.6642,26.1659]]],[[[89.0743,26.2504],[89.0856,26.2475],[89.0857,26.2494],[89.0743,26.2504]]],[[[89.0735,26.2814],[89.0697,26.2829],[89.0711,26.2781],[89.0735,26.2814]]],[[[89.08,26.2931],[89.0756,26.296],[89.08,26.2913],[89.08,26.2931]]],[[[89.0628,26.2948],[89.0552,26.3056],[89.0539,26.3006],[89.0628,26.2948]]],[[[88.4884,21.9079],[88.4766,21.8999],[88.4766,21.8977],[88.4848,21.8966],[88.4884,21.9079]]],[[[88.5153,21.9373],[88.512,21.9261],[88.5166,21.918],[88.5217,21.9269],[88.5153,21.9373]]],[[[88.802,21.9374],[88.7499,21.9587],[88.7471,21.9782],[88.7277,21.9799],[88.7366,21.934],[88.7922,21.925],[88.802,21.9374]]],[[[88.976,26.1946],[88.9724,26.1957],[88.9743,26.1936],[88.976,26.1946]]],[[[88.9506,26.2033],[88.9486,26.2025],[88.9503,26.2019],[88.9506,26.2033]]],[[[88.9622,26.2049],[88.9583,26.2024],[88.9614,26.2014],[88.9622,26.2049]]],[[[88.9599,26.2127],[88.9653,26.2142],[88.9542,26.2134],[88.9599,26.2127]]],[[[88.932,26.3664],[88.9302,26.3778],[88.9212,26.3742],[88.932,26.3664]]],[[[88.9684,26.4128],[88.9646,26.4108],[88.9671,26.4084],[88.9684,26.4128]]],[[[88.9495,26.4011],[88.9567,26.4222],[88.9499,26.4268],[88.9495,26.4011]]],[[[88.9665,26.4177],[88.9691,26.4217],[88.9654,26.4215],[88.9665,26.4177]]],[[[88.9684,26.4336],[88.9656,26.4295],[88.9693,26.4305],[88.9684,26.4336]]],[[[89.0502,26.3101],[89.053,26.3062],[89.0537,26.3099],[89.0502,26.3101]]],[[[89.0172,26.311],[89.0201,26.3175],[89.0164,26.3165],[89.0172,26.311]]],[[[89.0273,26.3189],[89.034,26.3168],[89.0359,26.3202],[89.0273,26.3189]]],[[[88.9992,26.3222],[88.9974,26.3184],[89.0008,26.3167],[88.9992,26.3222]]],[[[89.009,26.3279],[89.0057,26.3247],[89.0081,26.3245],[89.009,26.3279]]],[[[89.0103,26.3312],[89.0128,26.3395],[89.0054,26.3389],[89.0103,26.3312]]],[[[89.0685,26.3081],[89.0701,26.3053],[89.0702,26.3083],[89.0685,26.3081]]],[[[89.0686,26.3107],[89.0648,26.3091],[89.0683,26.309],[89.0686,26.3107]]],[[[89.0784,26.3243],[89.057,26.3253],[89.0549,26.3223],[89.0698,26.3132],[89.0784,26.3243]]],[[[89.076,26.3677],[89.0748,26.3655],[89.0772,26.3662],[89.076,26.3677]]],[[[88.9976,26.3415],[88.9923,26.3454],[88.9904,26.3431],[88.9976,26.3415]]],[[[88.9805,26.3554],[88.9861,26.3548],[88.986,26.3568],[88.9805,26.3554]]],[[[89.0527,26.3723],[89.0518,26.3682],[89.053,26.3681],[89.0527,26.3723]]],[[[89.0496,26.3757],[89.0477,26.373],[89.0498,26.3724],[89.0496,26.3757]]],[[[89.0549,26.3732],[89.0532,26.3781],[89.0534,26.3735],[89.0549,26.3732]]],[[[88.9857,26.394],[88.9819,26.392],[88.9841,26.3908],[88.9857,26.394]]],[[[89.0142,26.4088],[89.0164,26.4045],[89.0174,26.4087],[89.0142,26.4088]]],[[[88.9863,26.4137],[88.9907,26.406],[88.9916,26.413],[88.9863,26.4137]]],[[[88.982,26.403],[88.98,26.4189],[88.9713,26.4126],[88.982,26.403]]],[[[88.9761,26.4422],[88.9785,26.4438],[88.9769,26.4449],[88.9761,26.4422]]],[[[88.1668,21.8192],[88.124,21.8711],[88.0842,21.7925],[88.1115,21.7906],[88.1363,21.7599],[88.1367,21.678],[88.1708,21.7379],[88.1668,21.8192]]],[[[88.0893,21.8926],[88.0942,21.867],[88.1037,21.8897],[88.0893,21.8926]]],[[[88.1036,21.9083],[88.0954,21.9014],[88.1107,21.9009],[88.1036,21.9083]]],[[[88.1148,21.931],[88.1301,21.9001],[88.1408,21.9213],[88.1148,21.931]]],[[[88.1779,21.7996],[88.1768,21.7806],[88.1826,21.7806],[88.1779,21.7996]]],[[[88.3548,21.7974],[88.3516,21.8539],[88.3377,21.8595],[88.2622,21.8053],[88.2913,21.7784],[88.3382,21.8016],[88.3548,21.7974]]],[[[88.1767,21.8563],[88.1841,21.8363],[88.1906,21.8345],[88.1767,21.8563]]],[[[88.4623,21.8449],[88.4897,21.8523],[88.4747,21.8898],[88.445,21.9068],[88.4204,21.9005],[88.3996,21.8766],[88.3989,21.8065],[88.4194,21.8136],[88.4569,21.7969],[88.447,21.8172],[88.4623,21.8449]]],[[[88.1691,21.8622],[88.1636,21.8625],[88.1684,21.8603],[88.1691,21.8622]]],[[[88.2753,26.3313],[88.2756,26.3326],[88.2742,26.3308],[88.2753,26.3313]]],[[[88.0883,21.9747],[88.1195,21.9828],[88.1354,22.0151],[88.0981,22.0019],[88.0883,21.9747]]],[[[88.0148,27.2117],[88.0194,27.1702],[87.9917,27.1083],[88.0218,27.0869],[88.0398,27.0354],[88.0799,27.0343],[88.0911,27.0062],[88.1331,26.9823],[88.121,26.9505],[88.1438,26.9212],[88.1384,26.8975],[88.1715,26.8667],[88.1871,26.7714],[88.1602,26.6368],[88.1054,26.5511],[88.146,26.5222],[88.1685,26.5535],[88.2184,26.5534],[88.2158,26.5733],[88.2328,26.571],[88.2354,26.5448],[88.1826,26.5042],[88.1983,26.4848],[88.2276,26.492],[88.2152,26.4772],[88.2734,26.419],[88.2373,26.3962],[88.2383,26.3809],[88.2833,26.378],[88.3004,26.35],[88.2782,26.3256],[88.2532,26.3344],[88.2277,26.2849],[88.146,26.2502],[88.1419,26.2264],[88.1164,26.2238],[88.0732,26.1752],[88.0348,26.1792],[88.0105,26.1454],[87.9751,26.1431],[87.9819,26.1274],[87.9689,26.1193],[87.9888,26.1052],[87.9642,26.095],[87.9823,26.0727],[87.9536,26.0753],[87.9488,26.0601],[87.9266,26.0839],[87.8862,26.0434],[87.8554,26.0351],[87.8396,25.9339],[87.8108,25.928],[87.8307,25.8709],[87.9157,25.8534],[87.8892,25.8298],[87.9177,25.8162],[87.9001,25.8071],[87.9044,25.7725],[87.942,25.7743],[87.9679,25.7261],[88.0006,25.7229],[88.021,25.6964],[88.0497,25.7022],[88.0507,25.6543],[88.036,25.6488],[88.0552,25.6448],[88.0344,25.6306],[88.0437,25.6104],[88.0216,25.5962],[88.0352,25.5811],[88.0209,25.5705],[88.0396,25.5743],[88.0314,25.5541],[88.0522,25.5492],[88.077,25.5068],[88.0732,25.4837],[88.0306,25.4907],[88.0135,25.5141],[88.0001,25.4982],[87.9592,25.5387],[87.9157,25.5338],[87.9027,25.5048],[87.884,25.5206],[87.8643,25.4644],[87.8392,25.468],[87.8214,25.4359],[87.787,25.4493],[87.7786,25.4104],[87.7666,25.4151],[87.7649,25.3839],[87.7895,25.3769],[87.7842,25.3401],[87.8471,25.3044],[87.8466,25.2646],[87.8185,25.242],[87.7628,25.2656],[87.7114,25.2577],[87.7787,25.2505],[87.7792,25.1436],[87.8007,25.1178],[87.7957,25.0873],[87.9399,24.9914],[87.9623,24.9378],[87.9524,24.9081],[87.8908,24.8552],[87.9003,24.823],[87.87,24.8262],[87.8816,24.799],[87.8686,24.7743],[87.8366,24.7659],[87.8361,24.7899],[87.8177,24.7609],[87.9078,24.7213],[87.8886,24.6792],[87.9171,24.6658],[87.9142,24.6371],[87.9057,24.6148],[87.8752,24.6138],[87.9115,24.6103],[87.9088,24.5858],[87.852,24.5539],[87.7717,24.5837],[87.7706,24.5708],[87.7914,24.5721],[87.8088,24.5475],[87.7942,24.5013],[87.8011,24.4935],[87.8098,24.5142],[87.8115,24.4922],[87.8283,24.4986],[87.8107,24.4771],[87.8238,24.4584],[87.8034,24.4543],[87.7895,24.4204],[87.8123,24.4142],[87.7942,24.3997],[87.8013,24.3832],[87.7645,24.3398],[87.7615,24.3083],[87.7301,24.2885],[87.7132,24.2939],[87.706,24.2604],[87.6583,24.236],[87.6388,24.2548],[87.6384,24.2147],[87.6984,24.1873],[87.6951,24.1492],[87.5758,24.161],[87.6102,24.1324],[87.5852,24.1242],[87.5809,24.0876],[87.5588,24.0814],[87.4975,24.1179],[87.4896,24.0903],[87.5111,24.0829],[87.4927,24.077],[87.4933,24.0541],[87.512,24.0361],[87.4763,24.012],[87.4379,24.013],[87.46,23.9842],[87.3606,24.0128],[87.3292,23.9987],[87.3191,24.0079],[87.337,24.034],[87.2882,24.0285],[87.2454,24.0451],[87.2337,24.0245],[87.2477,23.9987],[87.2628,24.0036],[87.2624,23.9673],[87.2929,23.9591],[87.2953,23.9021],[87.2695,23.8744],[87.2462,23.9088],[87.241,23.8704],[87.2558,23.8439],[87.2407,23.8258],[87.2174,23.8299],[87.2339,23.8565],[87.1894,23.8424],[87.1967,23.8579],[87.1294,23.8689],[87.1673,23.8251],[87.1496,23.7967],[87.1225,23.7962],[86.9739,23.8689],[86.9469,23.8461],[86.9157,23.8832],[86.8813,23.8631],[86.8898,23.8197],[86.8747,23.8476],[86.8267,23.8142],[86.8054,23.8375],[86.8041,23.8015],[86.8283,23.7533],[86.8117,23.7451],[86.7993,23.689],[86.7479,23.679],[86.713,23.6986],[86.5983,23.6739],[86.5288,23.6299],[86.4618,23.6298],[86.4472,23.598],[86.3878,23.5741],[86.3651,23.5311],[86.3754,23.5091],[86.3617,23.4853],[86.3793,23.4738],[86.3636,23.4715],[86.3489,23.4404],[86.3057,23.4351],[86.3177,23.4268],[86.3101,23.4118],[86.2641,23.4308],[86.2475,23.4117],[86.2304,23.431],[86.246,23.4597],[86.2329,23.4623],[86.2288,23.4434],[86.1771,23.4698],[86.1485,23.4654],[86.1586,23.5595],[86.0915,23.5632],[86.042,23.5862],[86.0168,23.5475],[86.0541,23.4869],[85.8708,23.4755],[85.8636,23.4316],[85.8845,23.43],[85.8861,23.405],[85.9026,23.3985],[85.8698,23.3889],[85.8836,23.3504],[85.8197,23.2685],[85.838,23.247],[85.8368,23.2202],[85.8643,23.222],[85.8825,23.1984],[85.8942,23.1553],[85.9218,23.1451],[85.9581,23.1609],[86.0437,23.1449],[86.0492,23.1061],[86.1461,23.0753],[86.1416,23.0573],[86.1855,23.0052],[86.2374,22.9951],[86.3046,23.0168],[86.3261,22.9949],[86.3768,22.9985],[86.3939,22.981],[86.4191,23.0006],[86.4468,22.9881],[86.5014,22.9947],[86.5189,22.9706],[86.5476,22.9887],[86.5255,22.9473],[86.489,22.9377],[86.4766,22.9519],[86.4358,22.9259],[86.4673,22.9009],[86.4509,22.8624],[86.4348,22.8607],[86.4387,22.8313],[86.4194,22.791],[86.5106,22.7048],[86.514,22.7185],[86.548,22.7209],[86.635,22.6656],[86.6331,22.611],[86.6585,22.5757],[86.7658,22.5757],[86.7667,22.5561],[86.7893,22.5477],[86.8009,22.4884],[86.7507,22.4825],[86.7511,22.4558],[86.7647,22.4266],[86.8455,22.3999],[86.8332,22.3245],[86.8881,22.2973],[86.8867,22.2574],[86.824,22.2668],[86.8168,22.2538],[86.8134,22.2675],[86.803,22.2444],[86.7922,22.2663],[86.7943,22.2434],[86.8125,22.2412],[86.8022,22.2179],[86.7782,22.2181],[86.7951,22.2279],[86.7816,22.2371],[86.776,22.2181],[86.727,22.2168],[86.7218,22.1468],[86.7957,22.1569],[86.8089,22.1192],[86.8283,22.1178],[86.8378,22.0977],[86.9601,22.0879],[87.0282,22.0379],[87.0309,21.9855],[87.0017,21.9139],[87.0377,21.8681],[87.0986,21.8658],[87.0964,21.914],[87.1615,21.9356],[87.1701,21.9794],[87.1962,21.9595],[87.2359,21.9571],[87.2552,21.926],[87.2387,21.9049],[87.2466,21.8613],[87.2765,21.8052],[87.2977,21.8109],[87.3378,21.7837],[87.3554,21.7911],[87.3693,21.7646],[87.3857,21.7758],[87.4444,21.7682],[87.4544,21.7392],[87.4443,21.734],[87.4692,21.7322],[87.4618,21.6511],[87.4768,21.6466],[87.4862,21.6098],[87.6281,21.6443],[87.6385,21.6626],[87.6512,21.6473],[87.6738,21.6505],[87.7465,21.694],[87.8064,21.7089],[87.8791,21.7727],[87.8703,21.811],[87.8997,21.7941],[87.9866,21.8707],[88.0485,21.9974],[87.9929,22.0757],[88.0196,22.0719],[88.0601,22.0179],[88.1674,22.0782],[88.1876,22.1105],[88.1563,22.1654],[88.1339,22.1862],[88.0148,22.2026],[87.9905,22.2255],[87.9949,22.2447],[88.0345,22.219],[88.0842,22.2561],[88.0668,22.2095],[88.1032,22.2148],[88.1765,22.1915],[88.2042,22.1524],[88.2223,22.0727],[88.1877,21.9953],[88.1457,21.9552],[88.1647,21.9435],[88.1641,21.8836],[88.194,21.8436],[88.2121,21.7831],[88.22,21.7022],[88.2028,21.6826],[88.2299,21.6697],[88.236,21.645],[88.2201,21.604],[88.26,21.5565],[88.3028,21.5817],[88.2862,21.6105],[88.3022,21.6788],[88.2681,21.7281],[88.2814,21.7574],[88.2559,21.801],[88.3036,21.8523],[88.2539,21.8599],[88.27,21.8993],[88.2615,21.9622],[88.2766,21.9458],[88.2749,21.8993],[88.2607,21.8649],[88.3049,21.8769],[88.3118,21.8596],[88.3537,21.8669],[88.3636,21.8821],[88.3474,21.9354],[88.3511,21.9714],[88.3726,21.9061],[88.3559,21.8271],[88.3817,21.7951],[88.3923,21.8868],[88.3796,21.9003],[88.3951,21.9246],[88.3747,21.9663],[88.4026,21.9882],[88.3882,22.0042],[88.4071,21.9927],[88.383,21.9664],[88.4015,21.9224],[88.3911,21.8968],[88.4449,21.9174],[88.4432,21.9502],[88.4602,21.9587],[88.446,21.9875],[88.4658,21.9617],[88.4567,21.9039],[88.4707,21.901],[88.5052,21.9254],[88.4982,21.9763],[88.5146,21.9897],[88.5411,21.9883],[88.5541,22.0514],[88.5505,21.9909],[88.5017,21.9674],[88.5219,21.9436],[88.5256,21.9252],[88.5019,21.8969],[88.5256,21.9183],[88.4963,21.879],[88.532,21.8532],[88.5434,21.9042],[88.5716,21.9111],[88.5796,21.8919],[88.5936,21.8956],[88.6015,21.9384],[88.614,21.9398],[88.5987,21.9823],[88.6171,22.0138],[88.6019,22.0304],[88.6217,22.0229],[88.6375,22.0472],[88.6227,22.0952],[88.6076,22.1011],[88.6733,22.2041],[88.6319,22.2127],[88.6504,22.2487],[88.6589,22.2369],[88.6404,22.2158],[88.7029,22.2087],[88.6839,22.2074],[88.6561,22.1686],[88.6374,22.1125],[88.6614,22.0566],[88.6331,21.994],[88.6384,21.9521],[88.6823,21.9453],[88.69,21.9742],[88.7383,22.0137],[88.738,22.0331],[88.6988,22.0551],[88.689,22.087],[88.739,22.1451],[88.7679,22.147],[88.7034,22.0735],[88.7411,22.0533],[88.7502,22.082],[88.7834,22.1089],[88.7506,22.0588],[88.7731,22.0545],[88.7559,22.0474],[88.7623,22.0155],[88.7465,21.9895],[88.7655,21.9981],[88.8168,21.9682],[88.7585,21.9836],[88.756,21.9626],[88.853,21.9224],[88.9012,21.931],[88.9062,22.0531],[88.8897,22.0535],[88.8924,22.0682],[88.9279,22.1049],[88.904,22.0687],[88.9251,22.0552],[88.9123,22.028],[88.9209,21.9839],[88.9299,22.0634],[88.9635,22.0775],[88.9873,22.1101],[88.9753,22.071],[88.9372,22.0546],[88.9461,21.9951],[88.9302,21.953],[88.9579,21.9293],[88.9732,21.9443],[88.972,21.9226],[89.0076,21.9028],[89.0122,21.9277],[88.9872,21.9497],[88.9952,21.9622],[89.0308,21.9284],[89.0689,21.9488],[89.0785,22.0194],[89.0549,22.047],[89.0424,22.1012],[89.0956,22.1604],[89.0712,22.1565],[89.0651,22.2071],[89.0332,22.2593],[89.0128,22.2556],[89.0211,22.2684],[88.9951,22.2874],[89.0251,22.2985],[88.9847,22.3264],[88.9918,22.3911],[88.9727,22.4112],[89.0006,22.4294],[88.9967,22.4689],[88.944,22.5605],[88.9389,22.5873],[88.9594,22.6141],[88.9261,22.6498],[88.9626,22.6933],[88.9281,22.7178],[88.9122,22.7586],[88.9592,22.7968],[88.9695,22.844],[88.9459,22.8802],[88.9277,22.872],[88.8968,22.897],[88.9097,22.9178],[88.888,22.9332],[88.8943,22.9531],[88.86,22.9436],[88.8717,22.9782],[88.8461,23.0094],[88.8794,23.006],[88.8676,23.1],[88.9298,23.1419],[88.9386,23.1763],[88.9643,23.1927],[88.9747,23.1914],[88.9753,23.1811],[88.9796,23.1819],[88.9791,23.2126],[88.9944,23.2142],[88.9749,23.2235],[88.9421,23.2057],[88.9141,23.213],[88.9062,23.2357],[88.8232,23.2329],[88.8108,23.2559],[88.8111,23.221],[88.7895,23.2181],[88.7672,23.2454],[88.7186,23.2548],[88.7235,23.2722],[88.6958,23.3022],[88.7106,23.3127],[88.7254,23.2992],[88.7296,23.3194],[88.7451,23.3077],[88.7318,23.3511],[88.7655,23.3678],[88.7491,23.3998],[88.7641,23.4478],[88.7949,23.4429],[88.7871,23.4685],[88.7998,23.4965],[88.7865,23.5067],[88.7687,23.4911],[88.7746,23.4793],[88.7406,23.4801],[88.7239,23.5124],[88.6972,23.5162],[88.6544,23.5564],[88.6385,23.5912],[88.6463,23.6081],[88.5799,23.6023],[88.5936,23.64],[88.5624,23.6364],[88.5581,23.6487],[88.574,23.6678],[88.5648,23.7124],[88.5805,23.7602],[88.5564,23.7835],[88.5784,23.7857],[88.6023,23.8167],[88.5753,23.8609],[88.6075,23.8621],[88.6164,23.8761],[88.6673,23.8697],[88.664,23.8823],[88.704,23.8993],[88.7062,23.9161],[88.733,23.9111],[88.7383,23.9827],[88.7689,23.9826],[88.7606,24.0059],[88.7287,23.996],[88.7428,24.0352],[88.7268,24.0527],[88.7377,24.0614],[88.7234,24.0686],[88.7286,24.0991],[88.701,24.0947],[88.6944,24.112],[88.7468,24.1478],[88.7316,24.1743],[88.7354,24.2761],[88.6835,24.3244],[88.6518,24.2995],[88.5865,24.3245],[88.5672,24.3263],[88.5592,24.3081],[88.5253,24.3154],[88.4793,24.3534],[88.3825,24.3956],[88.3349,24.4431],[88.1897,24.4762],[88.1239,24.517],[88.0896,24.614],[88.0244,24.6881],[88.0617,24.7219],[88.0681,24.7706],[88.1047,24.7798],[88.1221,24.8231],[88.1354,24.8054],[88.1405,24.85],[88.1744,24.861],[88.1375,24.936],[88.2259,24.9598],[88.2632,24.9111],[88.2581,24.8783],[88.2763,24.8981],[88.3023,24.8722],[88.3193,24.8846],[88.3279,24.8713],[88.3458,24.8942],[88.3242,24.9139],[88.3401,24.9407],[88.3632,24.9536],[88.3979,24.9456],[88.3946,24.9699],[88.4161,24.9736],[88.4122,24.998],[88.425,25.0162],[88.4273,25.008],[88.4366,25.007],[88.4526,25.0367],[88.4353,25.0556],[88.4531,25.0792],[88.442,25.1272],[88.4608,25.1499],[88.4419,25.1987],[88.4973,25.2111],[88.5369,25.1975],[88.5341,25.1873],[88.5578,25.1922],[88.5601,25.1751],[88.6131,25.2039],[88.712,25.2075],[88.7498,25.1763],[88.7703,25.1891],[88.8062,25.1697],[88.8432,25.2134],[88.865,25.1894],[88.8742,25.1959],[88.8763,25.1784],[88.91,25.1794],[88.9206,25.1654],[88.9488,25.1759],[88.9348,25.1991],[88.9616,25.2077],[88.9561,25.2538],[88.9871,25.2736],[89.0071,25.2628],[89.0088,25.2942],[88.9285,25.3036],[88.9061,25.3367],[88.8835,25.3248],[88.8685,25.3519],[88.8401,25.3635],[88.8405,25.3973],[88.8123,25.4102],[88.8302,25.4169],[88.8391,25.4583],[88.8297,25.4898],[88.8123,25.4894],[88.8113,25.5234],[88.7598,25.525],[88.765,25.4945],[88.7078,25.4999],[88.6986,25.4708],[88.6464,25.4777],[88.6481,25.4967],[88.6224,25.4973],[88.6086,25.5164],[88.5879,25.5065],[88.554,25.5209],[88.5398,25.5085],[88.5329,25.5417],[88.5233,25.5345],[88.494,25.558],[88.4994,25.584],[88.4454,25.5965],[88.4546,25.664],[88.4023,25.6718],[88.4043,25.6845],[88.3722,25.6963],[88.3742,25.7162],[88.2674,25.7821],[88.2614,25.8137],[88.2099,25.7877],[88.1845,25.8024],[88.1513,25.776],[88.1444,25.7942],[88.1151,25.7988],[88.1202,25.8125],[88.1015,25.8294],[88.1102,25.8677],[88.0936,25.8739],[88.1025,25.89],[88.0869,25.9166],[88.1212,25.9481],[88.1395,26.0139],[88.1822,26.0267],[88.1683,26.0446],[88.182,26.0735],[88.1578,26.0797],[88.1771,26.1479],[88.242,26.1899],[88.275,26.188],[88.3508,26.2215],[88.3485,26.2822],[88.3841,26.314],[88.4149,26.3165],[88.4028,26.33],[88.4349,26.3357],[88.4564,26.3772],[88.4838,26.3495],[88.5221,26.3607],[88.4845,26.4611],[88.4185,26.4665],[88.4029,26.4869],[88.3728,26.4892],[88.3545,26.4484],[88.3315,26.4828],[88.3765,26.5953],[88.3988,26.6038],[88.3872,26.6123],[88.4098,26.6323],[88.4338,26.5422],[88.483,26.5392],[88.4887,26.509],[88.5204,26.5083],[88.5301,26.4783],[88.5563,26.4832],[88.5581,26.4573],[88.5904,26.4472],[88.5968,26.4697],[88.6207,26.4692],[88.622,26.4321],[88.6678,26.4042],[88.6853,26.4101],[88.6693,26.3946],[88.7012,26.3862],[88.6809,26.375],[88.6932,26.3719],[88.7004,26.3293],[88.7437,26.3466],[88.7323,26.3269],[88.7445,26.3204],[88.6728,26.3145],[88.6828,26.2909],[88.706,26.2852],[88.6834,26.278],[88.6685,26.2938],[88.6646,26.258],[88.7426,26.2878],[88.7463,26.3085],[88.7644,26.2992],[88.7934,26.3103],[88.8191,26.2946],[88.8129,26.2557],[88.8427,26.2308],[88.8783,26.2334],[88.8613,26.2727],[88.8982,26.2888],[88.9264,26.2842],[88.9568,26.2404],[88.9787,26.2445],[88.9535,26.265],[88.9825,26.2447],[89.051,26.2415],[89.0594,26.2935],[89.0459,26.2954],[89.0397,26.2768],[89.0197,26.29],[89.0211,26.3092],[89.0185,26.2899],[89.0074,26.3047],[88.9957,26.2904],[88.9827,26.3101],[89.0008,26.3306],[88.9854,26.3331],[88.99,26.3386],[88.9851,26.3502],[88.9612,26.3525],[88.9559,26.3304],[88.9534,26.3662],[88.9469,26.356],[88.9118,26.3664],[88.9183,26.4004],[88.91,26.401],[88.9049,26.4087],[88.9264,26.4069],[88.9262,26.4324],[88.9449,26.426],[88.9461,26.4482],[88.9657,26.4577],[88.9833,26.4469],[88.994,26.4131],[89.0059,26.4215],[89.034,26.3953],[89.0963,26.3907],[89.0798,26.363],[89.0983,26.3593],[89.1013,26.3368],[89.0835,26.3224],[89.1364,26.3203],[89.1169,26.3145],[89.1325,26.3002],[89.1208,26.287],[89.1047,26.316],[89.1,26.2798],[89.1409,26.236],[89.1496,26.2092],[89.1347,26.1806],[89.1573,26.1632],[89.1552,26.1387],[89.2296,26.124],[89.2656,26.0929],[89.2545,26.0645],[89.2802,26.0666],[89.2794,26.0489],[89.3239,26.0382],[89.3491,26.0104],[89.3935,26.008],[89.3909,26.0229],[89.4238,26.0469],[89.4314,26.0107],[89.4805,25.9962],[89.5409,26.0058],[89.5404,25.97],[89.5586,25.9647],[89.567,25.9798],[89.5699,25.967],[89.5862,25.9752],[89.5785,26.0263],[89.613,26.0529],[89.6048,26.0634],[89.6499,26.0635],[89.6295,26.1067],[89.6083,26.0881],[89.5936,26.1015],[89.6301,26.1177],[89.6254,26.128],[89.6197,26.1192],[89.6156,26.1212],[89.6119,26.1272],[89.6043,26.1168],[89.5963,26.1349],[89.5911,26.1575],[89.6194,26.1676],[89.6074,26.1793],[89.6324,26.1807],[89.6459,26.1642],[89.6586,26.1761],[89.6275,26.1838],[89.6301,26.1959],[89.6499,26.1902],[89.6342,26.2293],[89.6622,26.2191],[89.6856,26.2307],[89.6797,26.2136],[89.6913,26.2113],[89.6727,26.2007],[89.7022,26.1735],[89.6807,26.1654],[89.7013,26.1515],[89.7367,26.172],[89.7098,26.1719],[89.6986,26.1908],[89.7132,26.1872],[89.7117,26.2023],[89.734,26.21],[89.7256,26.2176],[89.7094,26.2115],[89.7005,26.2179],[89.7321,26.2367],[89.7023,26.2594],[89.7383,26.2698],[89.7177,26.2956],[89.7198,26.307],[89.7572,26.2888],[89.7505,26.3214],[89.7826,26.3327],[89.781,26.3528],[89.8204,26.373],[89.8111,26.3604],[89.8203,26.3527],[89.8249,26.3816],[89.8564,26.3843],[89.8462,26.4048],[89.828,26.3946],[89.8345,26.4139],[89.8563,26.413],[89.8478,26.4229],[89.869,26.4537],[89.8498,26.4909],[89.8576,26.576],[89.8742,26.584],[89.8695,26.614],[89.8498,26.6231],[89.8664,26.6456],[89.8491,26.6993],[89.7638,26.6988],[89.7435,26.7325],[89.715,26.7202],[89.6658,26.7368],[89.6498,26.7156],[89.6201,26.7157],[89.6087,26.7275],[89.6363,26.7506],[89.6399,26.7773],[89.5579,26.7975],[89.5477,26.8131],[89.4545,26.7979],[89.4287,26.8353],[89.3822,26.8364],[89.3697,26.8573],[89.256,26.8078],[89.1267,26.8073],[89.0939,26.8394],[89.0894,26.8893],[89.0441,26.9017],[89.0164,26.9375],[88.9754,26.9128],[88.9412,26.9309],[88.9483,26.967],[88.9173,26.9981],[88.8705,26.9446],[88.8679,27.1063],[88.7994,27.1389],[88.7244,27.1354],[88.6883,27.1751],[88.6552,27.1596],[88.5958,27.1893],[88.555,27.1841],[88.5256,27.1703],[88.5299,27.148],[88.4306,27.0794],[88.3244,27.1055],[88.302,27.1289],[88.2322,27.1185],[88.1817,27.1325],[88.1536,27.1098],[88.0962,27.1334],[88.065,27.2133],[88.0148,27.2117]]]]}}]}